Dates;FTSE_MIB_INDEX
9/1/2000;48322
9/4/2000;48564
9/5/2000;48322
9/6/2000;48357
9/7/2000;48635
9/8/2000;48059
9/11/2000;48256
9/12/2000;48071
9/13/2000;47551
9/14/2000;47793
9/15/2000;47258
9/18/2000;46722
9/19/2000;46641
9/20/2000;45699
9/21/2000;45143
9/22/2000;45572
9/25/2000;45921
9/26/2000;45621
9/27/2000;45780
9/28/2000;45594
9/29/2000;45419
10/2/2000;45941
10/3/2000;45958
10/4/2000;45663
10/5/2000;45699
10/6/2000;45031
10/9/2000;44333
10/10/2000;44608
10/11/2000;43657
10/12/2000;43452
10/13/2000;44291
10/16/2000;44367
10/17/2000;44150
10/18/2000;44030
10/19/2000;45114
10/20/2000;45394
10/23/2000;45719
10/24/2000;46297
10/25/2000;46151
10/26/2000;46077
10/27/2000;46805
10/30/2000;46953
10/31/2000;47459
11/1/2000;48047
11/2/2000;47876
11/3/2000;47937
11/6/2000;48220
11/7/2000;48335
11/8/2000;48056
11/9/2000;47988
11/10/2000;47263
11/13/2000;46539
11/14/2000;47854
11/15/2000;48437
11/16/2000;48012
11/17/2000;47817
11/20/2000;47071
11/21/2000;47366
11/22/2000;46402
11/23/2000;46880
11/24/2000;47654
11/27/2000;47624
11/28/2000;47219
11/29/2000;47563
11/30/2000;46290
12/1/2000;46426
12/4/2000;45155
12/5/2000;46102
12/6/2000;45707
12/7/2000;45358
12/8/2000;45548
12/11/2000;45794
12/12/2000;45731
12/13/2000;45272
12/14/2000;44467
12/15/2000;43603
12/18/2000;43391
12/19/2000;44291
12/20/2000;43222
12/21/2000;42942
12/22/2000;43347
12/25/2000;43347
12/26/2000;43347
12/27/2000;43967
12/28/2000;44213
12/29/2000;43662
1/1/2001;43662
1/2/2001;42759
1/3/2001;41746
1/4/2001;42676
1/5/2001;42795
1/8/2001;42651
1/9/2001;42627
1/10/2001;42747
1/11/2001;43403
1/12/2001;44037
1/15/2001;44047
1/16/2001;43576
1/17/2001;44735
1/18/2001;44630
1/19/2001;44418
1/22/2001;44499
1/23/2001;44201
1/24/2001;44779
1/25/2001;44818
1/26/2001;44635
1/29/2001;44484
1/30/2001;44784
1/31/2001;45067
2/1/2001;44579
2/2/2001;44101
2/5/2001;43715
2/6/2001;43740
2/7/2001;43139
2/8/2001;43183
2/9/2001;42549
2/12/2001;43198
2/13/2001;43057
2/14/2001;42449
2/15/2001;42776
2/16/2001;41856
2/19/2001;41919
2/20/2001;41270
2/21/2001;40938
2/22/2001;40563
2/23/2001;39884
2/26/2001;40287
2/27/2001;40089
2/28/2001;40036
3/1/2001;39338
3/2/2001;39030
3/5/2001;38994
3/6/2001;39787
3/7/2001;40014
3/8/2001;40019
3/9/2001;39277
3/12/2001;38174
3/13/2001;38179
3/14/2001;37808
3/15/2001;38103
3/16/2001;37439
3/19/2001;37466
3/20/2001;38003
3/21/2001;37576
3/22/2001;35919
3/23/2001;37000
3/26/2001;37952
3/27/2001;38930
3/28/2001;38381
3/29/2001;38952
3/30/2001;38996
4/2/2001;39069
4/3/2001;37940
4/4/2001;38376
4/5/2001;38986
4/6/2001;39064
4/9/2001;39460
4/10/2001;39889
4/11/2001;39718
4/12/2001;39926
4/13/2001;39926
4/16/2001;39926
4/17/2001;39987
4/18/2001;40824
4/19/2001;40614
4/20/2001;40292
4/23/2001;39574
4/24/2001;40060
4/25/2001;40133
4/26/2001;40036
4/27/2001;40470
4/30/2001;41121
5/1/2001;41121
5/2/2001;41124
5/3/2001;40104
5/4/2001;40228
5/7/2001;40377
5/8/2001;40160
5/9/2001;39682
5/10/2001;40136
5/11/2001;40162
5/14/2001;40294
5/15/2001;40050
5/16/2001;39958
5/17/2001;39899
5/18/2001;40043
5/21/2001;39765
5/22/2001;40355
5/23/2001;40150
5/24/2001;40531
5/25/2001;40119
5/28/2001;40287
5/29/2001;39855
5/30/2001;39101
5/31/2001;38996
6/1/2001;38747
6/4/2001;38552
6/5/2001;38986
6/6/2001;38547
6/7/2001;38867
6/8/2001;39184
6/11/2001;39096
6/12/2001;38425
6/13/2001;38554
6/14/2001;37852
6/15/2001;37469
6/18/2001;36900
6/19/2001;37061
6/20/2001;36683
6/21/2001;36402
6/22/2001;36629
6/25/2001;36993
6/26/2001;36568
6/27/2001;36700
6/28/2001;37159
6/29/2001;37315
7/2/2001;38130
7/3/2001;37842
7/4/2001;37703
7/5/2001;37625
7/6/2001;36802
7/9/2001;36846
7/10/2001;36629
7/11/2001;36180
7/12/2001;36205
7/13/2001;36336
7/16/2001;36253
7/17/2001;35641
7/18/2001;35153
7/19/2001;35646
7/20/2001;35475
7/23/2001;35707
7/24/2001;35616
7/25/2001;35355
7/26/2001;35575
7/27/2001;36070
7/30/2001;36400
7/31/2001;36507
8/1/2001;36744
8/2/2001;36527
8/3/2001;36458
8/6/2001;36788
8/7/2001;36861
8/8/2001;36593
8/9/2001;36275
8/10/2001;35738
8/13/2001;35904
8/14/2001;36202
8/15/2001;36202
8/16/2001;35800
8/17/2001;35092
8/20/2001;35050
8/21/2001;35109
8/22/2001;35243
8/23/2001;35377
8/24/2001;35990
8/27/2001;35875
8/28/2001;35538
8/29/2001;35643
8/30/2001;34906
8/31/2001;34643
9/3/2001;34304
9/4/2001;34287
9/5/2001;33176
9/6/2001;32047
9/7/2001;31805
9/10/2001;31512
9/11/2001;29128
9/12/2001;29253
9/13/2001;29643
9/14/2001;27681
9/17/2001;27698
9/18/2001;27135
9/19/2001;26515
9/20/2001;25146
9/21/2001;23896
9/24/2001;25790
9/25/2001;26542
9/26/2001;27091
9/27/2001;27645
9/28/2001;29001
10/1/2001;28250
10/2/2001;28596
10/3/2001;28904
10/4/2001;29828
10/5/2001;29070
10/8/2001;29570
10/9/2001;29265
10/10/2001;30270
10/11/2001;30939
10/12/2001;30341
10/15/2001;29763
10/16/2001;30282
10/17/2001;30939
10/18/2001;30646
10/19/2001;29987
10/22/2001;30729
10/23/2001;31676
10/24/2001;31678
10/25/2001;30900
10/26/2001;31790
10/29/2001;31295
10/30/2001;30063
10/31/2001;30595
11/1/2001;30658
11/2/2001;30543
11/5/2001;31224
11/6/2001;30765
11/7/2001;31107
11/8/2001;31759
11/9/2001;31471
11/12/2001;30580
11/13/2001;31556
11/14/2001;31527
11/15/2001;31766
11/16/2001;32220
11/19/2001;33030
11/20/2001;32442
11/21/2001;32410
11/22/2001;32640
11/23/2001;32737
11/26/2001;32486
11/27/2001;31883
11/28/2001;31788
11/29/2001;31912
11/30/2001;31885
12/3/2001;31593
12/4/2001;32003
12/5/2001;33225
12/6/2001;33364
12/7/2001;33171
12/10/2001;32364
12/11/2001;32408
12/12/2001;31939
12/13/2001;31144
12/14/2001;30997
12/17/2001;32003
12/18/2001;31759
12/19/2001;31437
12/20/2001;31002
12/21/2001;31729
12/24/2001;31729
12/25/2001;31729
12/26/2001;31729
12/27/2001;32271
12/28/2001;32317
12/31/2001;32317
1/1/2002;32317
1/2/2002;32044
1/3/2002;32764
1/4/2002;32625
1/7/2002;32330
1/8/2002;32493
1/9/2002;32661
1/10/2002;31966
1/11/2002;32176
1/14/2002;31351
1/15/2002;31795
1/16/2002;31307
1/17/2002;31693
1/18/2002;31798
1/21/2002;31402
1/22/2002;31639
1/23/2002;31734
1/24/2002;31993
1/25/2002;32142
1/28/2002;32476
1/29/2002;32266
1/30/2002;32049
1/31/2002;32171
2/1/2002;32117
2/4/2002;31593
2/5/2002;31036
2/6/2002;30524
2/7/2002;30707
2/8/2002;30812
2/11/2002;30753
2/12/2002;30517
2/13/2002;31007
2/14/2002;31344
2/15/2002;30968
2/18/2002;30817
2/19/2002;30153
2/20/2002;30033
2/21/2002;30351
2/22/2002;30119
2/25/2002;30524
2/26/2002;30707
2/27/2002;31754
2/28/2002;31820
3/1/2002;32069
3/4/2002;32886
3/5/2002;32766
3/6/2002;33047
3/7/2002;32949
3/8/2002;33289
3/11/2002;33049
3/12/2002;32752
3/13/2002;33001
3/14/2002;33174
3/15/2002;33301
3/18/2002;33176
3/19/2002;33530
3/20/2002;33240
3/21/2002;33320
3/22/2002;33442
3/25/2002;33067
3/26/2002;33279
3/27/2002;33118
3/28/2002;33679
3/29/2002;33679
4/1/2002;33679
4/2/2002;33520
4/3/2002;33616
4/4/2002;33215
4/5/2002;33225
4/8/2002;32483
4/9/2002;32666
4/10/2002;33062
4/11/2002;32527
4/12/2002;32683
4/15/2002;32769
4/16/2002;33706
4/17/2002;33594
4/18/2002;33406
4/19/2002;33557
4/22/2002;33220
4/23/2002;33213
4/24/2002;33215
4/25/2002;32730
4/26/2002;32578
4/29/2002;32544
4/30/2002;32474
5/1/2002;32474
5/2/2002;31881
5/3/2002;31534
5/6/2002;31566
5/7/2002;31332
5/8/2002;31961
5/9/2002;31544
5/10/2002;31129
5/13/2002;31588
5/14/2002;32122
5/15/2002;32130
5/16/2002;32110
5/17/2002;31942
5/20/2002;31280
5/21/2002;31312
5/22/2002;30992
5/23/2002;30909
5/24/2002;30768
5/27/2002;30856
5/28/2002;30836
5/29/2002;30726
5/30/2002;30251
5/31/2002;30143
6/3/2002;29736
6/4/2002;28989
6/5/2002;28994
6/6/2002;28789
6/7/2002;28525
6/10/2002;28782
6/11/2002;29516
6/12/2002;28957
6/13/2002;28384
6/14/2002;27854
6/17/2002;28872
6/18/2002;28894
6/19/2002;28594
6/20/2002;27879
6/21/2002;27791
6/24/2002;27039
6/25/2002;27442
6/26/2002;27117
6/27/2002;27244
6/28/2002;28091
7/1/2002;28250
7/2/2002;27405
7/3/2002;26827
7/4/2002;27034
7/5/2002;28186
7/8/2002;28091
7/9/2002;27984
7/10/2002;27371
7/11/2002;26532
7/12/2002;26307
7/15/2002;25170
7/16/2002;25256
7/17/2002;25763
7/18/2002;26195
7/19/2002;25114
7/22/2002;24072
7/23/2002;23752
7/24/2002;23496
7/25/2002;23833
7/26/2002;23918
7/29/2002;25073
7/30/2002;25126
7/31/2002;25295
8/1/2002;24511
8/2/2002;24338
8/5/2002;23823
8/6/2002;24763
8/7/2002;24494
8/8/2002;25224
8/9/2002;25592
8/12/2002;25136
8/13/2002;25429
8/14/2002;24626
8/15/2002;24626
8/16/2002;25524
8/19/2002;26388
8/20/2002;26168
8/21/2002;26400
8/22/2002;26768
8/23/2002;26434
8/26/2002;26310
8/27/2002;26947
8/28/2002;25980
8/29/2002;25378
8/30/2002;25553
9/2/2002;25151
9/3/2002;24221
9/4/2002;24502
9/5/2002;24265
9/6/2002;24904
9/9/2002;24362
9/10/2002;25099
9/11/2002;25551
9/12/2002;24680
9/13/2002;24262
9/16/2002;24238
9/17/2002;23994
9/18/2002;23260
9/19/2002;22852
9/20/2002;22510
9/23/2002;21410
9/24/2002;21386
9/25/2002;21693
9/26/2002;22405
9/27/2002;22274
9/30/2002;21278
10/1/2002;21459
10/2/2002;21915
10/3/2002;21810
10/4/2002;21144
10/7/2002;21059
10/8/2002;20602
10/9/2002;20424
10/10/2002;21105
10/11/2002;21861
10/14/2002;21608
10/15/2002;23037
10/16/2002;22708
10/17/2002;23264
10/18/2002;23140
10/21/2002;23384
10/22/2002;23181
10/23/2002;22720
10/24/2002;23286
10/25/2002;23140
10/28/2002;23360
10/29/2002;22530
10/30/2002;23311
10/31/2002;23557
11/1/2002;23267
11/4/2002;24341
11/5/2002;24494
11/6/2002;24219
11/7/2002;23504
11/8/2002;23277
11/11/2002;22937
11/12/2002;23343
11/13/2002;23260
11/14/2002;23948
11/15/2002;23914
11/18/2002;24304
11/19/2002;24299
11/20/2002;24406
11/21/2002;25156
11/22/2002;25221
11/25/2002;25317
11/26/2002;24877
11/27/2002;25707
11/28/2002;25927
11/29/2002;25919
12/2/2002;25892
12/3/2002;25153
12/4/2002;25182
12/5/2002;24655
12/6/2002;24543
12/9/2002;23896
12/10/2002;24240
12/11/2002;24455
12/12/2002;24133
12/13/2002;23794
12/16/2002;24448
12/17/2002;24255
12/18/2002;23699
12/19/2002;23460
12/20/2002;23884
12/23/2002;23904
12/24/2002;23904
12/25/2002;23904
12/26/2002;23904
12/27/2002;23352
12/30/2002;23508
12/31/2002;23508
1/1/2003;23508
1/2/2003;24450
1/3/2003;24541
1/6/2003;24804
1/7/2003;24487
1/8/2003;24199
1/9/2003;24521
1/10/2003;24414
1/13/2003;24485
1/14/2003;24531
1/15/2003;24282
1/16/2003;24338
1/17/2003;23521
1/20/2003;23194
1/21/2003;22845
1/22/2003;22496
1/23/2003;22425
1/24/2003;22181
1/27/2003;21764
1/28/2003;21752
1/29/2003;22000
1/30/2003;22425
1/31/2003;22532
2/3/2003;22754
2/4/2003;22079
2/5/2003;22506
2/6/2003;22215
2/7/2003;22235
2/10/2003;22061
2/11/2003;22723
2/12/2003;22486
2/13/2003;22452
2/14/2003;22806
2/17/2003;23125
2/18/2003;23457
2/19/2003;22937
2/20/2003;22859
2/21/2003;23264
2/24/2003;23325
2/25/2003;22735
2/26/2003;22647
2/27/2003;23150
2/28/2003;23279
3/3/2003;23086
3/4/2003;22711
3/5/2003;22440
3/6/2003;21830
3/7/2003;21488
3/10/2003;21019
3/11/2003;21022
3/12/2003;20324
3/13/2003;21132
3/14/2003;21920
3/17/2003;22452
3/18/2003;22208
3/19/2003;22542
3/20/2003;22237
3/21/2003;22930
3/24/2003;22205
3/25/2003;22589
3/26/2003;22574
3/27/2003;22196
3/28/2003;22301
3/31/2003;21605
4/1/2003;21803
4/2/2003;22476
4/3/2003;22728
4/4/2003;22767
4/7/2003;23364
4/8/2003;23360
4/9/2003;23245
4/10/2003;23045
4/11/2003;23177
4/14/2003;23255
4/15/2003;23479
4/16/2003;23289
4/17/2003;23569
4/18/2003;23569
4/21/2003;23569
4/22/2003;23711
4/23/2003;23953
4/24/2003;23787
4/25/2003;23355
4/28/2003;23914
4/29/2003;23884
4/30/2003;23887
5/1/2003;23887
5/2/2003;23918
5/5/2003;24106
5/6/2003;24411
5/7/2003;24343
5/8/2003;23984
5/9/2003;24023
5/12/2003;23987
5/13/2003;23955
5/14/2003;24023
5/15/2003;24287
5/16/2003;24316
5/19/2003;23491
5/20/2003;23516
5/21/2003;23323
5/22/2003;23730
5/23/2003;23843
5/26/2003;23843
5/27/2003;24184
5/28/2003;24572
5/29/2003;24729
5/30/2003;24946
6/2/2003;25197
6/3/2003;24909
6/4/2003;24982
6/5/2003;24897
6/6/2003;25149
6/9/2003;24863
6/10/2003;25031
6/11/2003;25234
6/12/2003;25348
6/13/2003;25159
6/16/2003;25531
6/17/2003;25634
6/18/2003;25853
6/19/2003;25583
6/20/2003;25753
6/23/2003;25083
6/24/2003;25223
6/25/2003;25333
6/26/2003;25142
6/27/2003;25124
6/30/2003;24676
7/1/2003;24198
7/2/2003;24404
7/3/2003;24311
7/4/2003;24416
7/7/2003;25019
7/8/2003;25061
7/9/2003;24884
7/10/2003;24716
7/11/2003;24961
7/14/2003;25220
7/15/2003;25192
7/16/2003;25098
7/17/2003;24957
7/18/2003;25060
7/21/2003;24809
7/22/2003;24884
7/23/2003;24804
7/24/2003;25052
7/25/2003;24827
7/28/2003;25080
7/29/2003;24819
7/30/2003;24880
7/31/2003;25132
8/1/2003;24918
8/4/2003;24758
8/5/2003;24841
8/6/2003;24581
8/7/2003;24599
8/8/2003;24766
8/11/2003;24951
8/12/2003;25098
8/13/2003;25133
8/14/2003;25447
8/15/2003;25447
8/18/2003;25630
8/19/2003;25651
8/20/2003;25493
8/21/2003;25481
8/22/2003;25592
8/25/2003;25344
8/26/2003;25152
8/27/2003;25307
8/28/2003;25411
8/29/2003;25247
9/1/2003;25473
9/2/2003;25529
9/3/2003;25853
9/4/2003;25828
9/5/2003;25800
9/8/2003;26121
9/9/2003;25843
9/10/2003;25579
9/11/2003;25605
9/12/2003;25509
9/15/2003;25511
9/16/2003;25756
9/17/2003;25796
9/18/2003;26105
9/19/2003;26092
9/22/2003;25465
9/23/2003;25413
9/24/2003;25443
9/25/2003;25232
9/26/2003;25030
9/29/2003;24994
9/30/2003;24615
10/1/2003;24956
10/2/2003;24921
10/3/2003;25422
10/6/2003;25251
10/7/2003;25197
10/8/2003;25218
10/9/2003;25563
10/10/2003;25429
10/13/2003;25703
10/14/2003;25692
10/15/2003;25990
10/16/2003;25955
10/17/2003;25825
10/20/2003;25831
10/21/2003;25889
10/22/2003;25507
10/23/2003;25269
10/24/2003;25287
10/27/2003;25452
10/28/2003;25632
10/29/2003;25752
10/30/2003;25923
10/31/2003;25973
11/3/2003;26337
11/4/2003;26360
11/5/2003;26216
11/6/2003;26355
11/7/2003;26670
11/10/2003;26586
11/11/2003;26361
11/12/2003;26498
11/13/2003;26672
11/14/2003;26782
11/17/2003;26357
11/18/2003;26505
11/19/2003;26447
11/20/2003;26368
11/21/2003;26367
11/24/2003;26869
11/25/2003;26927
11/26/2003;26939
11/27/2003;27089
11/28/2003;27156
12/1/2003;27478
12/2/2003;27453
12/3/2003;27650
12/4/2003;27807
12/5/2003;27620
12/8/2003;27488
12/9/2003;27489
12/10/2003;27282
12/11/2003;27501
12/12/2003;27368
12/15/2003;27537
12/16/2003;27459
12/17/2003;27486
12/18/2003;27632
12/19/2003;27378
12/22/2003;26884
12/23/2003;26856
12/24/2003;26856
12/25/2003;26856
12/26/2003;26856
12/29/2003;27020
12/30/2003;26887
12/31/2003;26887
1/1/2004;26887
1/2/2004;27384
1/5/2004;27530
1/6/2004;27652
1/7/2004;27187
1/8/2004;27503
1/9/2004;27441
1/12/2004;27471
1/13/2004;27393
1/14/2004;27631
1/15/2004;27742
1/16/2004;27861
1/19/2004;28133
1/20/2004;28040
1/21/2004;28137
1/22/2004;28095
1/23/2004;28130
1/26/2004;28114
1/27/2004;28240
1/28/2004;28308
1/29/2004;28033
1/30/2004;27774
2/2/2004;27840
2/3/2004;27655
2/4/2004;27677
2/5/2004;27525
2/6/2004;27587
2/9/2004;27897
2/10/2004;27906
2/11/2004;27902
2/12/2004;27880
2/13/2004;27579
2/16/2004;27672
2/17/2004;27849
2/18/2004;27836
2/19/2004;28013
2/20/2004;27807
2/23/2004;27932
2/24/2004;27750
2/25/2004;27806
2/26/2004;27881
2/27/2004;27957
3/1/2004;28188
3/2/2004;28290
3/3/2004;28209
3/4/2004;28323
3/5/2004;28359
3/8/2004;28443
3/9/2004;28341
3/10/2004;28350
3/11/2004;27695
3/12/2004;27548
3/15/2004;26881
3/16/2004;26952
3/17/2004;27209
3/18/2004;26837
3/19/2004;26858
3/22/2004;26470
3/23/2004;26472
3/24/2004;26479
3/25/2004;26834
3/26/2004;26869
3/29/2004;27250
3/30/2004;27181
3/31/2004;27148
4/1/2004;27400
4/2/2004;27877
4/5/2004;28072
4/6/2004;27997
4/7/2004;27888
4/8/2004;27985
4/9/2004;27985
4/12/2004;27985
4/13/2004;28430
4/14/2004;28232
4/15/2004;28200
4/16/2004;28350
4/19/2004;28262
4/20/2004;28437
4/21/2004;28257
4/22/2004;28416
4/23/2004;28489
4/26/2004;28550
4/27/2004;28542
4/28/2004;28294
4/29/2004;28111
4/30/2004;28020
5/3/2004;28232
5/4/2004;28158
5/5/2004;28318
5/6/2004;27734
5/7/2004;27687
5/10/2004;27069
5/11/2004;27405
5/12/2004;27111
5/13/2004;27395
5/14/2004;27289
5/17/2004;26959
5/18/2004;27080
5/19/2004;27526
5/20/2004;27435
5/21/2004;27373
5/24/2004;27101
5/25/2004;26989
5/26/2004;27267
5/27/2004;27378
5/28/2004;27344
5/31/2004;27355
6/1/2004;27231
6/2/2004;27329
6/3/2004;27315
6/4/2004;27532
6/7/2004;27781
6/8/2004;27841
6/9/2004;27783
6/10/2004;27955
6/11/2004;27933
6/14/2004;27729
6/15/2004;28053
6/16/2004;28162
6/17/2004;28242
6/18/2004;28297
6/21/2004;28054
6/22/2004;27892
6/23/2004;27996
6/24/2004;28149
6/25/2004;28194
6/28/2004;28310
6/29/2004;28234
6/30/2004;28092
7/1/2004;27940
7/2/2004;27909
7/5/2004;27941
7/6/2004;27795
7/7/2004;27751
7/8/2004;27844
7/9/2004;27929
7/12/2004;27728
7/13/2004;27772
7/14/2004;27645
7/15/2004;27434
7/16/2004;27436
7/19/2004;27329
7/20/2004;27381
7/21/2004;27499
7/22/2004;27136
7/23/2004;27128
7/26/2004;26886
7/27/2004;27078
7/28/2004;27061
7/29/2004;27397
7/30/2004;27538
8/2/2004;27429
8/3/2004;27507
8/4/2004;27250
8/5/2004;27126
8/6/2004;26652
8/9/2004;26419
8/10/2004;26581
8/11/2004;26310
8/12/2004;26249
8/13/2004;26198
8/16/2004;26450
8/17/2004;26447
8/18/2004;26482
8/19/2004;26508
8/20/2004;26421
8/23/2004;26718
8/24/2004;26730
8/25/2004;26805
8/26/2004;26923
8/27/2004;27084
8/30/2004;27009
8/31/2004;26913
9/1/2004;27171
9/2/2004;27377
9/3/2004;27666
9/6/2004;27659
9/7/2004;27627
9/8/2004;27610
9/9/2004;27466
9/10/2004;27590
9/13/2004;27835
9/14/2004;27767
9/15/2004;27717
9/16/2004;27745
9/17/2004;27934
9/20/2004;27904
9/21/2004;28093
9/22/2004;27984
9/23/2004;27918
9/24/2004;27983
9/27/2004;27824
9/28/2004;27959
9/29/2004;28019
9/30/2004;27794
10/1/2004;28324
10/4/2004;28515
10/5/2004;28621
10/6/2004;28579
10/7/2004;28659
10/8/2004;28588
10/11/2004;28579
10/12/2004;28388
10/13/2004;28457
10/14/2004;28366
10/15/2004;28338
10/18/2004;28281
10/19/2004;28487
10/20/2004;28320
10/21/2004;28460
10/22/2004;28520
10/25/2004;28193
10/26/2004;28233
10/27/2004;28562
10/28/2004;28754
10/29/2004;28681
11/1/2004;28971
11/2/2004;29061
11/3/2004;29115
11/4/2004;29214
11/5/2004;29330
11/8/2004;29442
11/9/2004;29377
11/10/2004;29393
11/11/2004;29690
11/12/2004;29724
11/15/2004;29642
11/16/2004;29418
11/17/2004;29831
11/18/2004;29862
11/19/2004;29718
11/22/2004;29631
11/23/2004;29589
11/24/2004;29673
11/25/2004;29841
11/26/2004;29771
11/29/2004;29680
11/30/2004;29615
12/1/2004;29917
12/2/2004;29969
12/3/2004;29908
12/6/2004;30003
12/7/2004;30173
12/8/2004;30272
12/9/2004;30071
12/10/2004;30253
12/13/2004;30343
12/14/2004;30408
12/15/2004;30356
12/16/2004;30399
12/17/2004;30273
12/20/2004;30468
12/21/2004;30548
12/22/2004;30771
12/23/2004;30867
12/24/2004;30867
12/27/2004;30824
12/28/2004;30904
12/29/2004;30888
12/30/2004;30903
12/31/2004;30903
1/3/2005;31005
1/4/2005;31094
1/5/2005;30976
1/6/2005;31073
1/7/2005;31128
1/10/2005;31134
1/11/2005;30740
1/12/2005;30645
1/13/2005;30863
1/14/2005;31056
1/17/2005;31126
1/18/2005;31094
1/19/2005;31221
1/20/2005;31132
1/21/2005;31190
1/24/2005;31042
1/25/2005;31221
1/26/2005;31164
1/27/2005;31129
1/28/2005;31008
1/31/2005;31334
2/1/2005;31515
2/2/2005;31563
2/3/2005;31537
2/4/2005;31896
2/7/2005;32039
2/8/2005;32176
2/9/2005;32101
2/10/2005;32134
2/11/2005;32328
2/14/2005;32307
2/15/2005;32371
2/16/2005;32142
2/17/2005;32161
2/18/2005;32008
2/21/2005;31675
2/22/2005;31507
2/23/2005;31400
2/24/2005;31403
2/25/2005;31744
2/28/2005;31850
3/1/2005;31949
3/2/2005;31933
3/3/2005;31902
3/4/2005;32160
3/7/2005;32236
3/8/2005;32048
3/9/2005;31963
3/10/2005;31702
3/11/2005;31680
3/14/2005;31717
3/15/2005;31966
3/16/2005;31577
3/17/2005;31639
3/18/2005;31868
3/21/2005;31929
3/22/2005;31965
3/23/2005;31905
3/24/2005;32115
3/25/2005;32115
3/28/2005;32115
3/29/2005;32181
3/30/2005;32206
3/31/2005;32302
4/1/2005;32481
4/4/2005;32355
4/5/2005;32385
4/6/2005;32508
4/7/2005;32856
4/8/2005;32812
4/11/2005;32852
4/12/2005;32669
4/13/2005;32698
4/14/2005;32587
4/15/2005;31816
4/18/2005;31052
4/19/2005;31087
4/20/2005;31025
4/21/2005;31161
4/22/2005;31325
4/25/2005;31364
4/26/2005;31322
4/27/2005;30946
4/28/2005;30841
4/29/2005;30911
5/2/2005;31150
5/3/2005;31224
5/4/2005;31266
5/5/2005;31435
5/6/2005;31412
5/9/2005;31345
5/10/2005;31036
5/11/2005;31116
5/12/2005;31337
5/13/2005;31373
5/16/2005;31333
5/17/2005;31060
5/18/2005;31567
5/19/2005;31635
5/20/2005;31676
5/23/2005;31583
5/24/2005;31532
5/25/2005;31564
5/26/2005;31765
5/27/2005;31703
5/30/2005;31878
5/31/2005;31739
6/1/2005;32111
6/2/2005;32139
6/3/2005;31958
6/6/2005;31859
6/7/2005;32153
6/8/2005;32192
6/9/2005;32278
6/10/2005;32378
6/13/2005;32603
6/14/2005;32663
6/15/2005;32622
6/16/2005;32732
6/17/2005;32758
6/20/2005;32281
6/21/2005;32419
6/22/2005;32385
6/23/2005;32390
6/24/2005;32057
6/27/2005;31734
6/28/2005;32038
6/29/2005;32185
6/30/2005;32343
7/1/2005;32532
7/4/2005;32650
7/5/2005;32553
7/6/2005;32731
7/7/2005;32185
7/8/2005;32769
7/11/2005;32985
7/12/2005;32843
7/13/2005;33124
7/14/2005;33316
7/15/2005;33164
7/18/2005;33228
7/19/2005;33601
7/20/2005;33465
7/21/2005;33474
7/22/2005;33540
7/25/2005;33614
7/26/2005;33630
7/27/2005;33658
7/28/2005;33774
7/29/2005;33693
8/1/2005;33617
8/2/2005;33931
8/3/2005;33896
8/4/2005;33501
8/5/2005;33335
8/8/2005;33547
8/9/2005;33753
8/10/2005;34027
8/11/2005;33922
8/12/2005;33783
8/15/2005;33783
8/16/2005;33600
8/17/2005;33495
8/18/2005;33234
8/19/2005;33724
8/22/2005;33733
8/23/2005;33428
8/24/2005;33647
8/25/2005;33396
8/26/2005;33073
8/29/2005;33207
8/30/2005;33144
8/31/2005;33520
9/1/2005;33684
9/2/2005;33667
9/5/2005;33805
9/6/2005;33987
9/7/2005;34092
9/8/2005;34166
9/9/2005;34233
9/12/2005;34288
9/13/2005;34074
9/14/2005;34320
9/15/2005;34286
9/16/2005;34538
9/19/2005;34527
9/20/2005;34555
9/21/2005;34419
9/22/2005;34179
9/23/2005;34238
9/26/2005;34692
9/27/2005;34600
9/28/2005;34871
9/29/2005;34773
9/30/2005;34775
10/3/2005;34874
10/4/2005;34654
10/5/2005;34136
10/6/2005;33867
10/7/2005;33620
10/10/2005;33635
10/11/2005;33602
10/12/2005;33403
10/13/2005;33066
10/14/2005;33214
10/17/2005;33219
10/18/2005;32859
10/19/2005;32279
10/20/2005;32336
10/21/2005;32454
10/24/2005;32778
10/25/2005;32664
10/26/2005;32827
10/27/2005;32114
10/28/2005;32183
10/31/2005;32782
11/1/2005;32742
11/2/2005;32937
11/3/2005;33366
11/4/2005;33337
11/7/2005;33454
11/8/2005;33334
11/9/2005;33429
11/10/2005;33352
11/11/2005;33740
11/14/2005;33690
11/15/2005;33739
11/16/2005;33684
11/17/2005;33888
11/18/2005;34030
11/21/2005;34150
11/22/2005;34203
11/23/2005;34411
11/24/2005;34360
11/25/2005;34436
11/28/2005;34256
11/29/2005;34307
11/30/2005;34090
12/1/2005;34585
12/2/2005;34745
12/5/2005;34650
12/6/2005;34806
12/7/2005;34790
12/8/2005;34868
12/9/2005;34811
12/12/2005;34886
12/13/2005;34972
12/14/2005;35002
12/15/2005;35021
12/16/2005;35286
12/19/2005;35347
12/20/2005;35538
12/21/2005;35803
12/22/2005;35836
12/23/2005;35740
12/26/2005;35740
12/27/2005;35845
12/28/2005;35866
12/29/2005;35957
12/30/2005;35704
1/2/2006;35962
1/3/2006;36093
1/4/2006;36336
1/5/2006;36085
1/6/2006;36365
1/9/2006;36227
1/10/2006;36147
1/11/2006;36548
1/12/2006;36661
1/13/2006;36265
1/16/2006;36626
1/17/2006;36352
1/18/2006;36024
1/19/2006;36086
1/20/2006;35681
1/23/2006;35787
1/24/2006;35652
1/25/2006;35929
1/26/2006;36487
1/27/2006;36701
1/30/2006;36666
1/31/2006;36654
2/1/2006;36967
2/2/2006;36472
2/3/2006;36408
2/6/2006;36862
2/7/2006;36711
2/8/2006;36650
2/9/2006;37071
2/10/2006;36718
2/13/2006;36964
2/14/2006;36866
2/15/2006;36933
2/16/2006;37234
2/17/2006;37401
2/20/2006;37594
2/21/2006;37688
2/22/2006;38076
2/23/2006;37972
2/24/2006;38121
2/27/2006;38322
2/28/2006;37650
3/1/2006;37809
3/2/2006;37330
3/3/2006;37390
3/6/2006;37721
3/7/2006;37515
3/8/2006;37358
3/9/2006;37657
3/10/2006;37927
3/13/2006;38195
3/14/2006;38343
3/15/2006;38491
3/16/2006;38534
3/17/2006;38364
3/20/2006;38489
3/21/2006;38602
3/22/2006;38519
3/23/2006;38242
3/24/2006;38178
3/27/2006;37711
3/28/2006;37445
3/29/2006;37700
3/30/2006;38206
3/31/2006;37928
4/3/2006;38280
4/4/2006;38039
4/5/2006;38440
4/6/2006;38405
4/7/2006;37989
4/10/2006;38496
4/11/2006;37657
4/12/2006;37740
4/13/2006;37677
4/14/2006;37677
4/17/2006;37677
4/18/2006;37511
4/19/2006;38047
4/20/2006;38350
4/21/2006;38495
4/24/2006;38037
4/25/2006;38078
4/26/2006;38341
4/27/2006;38131
4/28/2006;37773
5/1/2006;37773
5/2/2006;38173
5/3/2006;37910
5/4/2006;38136
5/5/2006;38399
5/8/2006;38552
5/9/2006;38765
5/10/2006;38642
5/11/2006;38523
5/12/2006;37939
5/15/2006;37472
5/16/2006;37540
5/17/2006;36471
5/18/2006;36436
5/19/2006;36643
5/22/2006;35264
5/23/2006;35906
5/24/2006;35672
5/25/2006;36191
5/26/2006;36617
5/29/2006;36592
5/30/2006;35796
5/31/2006;36450
6/1/2006;36593
6/2/2006;36529
6/5/2006;36462
6/6/2006;35788
6/7/2006;36121
6/8/2006;35306
6/9/2006;35826
6/12/2006;35423
6/13/2006;34928
6/14/2006;34850
6/15/2006;35521
6/16/2006;35228
6/19/2006;35152
6/20/2006;35356
6/21/2006;35500
6/22/2006;35615
6/23/2006;35737
6/26/2006;35588
6/27/2006;35393
6/28/2006;35515
6/29/2006;36042
6/30/2006;36444
7/3/2006;36666
7/4/2006;36738
7/5/2006;36207
7/6/2006;36534
7/7/2006;36434
7/10/2006;36588
7/11/2006;36210
7/12/2006;36298
7/13/2006;35774
7/14/2006;35445
7/17/2006;35286
7/18/2006;35183
7/19/2006;35980
7/20/2006;35887
7/21/2006;35592
7/24/2006;36154
7/25/2006;36035
7/26/2006;36206
7/27/2006;36499
7/28/2006;36720
7/31/2006;36606
8/1/2006;36292
8/2/2006;36738
8/3/2006;36474
8/4/2006;36896
8/7/2006;36508
8/8/2006;36633
8/9/2006;36851
8/10/2006;36651
8/11/2006;36644
8/14/2006;36880
8/15/2006;36880
8/16/2006;37335
8/17/2006;37501
8/18/2006;37549
8/21/2006;37439
8/22/2006;37581
8/23/2006;37283
8/24/2006;37671
8/25/2006;37718
8/28/2006;37807
8/29/2006;37800
8/30/2006;37993
8/31/2006;37938
9/1/2006;38159
9/4/2006;38218
9/5/2006;38135
9/6/2006;37829
9/7/2006;37622
9/8/2006;37815
9/11/2006;37684
9/12/2006;37920
9/13/2006;37981
9/14/2006;37929
9/15/2006;37892
9/18/2006;37927
9/19/2006;37679
9/20/2006;38088
9/21/2006;38243
9/22/2006;37855
9/25/2006;37880
9/26/2006;38216
9/27/2006;38329
9/28/2006;38428
9/29/2006;38475
10/2/2006;38444
10/3/2006;38399
10/4/2006;38707
10/5/2006;38958
10/6/2006;38955
10/9/2006;39082
10/10/2006;39323
10/11/2006;39489
10/12/2006;39604
10/13/2006;39580
10/16/2006;39650
10/17/2006;39139
10/18/2006;39479
10/19/2006;39439
10/20/2006;39469
10/23/2006;39381
10/24/2006;39298
10/25/2006;39407
10/26/2006;39302
10/27/2006;39333
10/30/2006;39382
10/31/2006;39558
11/1/2006;39753
11/2/2006;39582
11/3/2006;39811
11/6/2006;40209
11/7/2006;40331
11/8/2006;40408
11/9/2006;40300
11/10/2006;40480
11/13/2006;40590
11/14/2006;40503
11/15/2006;40813
11/16/2006;40817
11/17/2006;40649
11/20/2006;40721
11/21/2006;40765
11/22/2006;40861
11/23/2006;40862
11/24/2006;40614
11/27/2006;40022
11/28/2006;40100
11/29/2006;40538
11/30/2006;40270
12/1/2006;39949
12/4/2006;40155
12/5/2006;40408
12/6/2006;40482
12/7/2006;40675
12/8/2006;40660
12/11/2006;40894
12/12/2006;40865
12/13/2006;41103
12/14/2006;41102
12/15/2006;41419
12/18/2006;41350
12/19/2006;41224
12/20/2006;41315
12/21/2006;41272
12/22/2006;40841
12/25/2006;40841
12/26/2006;40841
12/27/2006;41347
12/28/2006;41401
12/29/2006;41434
1/1/2007;41434
1/2/2007;42017
1/3/2007;42062
1/4/2007;41842
1/5/2007;41597
1/8/2007;41527
1/9/2007;41566
1/10/2007;41360
1/11/2007;41942
1/12/2007;42111
1/15/2007;42307
1/16/2007;42115
1/17/2007;41749
1/18/2007;41711
1/19/2007;42123
1/22/2007;42002
1/23/2007;42106
1/24/2007;42566
1/25/2007;42457
1/26/2007;42184
1/29/2007;42259
1/30/2007;42290
1/31/2007;42197
2/1/2007;42461
2/2/2007;42596
2/5/2007;42696
2/6/2007;42617
2/7/2007;42868
2/8/2007;42487
2/9/2007;42744
2/12/2007;42451
2/13/2007;42650
2/14/2007;42898
2/15/2007;42876
2/16/2007;42879
2/19/2007;42993
2/20/2007;42647
2/21/2007;42303
2/22/2007;42493
2/23/2007;42500
2/26/2007;42849
2/27/2007;41616
2/28/2007;41155
3/1/2007;40686
3/2/2007;40574
3/5/2007;40157
3/6/2007;40374
3/7/2007;40370
3/8/2007;40897
3/9/2007;40882
3/12/2007;40697
3/13/2007;40277
3/14/2007;39290
3/15/2007;39916
3/16/2007;39868
3/19/2007;40480
3/20/2007;40519
3/21/2007;40719
3/22/2007;41547
3/23/2007;41816
3/26/2007;41343
3/27/2007;41337
3/28/2007;41201
3/29/2007;41766
3/30/2007;41771
4/2/2007;41990
4/3/2007;42398
4/4/2007;42412
4/5/2007;42463
4/6/2007;42463
4/9/2007;42463
4/10/2007;42892
4/11/2007;42805
4/12/2007;42756
4/13/2007;43016
4/16/2007;43440
4/17/2007;43476
4/18/2007;43286
4/19/2007;42974
4/20/2007;43549
4/23/2007;43466
4/24/2007;43303
4/25/2007;43755
4/26/2007;43844
4/27/2007;43642
4/30/2007;43755
5/1/2007;43755
5/2/2007;43836
5/3/2007;43685
5/4/2007;43973
5/7/2007;43948
5/8/2007;43630
5/9/2007;43855
5/10/2007;43433
5/11/2007;43590
5/14/2007;43629
5/15/2007;44022
5/16/2007;43802
5/17/2007;43964
5/18/2007;44364
5/21/2007;43495
5/22/2007;43328
5/23/2007;43567
5/24/2007;42940
5/25/2007;43019
5/28/2007;43166
5/29/2007;42966
5/30/2007;42964
5/31/2007;43079
6/1/2007;43010
6/4/2007;42726
6/5/2007;42931
6/6/2007;42307
6/7/2007;41926
6/8/2007;41712
6/11/2007;41874
6/12/2007;41683
6/13/2007;41930
6/14/2007;42597
6/15/2007;43099
6/18/2007;42719
6/19/2007;42845
6/20/2007;42769
6/21/2007;42407
6/22/2007;42154
6/25/2007;42114
6/26/2007;41624
6/27/2007;41439
6/28/2007;41704
6/29/2007;41954
7/2/2007;41987
7/3/2007;42372
7/4/2007;42408
7/5/2007;42043
7/6/2007;42279
7/9/2007;42545
7/10/2007;42039
7/11/2007;41795
7/12/2007;42140
7/13/2007;42293
7/16/2007;42367
7/17/2007;42106
7/18/2007;41755
7/19/2007;42121
7/20/2007;41473
7/23/2007;41757
7/24/2007;40966
7/25/2007;40503
7/26/2007;39671
7/27/2007;39581
7/30/2007;39539
7/31/2007;40221
8/1/2007;39401
8/2/2007;39710
8/3/2007;39375
8/6/2007;39116
8/7/2007;39862
8/8/2007;40645
8/9/2007;40056
8/10/2007;38994
8/13/2007;39573
8/14/2007;39247
8/15/2007;39247
8/16/2007;37921
8/17/2007;38712
8/20/2007;38909
8/21/2007;38953
8/22/2007;39590
8/23/2007;39709
8/24/2007;39954
8/27/2007;39936
8/28/2007;39158
8/29/2007;39492
8/30/2007;39842
8/31/2007;40187
9/3/2007;40281
9/4/2007;40324
9/5/2007;39347
9/6/2007;39435
9/7/2007;38494
9/10/2007;38407
9/11/2007;38854
9/12/2007;39004
9/13/2007;39370
9/14/2007;39058
9/17/2007;38684
9/18/2007;39381
9/19/2007;40294
9/20/2007;39980
9/21/2007;39970
9/24/2007;40019
9/25/2007;39731
9/26/2007;40071
9/27/2007;40059
9/28/2007;39889
10/1/2007;40417
10/2/2007;40441
10/3/2007;40423
10/4/2007;40577
10/5/2007;40800
10/8/2007;40681
10/9/2007;41074
10/10/2007;40913
10/11/2007;41024
10/12/2007;41106
10/15/2007;40547
10/16/2007;40414
10/17/2007;40259
10/18/2007;39903
10/19/2007;39888
10/22/2007;39242
10/23/2007;39423
10/24/2007;39280
10/25/2007;39775
10/26/2007;40020
10/29/2007;40165
10/30/2007;40163
10/31/2007;40512
11/1/2007;39712
11/2/2007;39706
11/5/2007;39455
11/6/2007;39426
11/7/2007;39281
11/8/2007;38546
11/9/2007;37845
11/12/2007;38187
11/13/2007;38410
11/14/2007;38586
11/15/2007;38448
11/16/2007;38535
11/19/2007;37612
11/20/2007;37938
11/21/2007;37358
11/22/2007;37365
11/23/2007;38012
11/26/2007;37736
11/27/2007;37712
11/28/2007;38487
11/29/2007;38599
11/30/2007;38975
12/3/2007;38820
12/4/2007;38489
12/5/2007;39125
12/6/2007;39170
12/7/2007;39388
12/10/2007;39571
12/11/2007;39425
12/12/2007;39464
12/13/2007;38818
12/14/2007;38870
12/17/2007;38246
12/18/2007;38248
12/19/2007;37992
12/20/2007;37866
12/21/2007;38182
12/24/2007;38182
12/25/2007;38182
12/26/2007;38182
12/27/2007;38343
12/28/2007;38554
12/31/2007;38554
1/1/2008;38554
1/2/2008;38035
1/3/2008;38063
1/4/2008;37450
1/7/2008;37601
1/8/2008;37571
1/9/2008;37321
1/10/2008;37293
1/11/2008;37364
1/14/2008;37547
1/15/2008;36682
1/16/2008;36632
1/17/2008;36238
1/18/2008;35753
1/21/2008;33903
1/22/2008;34302
1/23/2008;32940
1/24/2008;34237
1/25/2008;34197
1/28/2008;34234
1/29/2008;34565
1/30/2008;34274
1/31/2008;34230
2/1/2008;34615
2/4/2008;34767
2/5/2008;33675
2/6/2008;33856
2/7/2008;33227
2/8/2008;33053
2/11/2008;32764
2/12/2008;33778
2/13/2008;34014
2/14/2008;34123
2/15/2008;33568
2/18/2008;33960
2/19/2008;34120
2/20/2008;33816
2/21/2008;33877
2/22/2008;33428
2/25/2008;33931
2/26/2008;34433
2/27/2008;34532
2/28/2008;34082
2/29/2008;33587
3/3/2008;33173
3/4/2008;32648
3/5/2008;33443
3/6/2008;32819
3/7/2008;32179
3/10/2008;31811
3/11/2008;32475
3/12/2008;32518
3/13/2008;31977
3/14/2008;31659
3/17/2008;30586
3/18/2008;31437
3/19/2008;30873
3/20/2008;30371
3/21/2008;30371
3/24/2008;30371
3/25/2008;31453
3/26/2008;31281
3/27/2008;31669
3/28/2008;31696
3/31/2008;31616
4/1/2008;32513
4/2/2008;33140
4/3/2008;33103
4/4/2008;33346
4/7/2008;33617
4/8/2008;33672
4/9/2008;33640
4/10/2008;33522
4/11/2008;33178
4/14/2008;32803
4/15/2008;32735
4/16/2008;33256
4/17/2008;33162
4/18/2008;33881
4/21/2008;33663
4/22/2008;33491
4/23/2008;33427
4/24/2008;33589
4/25/2008;34013
4/28/2008;33948
4/29/2008;33841
4/30/2008;33954
5/1/2008;33954
5/2/2008;34527
5/5/2008;34495
5/6/2008;34298
5/7/2008;34547
5/8/2008;34082
5/9/2008;33722
5/12/2008;33744
5/13/2008;33805
5/14/2008;34270
5/15/2008;34233
5/16/2008;34384
5/19/2008;33652
5/20/2008;33118
5/21/2008;33061
5/22/2008;33278
5/23/2008;32870
5/26/2008;32764
5/27/2008;32743
5/28/2008;32758
5/29/2008;32769
5/30/2008;33225
6/2/2008;32717
6/3/2008;32813
6/4/2008;32508
6/5/2008;32542
6/6/2008;31754
6/9/2008;31721
6/10/2008;31343
6/11/2008;30728
6/12/2008;30890
6/13/2008;30942
6/16/2008;30817
6/17/2008;30971
6/18/2008;30464
6/19/2008;30368
6/20/2008;29854
6/23/2008;29727
6/24/2008;29579
6/25/2008;30009
6/26/2008;29373
6/27/2008;29198
6/30/2008;29346
7/1/2008;28786
7/2/2008;28974
7/3/2008;29094
7/4/2008;28541
7/7/2008;28892
7/8/2008;28306
7/9/2008;28771
7/10/2008;28437
7/11/2008;27676
7/14/2008;27748
7/15/2008;27044
7/16/2008;27194
7/17/2008;27668
7/18/2008;28100
7/21/2008;28220
7/22/2008;28230
7/23/2008;28841
7/24/2008;28665
7/25/2008;28661
7/28/2008;28369
7/29/2008;28278
7/30/2008;28415
7/31/2008;28331
8/1/2008;28130
8/4/2008;27826
8/5/2008;28753
8/6/2008;29014
8/7/2008;29154
8/8/2008;29089
8/11/2008;29557
8/12/2008;29380
8/13/2008;28758
8/14/2008;28778
8/15/2008;28778
8/18/2008;28867
8/19/2008;28257
8/20/2008;28148
8/21/2008;27758
8/22/2008;28090
8/25/2008;27900
8/26/2008;27977
8/27/2008;27958
8/28/2008;28625
8/29/2008;28789
9/1/2008;28775
9/2/2008;29208
9/3/2008;29061
9/4/2008;28233
9/5/2008;27567
9/8/2008;28429
9/9/2008;28263
9/10/2008;28064
9/11/2008;27942
9/12/2008;28372
9/15/2008;27333
9/16/2008;26589
9/17/2008;25920
9/18/2008;25664
9/19/2008;27877
9/22/2008;27438
9/23/2008;27067
9/24/2008;26929
9/25/2008;27573
9/26/2008;27154
9/29/2008;25803
9/30/2008;25530
10/1/2008;25681
10/2/2008;25258
10/3/2008;25911
10/6/2008;23776
10/7/2008;23622
10/8/2008;22280
10/9/2008;21871
10/10/2008;20309
10/13/2008;22642
10/14/2008;23471
10/15/2008;22221
10/16/2008;20714
10/17/2008;21645
10/20/2008;22182
10/21/2008;21873
10/22/2008;21093
10/23/2008;21061
10/24/2008;19879
10/27/2008;19092
10/28/2008;18628
10/29/2008;20466
10/30/2008;20768
10/31/2008;21367
11/3/2008;21624
11/4/2008;23090
11/5/2008;22758
11/6/2008;21607
11/7/2008;21911
11/10/2008;22077
11/11/2008;20709
11/12/2008;20227
11/13/2008;20414
11/14/2008;20831
11/17/2008;20081
11/18/2008;20119
11/19/2008;19535
11/20/2008;19124
11/21/2008;18533
11/24/2008;19899
11/25/2008;19778
11/26/2008;19901
11/27/2008;20152
11/28/2008;19985
12/1/2008;18736
12/2/2008;19102
12/3/2008;19129
12/4/2008;18911
12/5/2008;17968
12/8/2008;19314
12/9/2008;19620
12/10/2008;19830
12/11/2008;19678
12/12/2008;19174
12/15/2008;19057
12/16/2008;19301
12/17/2008;19352
12/18/2008;19557
12/19/2008;19683
12/22/2008;19222
12/23/2008;19142
12/24/2008;19142
12/25/2008;19142
12/26/2008;19142
12/29/2008;19167
12/30/2008;19460
12/31/2008;19460
1/1/2009;19460
1/2/2009;19953
1/5/2009;20262
1/6/2009;20729
1/7/2009;20606
1/8/2009;20630
1/9/2009;20093
1/12/2009;19911
1/13/2009;19455
1/14/2009;18763
1/15/2009;18402
1/16/2009;18703
1/19/2009;18367
1/20/2009;18024
1/21/2009;17684
1/22/2009;17369
1/23/2009;17283
1/26/2009;17797
1/27/2009;17739
1/28/2009;18341
1/29/2009;18092
1/30/2009;17934
2/2/2009;17467
2/3/2009;17669
2/4/2009;18015
2/5/2009;18013
2/6/2009;18434
2/9/2009;18663
2/10/2009;18252
2/11/2009;18074
2/12/2009;17669
2/13/2009;17731
2/16/2009;17410
2/17/2009;16726
2/18/2009;16580
2/19/2009;16501
2/20/2009;15530
2/23/2009;15391
2/24/2009;15436
2/25/2009;15218
2/26/2009;15664
2/27/2009;15282
3/2/2009;14362
3/3/2009;14017
3/4/2009;14363
3/5/2009;13523
3/6/2009;12895
3/9/2009;12621
3/10/2009;13503
3/11/2009;13568
3/12/2009;13921
3/13/2009;13804
3/16/2009;14158
3/17/2009;14082
3/18/2009;14473
3/19/2009;14749
3/20/2009;14948
3/23/2009;15811
3/24/2009;15837
3/25/2009;16263
3/26/2009;16483
3/27/2009;16343
3/30/2009;15269
3/31/2009;15875
4/1/2009;16047
4/2/2009;16811
4/3/2009;16900
4/6/2009;16690
4/7/2009;16561,18
4/8/2009;16939,33
4/9/2009;17407,97
4/10/2009;17407,97
4/13/2009;17407,97
4/14/2009;17815,58
4/15/2009;17811,48
4/16/2009;18153,55
4/17/2009;18509,83
4/20/2009;17731,36
4/21/2009;17688,27
4/22/2009;18085,99
4/23/2009;18144,76
4/24/2009;18651,36
4/27/2009;18823,44
4/28/2009;18497,77
4/29/2009;18903,82
4/30/2009;19176,54
5/1/2009;19176,54
5/4/2009;19792,12
5/5/2009;19685,22
5/6/2009;20104,21
5/7/2009;19814,21
5/8/2009;20508,55
5/11/2009;20200,28
5/12/2009;20337,15
5/13/2009;19380,88
5/14/2009;19271,42
5/15/2009;19548,33
5/18/2009;19953,12
5/19/2009;20171,7
5/20/2009;20524,89
5/21/2009;19882,57
5/22/2009;20007,23
5/25/2009;19967,17
5/26/2009;20297,01
5/27/2009;20312,15
5/28/2009;20150,1
5/29/2009;19883,63
6/1/2009;20511,71
6/2/2009;20523,71
6/3/2009;20117,66
6/4/2009;20129,43
6/5/2009;20170,08
6/8/2009;19889,6
6/9/2009;20070,63
6/10/2009;20299,03
6/11/2009;20585,06
6/12/2009;20384,22
6/15/2009;19770,49
6/16/2009;19589,63
6/17/2009;19023,05
6/18/2009;19233,79
6/19/2009;19347,98
6/22/2009;18541,3
6/23/2009;18464,06
6/24/2009;19040,59
6/25/2009;18940,63
6/26/2009;18831,48
6/29/2009;19096,16
6/30/2009;19063,12
7/1/2009;19443,18
7/2/2009;18928,66
7/3/2009;18942,22
7/6/2009;18558,46
7/7/2009;18321,28
7/8/2009;17947,41
7/9/2009;18158,56
7/10/2009;17836,99
7/13/2009;18217,47
7/14/2009;18450,54
7/15/2009;19130
7/16/2009;19232,95
7/17/2009;19282,58
7/20/2009;19516,72
7/21/2009;19830,29
7/22/2009;19925,71
7/23/2009;20242,31
7/24/2009;20161,18
7/27/2009;20346,1
7/28/2009;20012,35
7/29/2009;20281,97
7/30/2009;20818,6
7/31/2009;20575,52
8/3/2009;20914,44
8/4/2009;20966,87
8/5/2009;20962,5
8/6/2009;21128,66
8/7/2009;21402,19
8/10/2009;21576,57
8/11/2009;21268,51
8/12/2009;21546,38
8/13/2009;21827,19
8/14/2009;21552,39
8/17/2009;20962,38
8/18/2009;21247,8
8/19/2009;21132,22
8/20/2009;21394,4
8/21/2009;21896,49
8/24/2009;22354,86
8/25/2009;22473,83
8/26/2009;22554,65
8/27/2009;22474,78
8/28/2009;22672,54
8/31/2009;22420,43
9/1/2009;21966,19
9/2/2009;21773,61
9/3/2009;21936,59
9/4/2009;22214,61
9/7/2009;22563,33
9/8/2009;22542,93
9/9/2009;22802,04
9/10/2009;22849,87
9/11/2009;23039,35
9/14/2009;23029,31
9/15/2009;23108,13
9/16/2009;23465,49
9/17/2009;23583,01
9/18/2009;23483,97
9/21/2009;23047,87
9/22/2009;23066,9
9/23/2009;23239,05
9/24/2009;22953,4
9/25/2009;23102,74
9/28/2009;23478,43
9/29/2009;23565,62
9/30/2009;23472,73
10/1/2009;23053,51
10/2/2009;22652,94
10/5/2009;22830,85
10/6/2009;23459,59
10/7/2009;23414,28
10/8/2009;23663,68
10/9/2009;23770,56
10/12/2009;24140,95
10/13/2009;23928,77
10/14/2009;24348,23
10/15/2009;24339,76
10/16/2009;24152,34
10/19/2009;24425,98
10/20/2009;24228,05
10/21/2009;24175,87
10/22/2009;23813,41
10/23/2009;23420,56
10/26/2009;23001,56
10/27/2009;22829,52
10/28/2009;22315,61
10/29/2009;22772,56
10/30/2009;22060,33
11/2/2009;22298,31
11/3/2009;21946,91
11/4/2009;22385,73
11/5/2009;22582,24
11/6/2009;22549,64
11/9/2009;23065,93
11/10/2009;23013,66
11/11/2009;23266,6
11/12/2009;23209,47
11/13/2009;23284,2
11/16/2009;23620,44
11/17/2009;23381,18
11/18/2009;23334,74
11/19/2009;22823,22
11/20/2009;22511,68
11/23/2009;22956,44
11/24/2009;22708,45
11/25/2009;22741,85
11/26/2009;21922,45
11/27/2009;22205,28
11/30/2009;21928,16
12/1/2009;22556,05
12/2/2009;22572,88
12/3/2009;22615,94
12/4/2009;22926,03
12/7/2009;22788,52
12/8/2009;22404,32
12/9/2009;22236,23
12/10/2009;22385,67
12/11/2009;22411,51
12/14/2009;22652,34
12/15/2009;22617,23
12/16/2009;22889,59
12/17/2009;22677,74
12/18/2009;22472,43
12/21/2009;22738,68
12/22/2009;22982,56
12/23/2009;23109,12
12/24/2009;23109,12
12/25/2009;23109,12
12/28/2009;23302,56
12/29/2009;23376,24
12/30/2009;23248,39
12/31/2009;23248,39
1/1/2010;23248,39
1/4/2010;23545,02
1/5/2010;23555,73
1/6/2010;23622,29
1/7/2010;23709,01
1/8/2010;23811,13
1/11/2010;23774,76
1/12/2010;23583,35
1/13/2010;23658,4
1/14/2010;23805,99
1/15/2010;23472,11
1/18/2010;23509,76
1/19/2010;23705,67
1/20/2010;23126,02
1/21/2010;22876,46
1/22/2010;22567,81
1/25/2010;22373,09
1/26/2010;22407,71
1/27/2010;21997,59
1/28/2010;21603,13
1/29/2010;21896,29
2/1/2010;22012
2/2/2010;22413,74
2/3/2010;22169,25
2/4/2010;21404,82
2/5/2010;20815,88
2/8/2010;20938,24
2/9/2010;20818,97
2/10/2010;21241,63
2/11/2010;21076,45
2/12/2010;21035,91
2/15/2010;21122,47
2/16/2010;21289,2
2/17/2010;21650,81
2/18/2010;21686,12
2/19/2010;21772,33
2/22/2010;21704,78
2/23/2010;21224,07
2/24/2010;21346,31
2/25/2010;20843,23
2/26/2010;21068,32
3/1/2010;21320,8
3/2/2010;21431,41
3/3/2010;21745,06
3/4/2010;21844,56
3/5/2010;22278,12
3/8/2010;22398,21
3/9/2010;22355,8
3/10/2010;22638,65
3/11/2010;22540,85
3/12/2010;22565,19
3/15/2010;22373,23
3/16/2010;22619,85
3/17/2010;22902,58
3/18/2010;22785,15
3/19/2010;22687,3
3/22/2010;22622,81
3/23/2010;22765,89
3/24/2010;22798,7
3/25/2010;23034,46
3/26/2010;23063,87
3/29/2010;23104,97
3/30/2010;23003,34
3/31/2010;22847,97
4/1/2010;23206,66
4/2/2010;23206,66
4/5/2010;23206,66
4/6/2010;23346,66
4/7/2010;23151,3
4/8/2010;22820,01
4/9/2010;23103,87
4/12/2010;23291,65
4/13/2010;23195,56
4/14/2010;23480,42
4/15/2010;23539,24
4/16/2010;23007,22
4/19/2010;22785,78
4/20/2010;23271,68
4/21/2010;23045,05
4/22/2010;22616,5
4/23/2010;22726
4/26/2010;22783,27
4/27/2010;22036,47
4/28/2010;21501,24
4/29/2010;21695,7
4/30/2010;21562,48
5/3/2010;21628,91
5/4/2010;20613,25
5/5/2010;20351,95
5/6/2010;19483,93
5/7/2010;18846,18
5/10/2010;20971,21
5/11/2010;20874,65
5/12/2010;21029,48
5/13/2010;20878,83
5/14/2010;19781,17
5/17/2010;19826,83
5/18/2010;20314,21
5/19/2010;19612,66
5/20/2010;19282,05
5/21/2010;19535,91
5/24/2010;19030,49
5/25/2010;18382,71
5/26/2010;18778,41
5/27/2010;19631,87
5/28/2010;19475,88
5/31/2010;19543,97
6/1/2010;19279,18
6/2/2010;19183,13
6/3/2010;19473,35
6/4/2010;18734,73
6/7/2010;18631,18
6/8/2010;18542,8
6/9/2010;18912,91
6/10/2010;19391,09
6/11/2010;19660,27
6/14/2010;20188,54
6/15/2010;20582,72
6/16/2010;20562,63
6/17/2010;20568,91
6/18/2010;20752,31
6/21/2010;20810,44
6/22/2010;20609,03
6/23/2010;20358,92
6/24/2010;19942,39
6/25/2010;19961,74
6/28/2010;20130,61
6/29/2010;19236,26
6/30/2010;19311,75
7/1/2010;18943,76
7/2/2010;19073,85
7/5/2010;18848,56
7/6/2010;19356,66
7/7/2010;20013,07
7/8/2010;20243,73
7/9/2010;20478,98
7/12/2010;20517,92
7/13/2010;20851,85
7/14/2010;20804,37
7/15/2010;20480,08
7/16/2010;20161,02
7/19/2010;20117,54
7/20/2010;19985,32
7/21/2010;20137,92
7/22/2010;20694,26
7/23/2010;20604,08
7/26/2010;20819,96
7/27/2010;21158,08
7/28/2010;21082,06
7/29/2010;21096,97
7/30/2010;21021,56
8/2/2010;21547,84
8/3/2010;21498,32
8/4/2010;21466,44
8/5/2010;21302,97
8/6/2010;21084,47
8/9/2010;21341,62
8/10/2010;21259,89
8/11/2010;20579,24
8/12/2010;20539,4
8/13/2010;20473,15
8/16/2010;20409,06
8/17/2010;20668,57
8/18/2010;20536,77
8/19/2010;20115,69
8/20/2010;19870,46
8/23/2010;20010,34
8/24/2010;19694,88
8/25/2010;19465,45
8/26/2010;19735,47
8/27/2010;19817,46
8/30/2010;19699,66
8/31/2010;19734,57
9/1/2010;20369,96
9/2/2010;20412,28
9/3/2010;20639,86
9/6/2010;20660,91
9/7/2010;20395,45
9/8/2010;20580,26
9/9/2010;20858,47
9/10/2010;20833,19
9/13/2010;21001,62
9/14/2010;21003,94
9/15/2010;20872,79
9/16/2010;20684,36
9/17/2010;20517,96
9/20/2010;20753,54
9/21/2010;20740,73
9/22/2010;20365,3
9/23/2010;20262,8
9/24/2010;20607,72
9/27/2010;20593,94
9/28/2010;20541,59
9/29/2010;20372,45
9/30/2010;20505,2
10/1/2010;20391,27
10/4/2010;20090,97
10/5/2010;20510,02
10/6/2010;20568,31
10/7/2010;20691,9
10/8/2010;20750,74
10/11/2010;20837,71
10/12/2010;20750,22
10/13/2010;21145,26
10/14/2010;21094,86
10/15/2010;21062,18
10/18/2010;21258,59
10/19/2010;21233,48
10/20/2010;21425,79
10/21/2010;21616,43
10/22/2010;21536,21
10/25/2010;21435,03
10/26/2010;21363,52
10/27/2010;21250,82
10/28/2010;21509,62
10/29/2010;21450,61
11/1/2010;21184,93
11/2/2010;21397,82
11/3/2010;21180,81
11/4/2010;21469,19
11/5/2010;21194,74
11/8/2010;21228,98
11/9/2010;21578,48
11/10/2010;21058,01
11/11/2010;20855,96
11/12/2010;20829,83
11/15/2010;20993,27
11/16/2010;20563,07
11/17/2010;20639,08
11/18/2010;20880,38
11/19/2010;20773,12
11/22/2010;20372,2
11/23/2010;19950,96
11/24/2010;19941,19
11/25/2010;19945,94
11/26/2010;19844,31
11/29/2010;19314,38
11/30/2010;19105,71
12/1/2010;19566,06
12/2/2010;20054,09
12/3/2010;20120,8
12/6/2010;19930,29
12/7/2010;20112,44
12/8/2010;20393,95
12/9/2010;20533,56
12/10/2010;20487,34
12/13/2010;20634,6
12/14/2010;20708,58
12/15/2010;20410,27
12/16/2010;20366,62
12/17/2010;20069,18
12/20/2010;20373,66
12/21/2010;20736,6
12/22/2010;20733,37
12/23/2010;20774,16
12/24/2010;20774,16
12/27/2010;20513,51
12/28/2010;20448,48
12/29/2010;20471,01
12/30/2010;20173,29
12/31/2010;20173,29
1/3/2011;20436,28
1/4/2011;20547,03
1/5/2011;20551,58
1/6/2011;20637,39
1/7/2011;20542,06
1/10/2011;20058,18
1/11/2011;20339,05
1/12/2011;21116,39
1/13/2011;21308,13
1/14/2011;21460,09
1/17/2011;21344,14
1/18/2011;21590,86
1/19/2011;21712,14
1/20/2011;21792,28
1/21/2011;22093,85
1/24/2011;22156,85
1/25/2011;21940,13
1/26/2011;22007
1/27/2011;22311,52
1/28/2011;22025,11
1/31/2011;22050,45
2/1/2011;22525,59
2/2/2011;22653,59
2/3/2011;22443,86
2/4/2011;22618,05
2/7/2011;22793,01
2/8/2011;22734,17
2/9/2011;22683,46
2/10/2011;22596,79
2/11/2011;22695,19
2/14/2011;22637,29
2/15/2011;22823,82
2/16/2011;23167,58
2/17/2011;23178,38
2/18/2011;23059,03
2/21/2011;22230,2
2/22/2011;21993,96
2/23/2011;21929,79
2/24/2011;21948,73
2/25/2011;22349,71
2/28/2011;22466,57
3/1/2011;22227,23
3/2/2011;22238,75
3/3/2011;22154,23
3/4/2011;22138,44
3/7/2011;22145,79
3/8/2011;22353,45
3/9/2011;22441,24
3/10/2011;22084,46
3/11/2011;21863,02
3/14/2011;21804,32
3/15/2011;21365,4
3/16/2011;20836,77
3/17/2011;21140,59
3/18/2011;21197,1
3/21/2011;21527,11
3/22/2011;21556,82
3/23/2011;21698,38
3/24/2011;22023,91
3/25/2011;21984,99
3/28/2011;22009,95
3/29/2011;21780,78
3/30/2011;22001,19
3/31/2011;21727,44
4/1/2011;21967,77
4/4/2011;22007,81
4/5/2011;22058,98
4/6/2011;22326,52
4/7/2011;22243,99
4/8/2011;22389,15
4/11/2011;22365,93
4/12/2011;22018,55
4/13/2011;22096,96
4/14/2011;21833,72
4/15/2011;21821,26
4/18/2011;21184,67
4/19/2011;21249,9
4/20/2011;21502,45
4/21/2011;21810,7
4/22/2011;21810,7
4/25/2011;21810,7
4/26/2011;21932,78
4/27/2011;22238,16
4/28/2011;22380,19
4/29/2011;22417,96
5/2/2011;22397,7
5/3/2011;22315,68
5/4/2011;21915,32
5/5/2011;21741,02
5/6/2011;21953,76
5/9/2011;21666,4
5/10/2011;21984,32
5/11/2011;22031,16
5/12/2011;21787,69
5/13/2011;21764,31
5/16/2011;21685,34
5/17/2011;21408,94
5/18/2011;21444,04
5/19/2011;21559,72
5/20/2011;21236,87
5/23/2011;20532,64
5/24/2011;20582,15
5/25/2011;20815,73
5/26/2011;20668,35
5/27/2011;20830,87
5/30/2011;20791,48
5/31/2011;21109,75
6/1/2011;20866,29
6/2/2011;20700,93
6/3/2011;20809,92
6/6/2011;20525,04
6/7/2011;20574,49
6/8/2011;20277,28
6/9/2011;20389,59
6/10/2011;20117,49
6/13/2011;20081,12
6/14/2011;20358,91
6/15/2011;19918,52
6/16/2011;19852,44
6/17/2011;20096,84
6/20/2011;19692,52
6/21/2011;20102,34
6/22/2011;20014,11
6/23/2011;19468,31
6/24/2011;19154,36
6/27/2011;19297,11
6/28/2011;19454,68
6/29/2011;19864,67
6/30/2011;20186,94
7/1/2011;20516,99
7/4/2011;20476,15
7/5/2011;20277,52
7/6/2011;19783,21
7/7/2011;19735,63
7/8/2011;19049,88
7/11/2011;18295,19
7/12/2011;18510,53
7/13/2011;18842,65
7/14/2011;18640,35
7/15/2011;18450,45
7/18/2011;17885,74
7/19/2011;18229,47
7/20/2011;18784,11
7/21/2011;19490,76
7/22/2011;19461,14
7/25/2011;18979,43
7/26/2011;19029,86
7/27/2011;18494,27
7/28/2011;18558,02
7/29/2011;18433,68
8/1/2011;17720,44
8/2/2011;17272,79
8/3/2011;17006,02
8/4/2011;16128,07
8/5/2011;16015,87
8/8/2011;15639,75
8/9/2011;15721,45
8/10/2011;14676,04
8/11/2011;15277,19
8/12/2011;15888,61
8/15/2011;15888,61
8/16/2011;15750,6
8/17/2011;15950,75
8/18/2011;14970,42
8/19/2011;14602,33
8/22/2011;14861,64
8/23/2011;14707,32
8/24/2011;14981,35
8/25/2011;14944,61
8/26/2011;14800,01
8/29/2011;15140,98
8/30/2011;15106,28
8/31/2011;15563,2
9/1/2011;15670,82
9/2/2011;15060,79
9/5/2011;14333,91
9/6/2011;14049,71
9/7/2011;14645,96
9/8/2011;14747,6
9/9/2011;14020,18
9/12/2011;13474,14
9/13/2011;13769,44
9/14/2011;14140,08
9/15/2011;14642,72
9/16/2011;14547,38
9/19/2011;14086,72
9/20/2011;14356,13
9/21/2011;14119,76
9/22/2011;13481,59
9/23/2011;13664,91
9/26/2011;14118,98
9/27/2011;14811,16
9/28/2011;14741,22
9/29/2011;15046,02
9/30/2011;14836,33
10/3/2011;14642,52
10/4/2011;14243,97
10/5/2011;14805,48
10/6/2011;15331,53
10/7/2011;15529
10/10/2011;16098,16
10/11/2011;16036,14
10/12/2011;16505,98
10/13/2011;15894,39
10/14/2011;16289,65
10/17/2011;15914,6
10/18/2011;15970,14
10/19/2011;16293,19
10/20/2011;15677,86
10/21/2011;16116,48
10/24/2011;16232,26
10/25/2011;16060,49
10/26/2011;16071,92
10/27/2011;16954,68
10/28/2011;16653,55
10/31/2011;16017,73
11/1/2011;14928,24
11/2/2011;15273,31
11/3/2011;15766,16
11/4/2011;15346,55
11/7/2011;15548,94
11/8/2011;15664,06
11/9/2011;15071,77
11/10/2011;15218,34
11/11/2011;15778,85
11/14/2011;15464,45
11/15/2011;15297,6
11/16/2011;15419,2
11/17/2011;15198,31
11/18/2011;15232,56
11/21/2011;14509,94
11/22/2011;14286,06
11/23/2011;13915,78
11/24/2011;13920,58
11/25/2011;13937,4
11/28/2011;14578,23
11/29/2011;14627,37
11/30/2011;15268,66
12/1/2011;15244,62
12/2/2011;15476,09
12/5/2011;15926,47
12/6/2011;15848,21
12/7/2011;15650,93
12/8/2011;14979,07
12/9/2011;15483,91
12/12/2011;14896,73
12/13/2011;14851,25
12/14/2011;14430,02
12/15/2011;14627,69
12/16/2011;14572,22
12/19/2011;14548,2
12/20/2011;14965,18
12/21/2011;14819,86
12/22/2011;15027,44
12/23/2011;15073,99
12/26/2011;15073,99
12/27/2011;14924,01
12/28/2011;14796,55
12/29/2011;14908,53
12/30/2011;15089,74
1/2/2012;15454,62
1/3/2012;15645,56
1/4/2012;15327,03
1/5/2012;14767,22
1/6/2012;14645,64
1/9/2012;14401,55
1/10/2012;14844,81
1/11/2012;14882,44
1/12/2012;15192,79
1/13/2012;15011,09
1/16/2012;15220,98
1/17/2012;15325,98
1/18/2012;15278
1/19/2012;15651,99
1/20/2012;15632,06
1/23/2012;15907,52
1/24/2012;15929,25
1/25/2012;15840,24
1/26/2012;16111,04
1/27/2012;15946,87
1/30/2012;15753,14
1/31/2012;15828,05
2/1/2012;16264,55
2/2/2012;16276,5
2/3/2012;16439,62
2/6/2012;16389,82
2/7/2012;16491,71
2/8/2012;16669,22
2/9/2012;16653,83
2/10/2012;16361,04
2/13/2012;16369,28
2/14/2012;16445,91
2/15/2012;16513,21
2/16/2012;16369,66
2/17/2012;16547,21
2/20/2012;16724,22
2/21/2012;16710,86
2/22/2012;16557,62
2/23/2012;16312,3
2/24/2012;16487,53
2/27/2012;16308,6
2/28/2012;16345,3
2/29/2012;16351,41
3/1/2012;16830,6
3/2/2012;16902,51
3/5/2012;16787,15
3/6/2012;16218,06
3/7/2012;16398,89
3/8/2012;16664,25
3/9/2012;16479,2
3/12/2012;16457,19
3/13/2012;16799,01
3/14/2012;16850,32
3/15/2012;16993,31
3/16/2012;17081,69
3/19/2012;17133,42
3/20/2012;16953,62
3/21/2012;16734,75
3/22/2012;16450,68
3/23/2012;16485,24
3/26/2012;16619,11
3/27/2012;16498,73
3/28/2012;16451,71
3/29/2012;15908,85
3/30/2012;15980,07
4/2/2012;15948,86
4/3/2012;15624,23
4/4/2012;15245,92
4/5/2012;15216,02
4/6/2012;15216,02
4/9/2012;15216,02
4/10/2012;14458,88
4/11/2012;14689,84
4/12/2012;14869,91
4/13/2012;14359,5
4/16/2012;14411,24
4/17/2012;14942,05
4/18/2012;14580,15
4/19/2012;14287,27
4/20/2012;14401,78
4/23/2012;13849,55
4/24/2012;14192,77
4/25/2012;14606,43
4/26/2012;14509,96
4/27/2012;14778,9
4/30/2012;14592,34
5/1/2012;14592,34
5/2/2012;14213,17
5/3/2012;14118,13
5/4/2012;13918,57
5/7/2012;14275,35
5/8/2012;13936,7
5/9/2012;13771,82
5/10/2012;14004,94
5/11/2012;14045,35
5/14/2012;13660,87
5/15/2012;13311,36
5/16/2012;13283,55
5/17/2012;13089,26
5/18/2012;13048,9
5/21/2012;13012,04
5/22/2012;13456,03
5/23/2012;12960,87
5/24/2012;13107,8
5/25/2012;13154,8
5/28/2012;13057,26
5/29/2012;13107,13
5/30/2012;12872,58
5/31/2012;12873,84
6/1/2012;12739,98
6/4/2012;12891,96
6/5/2012;12973,66
6/6/2012;13427,15
6/7/2012;13545,32
6/8/2012;13445,46
6/11/2012;13070,75
6/12/2012;12979,69
6/13/2012;12894,8
6/14/2012;13084,62
6/15/2012;13390,69
6/18/2012;13009,63
6/19/2012;13445,46
6/20/2012;13732,16
6/21/2012;13751,63
6/22/2012;13662,8
6/25/2012;13113,78
6/26/2012;12968,18
6/27/2012;13302,77
6/28/2012;13391,3
6/29/2012;14274,37
7/2/2012;14308,79
7/3/2012;14494,41
7/4/2012;14381,2
7/5/2012;14088,74
7/6/2012;13732,07
7/9/2012;13812,65
7/10/2012;13868,27
7/11/2012;13861,42
7/12/2012;13583,82
7/13/2012;13714,68
7/16/2012;13664,81
7/17/2012;13536,73
7/18/2012;13594,39
7/19/2012;13666,49
7/20/2012;13067,22
7/23/2012;12706,36
7/24/2012;12362,51
7/25/2012;12506,74
7/26/2012;13210,04
7/27/2012;13596,88
7/30/2012;13978,04
7/31/2012;13890,99
8/1/2012;13928,59
8/2/2012;13282,55
8/3/2012;14124,89
8/6/2012;14342,03
8/7/2012;14655,64
8/8/2012;14665,3
8/9/2012;14654,11
8/10/2012;14548,64
8/13/2012;14532,87
8/14/2012;14656,87
8/15/2012;14656,87
8/16/2012;14930,3
8/17/2012;15124,69
8/20/2012;14971,88
8/21/2012;15330,46
8/22/2012;15161,18
8/23/2012;14953,76
8/24/2012;14880,68
8/27/2012;15012,87
8/28/2012;14993,01
8/29/2012;14943,57
8/30/2012;14780,55
8/31/2012;15100,48
9/3/2012;15267,17
9/4/2012;15222,63
9/5/2012;15128,08
9/6/2012;15780,32
9/7/2012;16110,27
9/10/2012;16092,06
9/11/2012;16226,66
9/12/2012;16419,79
9/13/2012;16244,28
9/14/2012;16624,45
9/17/2012;16470,09
9/18/2012;16076,03
9/19/2012;16100,23
9/20/2012;15830,28
9/21/2012;15991,1
9/24/2012;15867,07
9/25/2012;15932,6
9/26/2012;15408,03
9/27/2012;15450,14
9/28/2012;15095,84
10/1/2012;15523,1
10/2/2012;15495,79
10/3/2012;15535,09
10/4/2012;15511,25
10/5/2012;15876,25
10/8/2012;15562
10/9/2012;15504,65
10/10/2012;15440,63
10/11/2012;15634,45
10/12/2012;15511,94
10/15/2012;15590,72
10/16/2012;15985,16
10/17/2012;16233,84
10/18/2012;16185,45
10/19/2012;15862,31
10/22/2012;15866,78
10/23/2012;15578,95
10/24/2012;15706,56
10/25/2012;15528,47
10/26/2012;15584,86
10/29/2012;15349,12
10/30/2012;15521,77
10/31/2012;15539,71
11/1/2012;15806,73
11/2/2012;15769,28
11/5/2012;15544,4
11/6/2012;15683,71
11/7/2012;15291,78
11/8/2012;15194,08
11/9/2012;15181
11/12/2012;15121,7
11/13/2012;15333,15
11/14/2012;15252,93
11/15/2012;15162,82
11/16/2012;14855,79
11/19/2012;15308,96
11/20/2012;15269,99
11/21/2012;15394,62
11/22/2012;15553,62
11/23/2012;15635,89
11/26/2012;15520,14
11/27/2012;15479,81
11/28/2012;15453,43
11/29/2012;15887,99
11/30/2012;15808,24
12/3/2012;15876,06
12/4/2012;16041,54
12/5/2012;15954,43
12/6/2012;15835,22
12/7/2012;15699,22
12/10/2012;15354,01
12/11/2012;15585,61
12/12/2012;15764,98
12/13/2012;15866,29
12/14/2012;15908,09
12/17/2012;16004,73
12/18/2012;16155,14
12/19/2012;16332,5
12/20/2012;16399,36
12/21/2012;16333,95
12/24/2012;16333,95
12/25/2012;16333,95
12/26/2012;16333,95
12/27/2012;16408,28
12/28/2012;16273,38
12/31/2012;16273,38
1/1/2013;16273,38
1/2/2013;16893,39
1/3/2013;16909,83
1/4/2013;16959,78
1/7/2013;16895,66
1/8/2013;16951,14
1/9/2013;17326,27
1/10/2013;17451,07
1/11/2013;17502,39
1/14/2013;17391,24
1/15/2013;17467,48
1/16/2013;17339,95
1/17/2013;17587,35
1/18/2013;17554,13
1/21/2013;17631,99
1/22/2013;17715,9
1/23/2013;17579
1/24/2013;17756,63
1/25/2013;17726,89
1/28/2013;17897,41
1/29/2013;17891,91
1/30/2013;17289,91
1/31/2013;17439,06
2/1/2013;17318,94
2/4/2013;16539
2/5/2013;16712,26
2/6/2013;16602,85
2/7/2013;16400,56
2/8/2013;16630,5
2/11/2013;16529,87
2/12/2013;16644,45
2/13/2013;16712,15
2/14/2013;16544,95
2/15/2013;16489,8
2/18/2013;16406,03
2/19/2013;16664,42
2/20/2013;16527,5
2/21/2013;16009,55
2/22/2013;16233,28
2/25/2013;16351,99
2/26/2013;15552,2
2/27/2013;15827,02
2/28/2013;15921,25
3/1/2013;15675,37
3/4/2013;15542,17
3/5/2013;15974,3
3/6/2013;15899,7
3/7/2013;15947,17
3/8/2013;16204,03
3/11/2013;16091,98
3/12/2013;16023,98
3/13/2013;15745,34
3/14/2013;16131,05
3/15/2013;16061,15
3/18/2013;15924,13
3/19/2013;15670,56
3/20/2013;16015,98
3/21/2013;15935,99
3/22/2013;16045,51
3/25/2013;15644,36
3/26/2013;15495,92
3/27/2013;15353,85
3/28/2013;15338,72
3/29/2013;15338,72
4/1/2013;15338,72
4/2/2013;15555,03
4/3/2013;15200,3
4/4/2013;15154,02
4/5/2013;15250,42
4/8/2013;15243,39
4/9/2013;15436,07
4/10/2013;15928,64
4/11/2013;16020,91
4/12/2013;15780,08
4/15/2013;15628,95
4/16/2013;15533,04
4/17/2013;15383,76
4/18/2013;15480,56
4/19/2013;15760,78
4/22/2013;16021,71
4/23/2013;16490,77
4/24/2013;16563,43
4/25/2013;16649,75
4/26/2013;16565,25
4/29/2013;16929,68
4/30/2013;16767,66
5/1/2013;16767,66
5/2/2013;16748,28
5/3/2013;16922,29
5/6/2013;16862,99
5/7/2013;17121,87
5/8/2013;17255,57
5/9/2013;17090,62
5/10/2013;17284,03
5/13/2013;17171,52
5/14/2013;17315,25
5/15/2013;17492,97
5/16/2013;17544,01
5/17/2013;17604,61
5/20/2013;17506,87
5/21/2013;17427,47
5/22/2013;17545,46
5/23/2013;17008,42
5/24/2013;16896,81
5/27/2013;17159,15
5/28/2013;17519,79
5/29/2013;17237,1
5/30/2013;17350,96
5/31/2013;17214,08
6/3/2013;17058,05
6/4/2013;17135,48
6/5/2013;16971,17
6/6/2013;16525,07
6/7/2013;16691,06
6/10/2013;16556,34
6/11/2013;16286,6
6/12/2013;16024,03
6/13/2013;16116,34
6/14/2013;16152,91
6/17/2013;16194,14
6/18/2013;16197,94
6/19/2013;16045,52
6/20/2013;15549,23
6/21/2013;15254,82
6/24/2013;15112,38
6/25/2013;15056,57
6/26/2013;15362,88
6/27/2013;15430,47
6/28/2013;15239,28
7/1/2013;15459,57
7/2/2013;15365,71
7/3/2013;15282,81
7/4/2013;15808,15
7/5/2013;15533,69
7/8/2013;15799,62
7/9/2013;15790,55
7/10/2013;15677,26
7/11/2013;15677,3
7/12/2013;15430,57
7/15/2013;15597,34
7/16/2013;15529,95
7/17/2013;15695,03
7/18/2013;16053,61
7/19/2013;16124,36
7/22/2013;16233,55
7/23/2013;16238,58
7/24/2013;16442,71
7/25/2013;16431,97
7/26/2013;16421,51
7/29/2013;16275,71
7/30/2013;16542,9
7/31/2013;16482,35
8/1/2013;16818,97
8/2/2013;16779,19
8/5/2013;16757,24
8/6/2013;16683,17
8/7/2013;16838,19
8/8/2013;17146,5
8/9/2013;17186,56
8/12/2013;17262,86
8/13/2013;17380,07
8/14/2013;17463,46
8/15/2013;17463,46
8/16/2013;17677,77
8/19/2013;17243,25
8/20/2013;16999,55
8/21/2013;16877,93
8/22/2013;17309,84
8/23/2013;17342,25
8/26/2013;16977,76
8/27/2013;16579,8
8/28/2013;16743,09
8/29/2013;16905,15
8/30/2013;16682,21
9/2/2013;16988,57
9/3/2013;16941,03
9/4/2013;16712,2
9/5/2013;16842,7
9/6/2013;17047
9/9/2013;17244,74
9/10/2013;17332,42
9/11/2013;17562,55
9/12/2013;17522,71
9/13/2013;17547,91
9/16/2013;17731,81
9/17/2013;17751,65
9/18/2013;17804,7
9/19/2013;18059,23
9/20/2013;17970,12
9/23/2013;17913,18
9/24/2013;18064,58
9/25/2013;18089,24
9/26/2013;17872,53
9/27/2013;17646,16
9/30/2013;17434,86
10/1/2013;17977,06
10/2/2013;18098,44
10/3/2013;18018,22
10/4/2013;18304,22
10/7/2013;18425,82
10/8/2013;18372,75
10/9/2013;18551,57
10/10/2013;18836,79
10/11/2013;18882,63
10/14/2013;18917,67
10/15/2013;18999,22
10/16/2013;19275,04
10/17/2013;19198,1
10/18/2013;19271,02
10/21/2013;19262,69
10/22/2013;19371,93
10/23/2013;18910,68
10/24/2013;19152,93
10/25/2013;18874,75
10/28/2013;18829,42
10/29/2013;19256,9
10/30/2013;19166,93
10/31/2013;19351,52
11/1/2013;19164,26
11/4/2013;19310,69
11/5/2013;19091,93
11/6/2013;19262,51
11/7/2013;18863,41
11/8/2013;18961,71
11/11/2013;19107,85
11/12/2013;19005,02
11/13/2013;18733,02
11/14/2013;18760,78
11/15/2013;18687,19
11/18/2013;19105,46
11/19/2013;18766,78
11/20/2013;18728,25
11/21/2013;18841,85
11/22/2013;18822,31
11/25/2013;18784,3
11/26/2013;18774,27
11/27/2013;18924,79
11/28/2013;19099,36
11/29/2013;19021,48
12/2/2013;18732,56
12/3/2013;18366,75
12/4/2013;18312,96
12/5/2013;17993,12
12/6/2013;18124,39
12/9/2013;18285,52
12/10/2013;18236,72
12/11/2013;17973,96
12/12/2013;17804,87
12/13/2013;17805,73
12/16/2013;18222,42
12/17/2013;17925,21
12/18/2013;18131,49
12/19/2013;18453,99
12/20/2013;18565,61
12/23/2013;18697,15
12/24/2013;18697,15
12/25/2013;18697,15
12/26/2013;18697,15
12/27/2013;18956,52
12/30/2013;18967,71
12/31/2013;18967,71
1/1/2014;18967,71
1/2/2014;18929,63
1/3/2014;19112,65
1/6/2014;19233,74
1/7/2014;19468,75
1/8/2014;19436,3
1/9/2014;19503
1/10/2014;19569
1/13/2014;19697,25
1/14/2014;19730,38
1/15/2014;20045,76
1/16/2014;19875,69
1/17/2014;19969,33
1/20/2014;19973,45
1/21/2014;19995,75
1/22/2014;19958,38
1/23/2014;19814,55
1/24/2014;19358,99
1/27/2014;19273,58
1/28/2014;19448,32
1/29/2014;19337,42
1/30/2014;19411,55
1/31/2014;19418,34
2/3/2014;18907,16
2/4/2014;19019,71
2/5/2014;19069,62
2/6/2014;19504,24
2/7/2014;19692,08
2/10/2014;19682,82
2/11/2014;19887,39
2/12/2014;20144,96
2/13/2014;20110,3
2/14/2014;20436,47
2/17/2014;20459,65
2/18/2014;20478,53
2/19/2014;20438,3
2/20/2014;20452,28
2/21/2014;20391,9
2/24/2014;20477,5
2/25/2014;20473,17
2/26/2014;20398,1
2/27/2014;20320,98
2/28/2014;20442,41
3/3/2014;19759,69
3/4/2014;20475,12
3/5/2014;20756,95
3/6/2014;20838,05
3/7/2014;20634,21
3/10/2014;20753,36
3/11/2014;20833,92
3/12/2014;20781,46
3/13/2014;20591,82
3/14/2014;20346,57
3/17/2014;20858,84
3/18/2014;21038,03
3/19/2014;20976,99
3/20/2014;21094,49
3/21/2014;20972,24
3/24/2014;20626,58
3/25/2014;20823,16
3/26/2014;21108,15
3/27/2014;21173,9
3/28/2014;21498,24
3/31/2014;21691,92
4/1/2014;21915,41
4/2/2014;21692,04
4/3/2014;21992,08
4/4/2014;22175,48
4/7/2014;21988,34
4/8/2014;21667,05
4/9/2014;21717,02
4/10/2014;21429,09
4/11/2014;21198,79
4/14/2014;21314,56
4/15/2014;20817,49
4/16/2014;21534,52
4/17/2014;21613,3
4/18/2014;21613,3
4/21/2014;21613,3
4/22/2014;21935,34
4/23/2014;21675,75
4/24/2014;21819,48
4/25/2014;21441,57
4/28/2014;21513,82
4/29/2014;21976,84
4/30/2014;21783,38
5/1/2014;21783,38
5/2/2014;21782
5/5/2014;21639,96
5/6/2014;21521,65
5/7/2014;21240,74
5/8/2014;21729,64
5/9/2014;21390,11
5/12/2014;21493,67
5/13/2014;21255,99
5/14/2014;21184,6
5/15/2014;20419,62
5/16/2014;20648,59
5/19/2014;20318,46
5/20/2014;20379,85
5/21/2014;20597,51
5/22/2014;20372,68
5/23/2014;20745,96
5/26/2014;21493,87
5/27/2014;21403,55
5/28/2014;21586,01
5/29/2014;21511,35
5/30/2014;21629,71
6/2/2014;21796,17
6/3/2014;21656,65
6/4/2014;21622,77
6/5/2014;21951,07
6/6/2014;22290,08
6/9/2014;22472,12
6/10/2014;22502,97
6/11/2014;22223,77
6/12/2014;22163,49
6/13/2014;22165,97
6/16/2014;21976,26
6/17/2014;21996,4
6/18/2014;22030,34
6/19/2014;22216,63
6/20/2014;21988,08
6/23/2014;21694,75
6/24/2014;21641,24
6/25/2014;21469,1
6/26/2014;21384,54
6/27/2014;21319,76
6/30/2014;21283,03
7/1/2014;21563,43
7/2/2014;21678,58
7/3/2014;21884,6
7/4/2014;21559,19
7/7/2014;21273,22
7/8/2014;20700,53
7/9/2014;20885,36
7/10/2014;20488,75
7/11/2014;20614,86
7/14/2014;20697,54
7/15/2014;20422,95
7/16/2014;21069,97
7/17/2014;20603,29
7/18/2014;20737,12
7/21/2014;20431,2
7/22/2014;20873,5
7/23/2014;20831,26
7/24/2014;21255,6
7/25/2014;21063,31
7/28/2014;20939,08
7/29/2014;21085,12
7/30/2014;20887,53
7/31/2014;20570,8
8/1/2014;20362,41
8/4/2014;20381,39
8/5/2014;20052,2
8/6/2014;19509,84
8/7/2014;19130,65
8/8/2014;19193,48
8/11/2014;19460,67
8/12/2014;19416,26
8/13/2014;19537,26
8/14/2014;19480,96
8/15/2014;19480,96
8/18/2014;19639,9
8/19/2014;19644,37
8/20/2014;19605,97
8/21/2014;20010,51
8/22/2014;19917,98
8/25/2014;20375,39
8/26/2014;20645,54
8/27/2014;20763,14
8/28/2014;20341,09
8/29/2014;20450,49
9/1/2014;20345,85
9/2/2014;20446,28
9/3/2014;20831,96
9/4/2014;21419,39
9/5/2014;21395,13
9/8/2014;21294,34
9/9/2014;21149,8
9/10/2014;21140,64
9/11/2014;21092,24
9/12/2014;21071,12
9/15/2014;20851,72
9/16/2014;20788,5
9/17/2014;21111,66
9/18/2014;21128,72
9/19/2014;20972,35
9/22/2014;20673
9/23/2014;20351,03
9/24/2014;20691,04
9/25/2014;20411,49
9/26/2014;20795,37
9/29/2014;20526,11
9/30/2014;20892,11
10/1/2014;20706,31
10/2/2014;19894,88
10/3/2014;20200,62
10/6/2014;20119,73
10/7/2014;19771,71
10/8/2014;19645,49
10/9/2014;19382,49
10/10/2014;19200,97
10/13/2014;19139,08
10/14/2014;19155,85
10/15/2014;18304,99
10/16/2014;18083,11
10/17/2014;18700,98
10/20/2014;18540,1
10/21/2014;19057,72
10/22/2014;19266,25
10/23/2014;19434,98
10/24/2014;19495,68
10/27/2014;19028,67
10/28/2014;19476,62
10/29/2014;19157,41
10/30/2014;19194,61
10/31/2014;19783,99
11/3/2014;19369,03
11/4/2014;18934,63
11/5/2014;19427,85
11/6/2014;19285,76
11/7/2014;19095,32
11/10/2014;19258,54
11/11/2014;19255,47
11/12/2014;18702,24
11/13/2014;18782,55
11/14/2014;18965,41
11/17/2014;19216,74
11/18/2014;19352,95
11/19/2014;19379,92
11/20/2014;19209,22
11/21/2014;19954,51
11/24/2014;19925,82
11/25/2014;20009,83
11/26/2014;19938,42
11/27/2014;20100,53
11/28/2014;20014,82
12/1/2014;19686,45
12/2/2014;19780,58
12/3/2014;19978,32
12/4/2014;19424,38
12/5/2014;20087,23
12/8/2014;19951,15
12/9/2014;19390
12/10/2014;19217,69
12/11/2014;19201,07
12/12/2014;18600,83
12/15/2014;18078,97
12/16/2014;18670,05
12/17/2014;18569,03
12/18/2014;19060,99
12/19/2014;18983,83
12/22/2014;19074,04
12/23/2014;19352,13
12/24/2014;19352,13
12/25/2014;19352,13
12/26/2014;19352,13
12/29/2014;19130,02
12/30/2014;19011,96
12/31/2014;19011,96
1/1/2015;19011,96
1/2/2015;19130,26
1/5/2015;18188,44
1/6/2015;18143,26
1/7/2015;18123,45
1/8/2015;18791,83
1/9/2015;18177,09
1/12/2015;18349,15
1/13/2015;18708,93
1/14/2015;18410,68
1/15/2015;18844,52
1/16/2015;19254,54
1/19/2015;19480,53
1/20/2015;19658,66
1/21/2015;19981,41
1/22/2015;20469,74
1/23/2015;20519,75
1/26/2015;20756,72
1/27/2015;20645,82
1/28/2015;20478,44
1/29/2015;20593,72
1/30/2015;20503,38
2/2/2015;20485,69
2/3/2015;21011,55
2/4/2015;20941,73
2/5/2015;20819,05
2/6/2015;20760,74
2/9/2015;20366,64
2/10/2015;20725,63
2/11/2015;20565,76
2/12/2015;21002,91
2/13/2015;21204,07
2/16/2015;21165,84
2/17/2015;21266,25
2/18/2015;21659,33
2/19/2015;21789,98
2/20/2015;21842,57
2/23/2015;21964,29
2/24/2015;22149,75
2/25/2015;21937,24
2/26/2015;22165,13
2/27/2015;22337,79
3/2/2015;22297,6
3/3/2015;21987,18
3/4/2015;22131,08
3/5/2015;22400,08
3/6/2015;22436,13
3/9/2015;22564,35
3/10/2015;22345,77
3/11/2015;22833,04
3/12/2015;22809,01
3/13/2015;22713,59
3/16/2015;22930,92
3/17/2015;22723,06
3/18/2015;22565,19
3/19/2015;22805,17
3/20/2015;23176,68
3/23/2015;23057,12
3/24/2015;23333,2
3/25/2015;23145,1
3/26/2015;22900,27
3/27/2015;22984,23
3/30/2015;23260,57
3/31/2015;23157,12
4/1/2015;23358,99
4/2/2015;23308,53
4/3/2015;23308,53
4/6/2015;23308,53
4/7/2015;23706,34
4/8/2015;23578,7
4/9/2015;23803,9
4/10/2015;23877,25
4/13/2015;24008,91
4/14/2015;23752,91
4/15/2015;24030,54
4/16/2015;23610,81
4/17/2015;23044,08
4/20/2015;23332,98
4/21/2015;23240,26
4/22/2015;23315,4
4/23/2015;23199,43
4/24/2015;23427,35
4/27/2015;23806,27
4/28/2015;23532,09
4/29/2015;22995,63
4/30/2015;23045,52
5/1/2015;23045,52
5/4/2015;23217,17
5/5/2015;22576,35
5/6/2015;22659,85
5/7/2015;22841,92
5/8/2015;23312,43
5/11/2015;23321,86
5/12/2015;23104,87
5/13/2015;23210,97
5/14/2015;23548,59
5/15/2015;23473,46
5/18/2015;23198,1
5/19/2015;23713,26
5/20/2015;23772,61
5/21/2015;23739,69
5/22/2015;23781,78
5/25/2015;23285,11
5/26/2015;23326,95
5/27/2015;23861,07
5/28/2015;23744,13
5/29/2015;23495,68
6/1/2015;23435,67
6/2/2015;23576,16
6/3/2015;23608,83
6/4/2015;23336,5
6/5/2015;22847,34
6/8/2015;22642,29
6/9/2015;22527,46
6/10/2015;23091,49
6/11/2015;23172,34
6/12/2015;22877,81
6/15/2015;22328,03
6/16/2015;22383,48
6/17/2015;22225,06
6/18/2015;22460,02
6/19/2015;22699,37
6/22/2015;23485,95
6/23/2015;23567,25
6/24/2015;23443,07
6/25/2015;23642,62
6/26/2015;23800,47
6/29/2015;22569,95
6/30/2015;22460,71
7/1/2015;22943,64
7/2/2015;22616,5
7/3/2015;22508,13
7/6/2015;21600,72
7/7/2015;20958,48
7/8/2015;21512,39
7/9/2015;22268,51
7/10/2015;22937,4
7/13/2015;23167,04
7/14/2015;23097,51
7/15/2015;23392,75
7/16/2015;23783,14
7/17/2015;23765,41
7/20/2015;24031,19
7/21/2015;23712,9
7/22/2015;23681,11
7/23/2015;23633,05
7/24/2015;23507,7
7/27/2015;22809,3
7/28/2015;23328,02
7/29/2015;23248,9
7/30/2015;23396,09
7/31/2015;23538,03
8/3/2015;23714,38
8/4/2015;23473,25
8/5/2015;23911,81
8/6/2015;23811,09
8/7/2015;23705
8/10/2015;23966,44
8/11/2015;23698,49
8/12/2015;22997,55
8/13/2015;23356,01
8/14/2015;23248,52
8/17/2015;23407,99
8/18/2015;23389,72
8/19/2015;22975,32
8/20/2015;22378,65
8/21/2015;21746,17
8/24/2015;20450,43
8/25/2015;21649,69
8/26/2015;21473,81
8/27/2015;22201,24
8/28/2015;21993,74
8/31/2015;21941,92
9/1/2015;21451,37
9/2/2015;21612
9/3/2015;22177,37
9/4/2015;21472,68
9/7/2015;21622,34
9/8/2015;21941,31
9/9/2015;22126,57
9/10/2015;21901,45
9/11/2015;21762,63
9/14/2015;21553,8
9/15/2015;21903,63
9/16/2015;22059,21
9/17/2015;22099,53
9/18/2015;21514,9
9/21/2015;21755,42
9/22/2015;21031,8
9/23/2015;21068,88
9/24/2015;20581,83
9/25/2015;21339,11
9/28/2015;20759,49
9/29/2015;20726,75
9/30/2015;21294,98
10/1/2015;21142,86
10/2/2015;21395,29
10/5/2015;21980,08
10/6/2015;22182,65
10/7/2015;22007,34
10/8/2015;22156,74
10/9/2015;22257,89
10/12/2015;22091,27
10/13/2015;22048,49
10/14/2015;21838,2
10/15/2015;22217,69
10/16/2015;22337,66
10/19/2015;22419,68
10/20/2015;22270,11
10/21/2015;22172,64
10/22/2015;22616,9
10/23/2015;22736,86
10/26/2015;22629,64
10/27/2015;22369,92
10/28/2015;22686,24
10/29/2015;22442,69
10/30/2015;22442,51
11/2/2015;22482,39
11/3/2015;22459,45
11/4/2015;22312,63
11/5/2015;22223,7
11/6/2015;22529,94
11/9/2015;22107,3
11/10/2015;22444
11/11/2015;22385,11
11/12/2015;21859,29
11/13/2015;21842,56
11/16/2015;21811,36
11/17/2015;22309,39
11/18/2015;22091,56
11/19/2015;22191,99
11/20/2015;22140,14
11/23/2015;22294,69
11/24/2015;21948,14
11/25/2015;22359,23
11/26/2015;22591,53
11/27/2015;22575,18
11/30/2015;22717,98
12/1/2015;22581,33
12/2/2015;22551,91
12/3/2015;21995,71
12/4/2015;22021,36
12/7/2015;22037,17
12/8/2015;21538,04
12/9/2015;21500,88
12/10/2015;21409,63
12/11/2015;21015,29
12/14/2015;20506,56
12/15/2015;21272,68
12/16/2015;21210,23
12/17/2015;21523,1
12/18/2015;21241,93
12/21/2015;21099,32
12/22/2015;21060,13
12/23/2015;21456,36
12/24/2015;21456,36
12/25/2015;21456,36
12/28/2015;21369,15
12/29/2015;21661,33
12/30/2015;21418,37
12/31/2015;21418,37
1/1/2016;21418,37
1/4/2016;20733,81
1/5/2016;20983,24
1/6/2016;20422,39
1/7/2016;20189,48
1/8/2016;19869,49
1/11/2016;19756,14
1/12/2016;19970,1
1/13/2016;20139,87
1/14/2016;19803,41
1/15/2016;19195,94
1/18/2016;18686,86
1/19/2016;18880,52
1/20/2016;17967,91
1/21/2016;18723,22
1/22/2016;19028,42
1/25/2016;18641,47
1/26/2016;18923,83
1/27/2016;18848,03
1/28/2016;18189,95
1/29/2016;18657,29
2/1/2016;18485,95
2/2/2016;17922,45
2/3/2016;17412,04
2/4/2016;17626,04
2/5/2016;17250,26
2/8/2016;16441,2
2/9/2016;15913,12
2/10/2016;16714,14
2/11/2016;15773
2/12/2016;16514,87
2/15/2016;17041,82
2/16/2016;16957,84
2/17/2016;17377,89
2/18/2016;17112,36
2/19/2016;16909,56
2/22/2016;17504,58
2/23/2016;17163,46
2/24/2016;16719,36
2/25/2016;17104,54
2/26/2016;17483,76
2/29/2016;17623,07
3/1/2016;18011,91
3/2/2016;18206,41
3/3/2016;18348,5
3/4/2016;18278,98
3/7/2016;18059,27
3/8/2016;18017,56
3/9/2016;18208,92
3/10/2016;18118,23
3/11/2016;18987,75
3/14/2016;18981,77
3/15/2016;18765,37
3/16/2016;18731,75
3/17/2016;18608,03
3/18/2016;18611,34
3/21/2016;18696,93
3/22/2016;18698,82
3/23/2016;18462,88
3/24/2016;18165,84
3/25/2016;18165,84
3/28/2016;18165,84
3/29/2016;18171,86
3/30/2016;18375,32
3/31/2016;18116,88
4/1/2016;17776,84
4/4/2016;17639,26
4/5/2016;17109,3
4/6/2016;17240,91
4/7/2016;16818,25
4/8/2016;17504,62
4/11/2016;17722,66
4/12/2016;17444,8
4/13/2016;18165,59
4/14/2016;18329,09
4/15/2016;18257,35
4/18/2016;18358,25
4/19/2016;18447,98
4/20/2016;18658,36
4/21/2016;18732,96
4/22/2016;18687,04
4/25/2016;18403,23
4/26/2016;18670,41
4/27/2016;18750,62
4/28/2016;18976,71
4/29/2016;18600,56
5/2/2016;18420,22
5/3/2016;17966,81
5/4/2016;17935,67
5/5/2016;17923,9
5/6/2016;17842,8
5/9/2016;17685,8
5/10/2016;17934,72
5/11/2016;17698,08
5/12/2016;17651,36
5/13/2016;17729,45
5/16/2016;17737,02
5/17/2016;17498,88
5/18/2016;17713,62
5/19/2016;17545,56
5/20/2016;17812,35
5/23/2016;17325,08
5/24/2016;17903,97
5/25/2016;18201,39
5/26/2016;18216,92
5/27/2016;18186,14
5/30/2016;18291,38
5/31/2016;18025,25
6/1/2016;17810,85
6/2/2016;17767,3
6/3/2016;17495,09
6/6/2016;17625
6/7/2016;17975,49
6/8/2016;17909,7
6/9/2016;17763,88
6/10/2016;17120,16
6/13/2016;16621,87
6/14/2016;16271,35
6/15/2016;16513,97
6/16/2016;16351,9
6/17/2016;16923,29
6/20/2016;17353,45
6/21/2016;17431,17
6/22/2016;17323,27
6/23/2016;17966,17
6/24/2016;15723,81
6/27/2016;15103,58
6/28/2016;15601,62
6/29/2016;15946,93
6/30/2016;16197,78
7/1/2016;16295,78
7/4/2016;16012,31
7/5/2016;15780,16
7/6/2016;15423,79
7/7/2016;15436,16
7/8/2016;16066,38
7/11/2016;16260,64
7/12/2016;16721
7/13/2016;16527,89
7/14/2016;16797,52
7/15/2016;16748,59
7/18/2016;16762,73
7/19/2016;16673,77
7/20/2016;16763,82
7/21/2016;16805,4
7/22/2016;16778,67
7/25/2016;16692,17
7/26/2016;16697,01
7/27/2016;16863,01
7/28/2016;16522,64
7/29/2016;16846,86
8/1/2016;16554,83
8/2/2016;16098,37
8/3/2016;16129,84
8/4/2016;16236,41
8/5/2016;16626,28
8/8/2016;16743,82
8/9/2016;16796,14
8/10/2016;16791,55
8/11/2016;16969,69
8/12/2016;16997,83
8/15/2016;16997,83
8/16/2016;16792,96
8/17/2016;16528,36
8/18/2016;16673,58
8/19/2016;16310,06
8/22/2016;16369,14
8/23/2016;16778,05
8/24/2016;16891,63
8/25/2016;16710,78
8/26/2016;16843,99
8/29/2016;16655,22
8/30/2016;16891,42
8/31/2016;16943,38
9/1/2016;16923,28
9/2/2016;17183,9
9/5/2016;17190,44
9/6/2016;17052,57
9/7/2016;17292,84
9/8/2016;17375,73
9/9/2016;17156,48
9/12/2016;16840,28
9/13/2016;16547,75
9/14/2016;16539,9
9/15/2016;16595,43
9/16/2016;16192,16
9/19/2016;16399,26
9/20/2016;16207,1
9/21/2016;16349,82
9/22/2016;16637,69
9/23/2016;16452,84
9/26/2016;16192,48
9/27/2016;16134,71
9/28/2016;16222,21
9/29/2016;16338,78
9/30/2016;16401
10/3/2016;16273,95
10/4/2016;16308,02
10/5/2016;16476,58
10/6/2016;16491,62
10/7/2016;16405,27
10/10/2016;16632,45
10/11/2016;16474,06
10/12/2016;16470,28
10/13/2016;16269,26
10/14/2016;16591,37
10/17/2016;16630,34
10/18/2016;16966,61
10/19/2016;17044,34
10/20/2016;17141,38
10/21/2016;17166,76
10/24/2016;17305,77
10/25/2016;17230,03
10/26/2016;17280,74
10/27/2016;17426,46
10/28/2016;17324,23
10/31/2016;17125,05
11/1/2016;16898,28
11/2/2016;16474,52
11/3/2016;16419,9
11/4/2016;16318,6
11/7/2016;16736,75
11/8/2016;16817,41
11/9/2016;16799,85
11/10/2016;16804,88
11/11/2016;16812,37
11/14/2016;16686,33
11/15/2016;16682,37
11/16/2016;16559,84
11/17/2016;16555,31
11/18/2016;16265,9
11/21/2016;16297,26
11/22/2016;16519,89
11/23/2016;16532,26
11/24/2016;16500,73
11/25/2016;16515,11
11/28/2016;16216,95
11/29/2016;16561,86
11/30/2016;16930,41
12/1/2016;17098,33
12/2/2016;17086,85
12/5/2016;17050,21
12/6/2016;17757,8
12/7/2016;18130,66
12/8/2016;18427,86
12/9/2016;18292,65
12/12/2016;18370,32
12/13/2016;18827,61
12/14/2016;18606,32
12/15/2016;18994,79
12/16/2016;19014,75
12/19/2016;18968,94
12/20/2016;19247,24
12/21/2016;19215,59
12/22/2016;19121,26
12/23/2016;19345,02
12/26/2016;19345,02
12/27/2016;19390,83
12/28/2016;19239,39
12/29/2016;19203,94
12/30/2016;19234,58
1/2/2017;19566,53
1/3/2017;19573,48
1/4/2017;19626,64
1/5/2017;19642,81
1/6/2017;19687,71
1/9/2017;19360,02
1/10/2017;19424,19
1/11/2017;19486,88
1/12/2017;19156,59
1/13/2017;19514,54
1/16/2017;19247,25
1/17/2017;19296,16
1/18/2017;19358,1
1/19/2017;19490,96
1/20/2017;19479,46
1/23/2017;19328,41
1/24/2017;19499,54
1/25/2017;19582,23
1/26/2017;19439,65
1/27/2017;19329,26
1/30/2017;18759,4
1/31/2017;18590,73
2/1/2017;18740,65
2/2/2017;18889,19
2/3/2017;19116,04
2/6/2017;18693,65
2/7/2017;18662,61
2/8/2017;18771,78
2/9/2017;18947,44
2/10/2017;18862,11
2/13/2017;19064,64
2/14/2017;19187,67
2/15/2017;19056,16
2/16/2017;19087,54
2/17/2017;19006,46
2/20/2017;18978,65
2/21/2017;19043,58
2/22/2017;18884,9
2/23/2017;18819,49
2/24/2017;18596,66
2/27/2017;18914,3
2/28/2017;18913,28
3/1/2017;19364,39
3/2/2017;19440,62
3/3/2017;19664,45
3/6/2017;19449,85
3/7/2017;19455,05
3/8/2017;19482,39
3/9/2017;19571,24
3/10/2017;19658,37
3/13/2017;19706,95
3/14/2017;19537,4
3/15/2017;19774,02
3/16/2017;20109,76
3/17/2017;20074,28
3/20/2017;19968,55
3/21/2017;19918,84
3/22/2017;19953,44
3/23/2017;20167,49
3/24/2017;20188,02
3/27/2017;20124,19
3/28/2017;20330,42
3/29/2017;20276,8
3/30/2017;20367,75
3/31/2017;20492,94
4/3/2017;20242,88
4/4/2017;20257,1
4/5/2017;20253,37
4/6/2017;20296,97
4/7/2017;20300,06
4/10/2017;20202,05
4/11/2017;20109,06
4/12/2017;20004,93
4/13/2017;19773,68
4/14/2017;19773,68
4/17/2017;19773,68
4/18/2017;19442,71
4/19/2017;19824,61
4/20/2017;19849,44
4/21/2017;19741,75
4/24/2017;20684,41
4/25/2017;20805,52
4/26/2017;20836,51
4/27/2017;20597,34
4/28/2017;20609,16
5/1/2017;20609,16
5/2/2017;20733,25
5/3/2017;20759,31
5/4/2017;21169,92
5/5/2017;21483,86
5/8/2017;21428,1
5/9/2017;21486,95
5/10/2017;21552,81
5/11/2017;21482,52
5/12/2017;21575,45
5/15/2017;21704,46
5/16/2017;21787,9
5/17/2017;21283,72
5/18/2017;21299,26
5/19/2017;21567,52
5/22/2017;21318,58
5/23/2017;21415,74
5/24/2017;21369,73
5/25/2017;21291,72
5/26/2017;21210,57
5/29/2017;20783,82
5/30/2017;20814,48
5/31/2017;20731,68
6/1/2017;20936,07
6/2/2017;20928,24
6/5/2017;20721,04
6/6/2017;20760,01
6/7/2017;20739,91
6/8/2017;21042,41
6/9/2017;21122,42
6/12/2017;20910,23
6/13/2017;21088,78
6/14/2017;20960,55
6/15/2017;20847,51
6/16/2017;20940,73
6/19/2017;21014,25
6/20/2017;20810,02
6/21/2017;21071,91
6/22/2017;20930,26
6/23/2017;20833,88
6/26/2017;21001,95
6/27/2017;20790,86
6/28/2017;21047,8
6/29/2017;20704,65
6/30/2017;20584,23
7/3/2017;21013,14
7/4/2017;21031,05
7/5/2017;20939,39
7/6/2017;21084,19
7/7/2017;21015,1
7/10/2017;21190,67
7/11/2017;21111,7
7/12/2017;21432,55
7/13/2017;21521,91
7/14/2017;21492,29
7/17/2017;21484,84
7/18/2017;21358,2
7/19/2017;21478,95
7/20/2017;21438,63
7/21/2017;21202,16
7/24/2017;21326,58
7/25/2017;21457,45
7/26/2017;21577,56
7/27/2017;21634,72
7/28/2017;21430,36
7/31/2017;21486,91
8/1/2017;21612,81
8/2/2017;21573,61
8/3/2017;21793,72
8/4/2017;21935,79
8/7/2017;22031,17
8/8/2017;22048,3
8/9/2017;21848,37
8/10/2017;21681,61
8/11/2017;21354,02
8/14/2017;21722,11
8/15/2017;21722,11
8/16/2017;21984,85
8/17/2017;21788,86
8/18/2017;21814,96
8/21/2017;21752,8
8/22/2017;21729,48
8/23/2017;21620,28
8/24/2017;21729,87
8/25/2017;21746,5
8/28/2017;21726,21
8/29/2017;21408,62
8/30/2017;21503,46
8/31/2017;21670,02
9/1/2017;21858,56
9/4/2017;21790,62
9/5/2017;21737,69
9/6/2017;21814,56
9/7/2017;21722,51
9/8/2017;21776,66
9/11/2017;22134,11
9/12/2017;22233,4
9/13/2017;22233,3
9/14/2017;22281,14
9/15/2017;22229,49
9/18/2017;22364,74
9/19/2017;22425,42
9/20/2017;22355,58
9/21/2017;22491,73
9/22/2017;22530,83
9/25/2017;22389,57
9/26/2017;22430,65
9/27/2017;22622,19
9/28/2017;22587,67
9/29/2017;22696,32
10/2/2017;22811,19
10/3/2017;22784,82
10/4/2017;22456,38
10/5/2017;22566,03
10/6/2017;22392,31
10/9/2017;22476,75
10/10/2017;22335,91
10/11/2017;22552,21
10/12/2017;22398,51
10/13/2017;22413,54
10/16/2017;22428,31
10/17/2017;22337,78
10/18/2017;22354,69
10/19/2017;22133,21
10/20/2017;22346,85
10/23/2017;22379,16
10/24/2017;22629,57
10/25/2017;22446,39
10/26/2017;22807,42
10/27/2017;22665,03
10/30/2017;22752,89
10/31/2017;22793,69
11/1/2017;22991,99
11/2/2017;23046,05
11/3/2017;23014,13
11/6/2017;23002,85
11/7/2017;22962,59
11/8/2017;22831,3
11/9/2017;22641,31
11/10/2017;22560,79
11/13/2017;22437,64
11/14/2017;22297,08
11/15/2017;22158,88
11/16/2017;22206,6
11/17/2017;22092,95
11/20/2017;22189,25
11/21/2017;22326,44
11/22/2017;22315,24
11/23/2017;22397,78
11/24/2017;22416,31
11/27/2017;22176,7
11/28/2017;22291,77
11/29/2017;22325,94
11/30/2017;22368,29
12/1/2017;22106,1
12/4/2017;22362,11
12/5/2017;22416,31
12/6/2017;22307,28
12/7/2017;22459,51
12/8/2017;22773,8
12/11/2017;22690,98
12/12/2017;22727,32
12/13/2017;22400,19
12/14/2017;22191,74
12/15/2017;22094,04
12/18/2017;22390,53
12/19/2017;22274,97
12/20/2017;22109,65
12/21/2017;22240,25
12/22/2017;22209,05
12/25/2017;22209,05
12/26/2017;22209,05
12/27/2017;22201,27
12/28/2017;22120,95
12/29/2017;21853,34
1/1/2018;21853,34
1/2/2018;21845,16
1/3/2018;21904,56
1/4/2018;22512,13
1/5/2018;22762,29
1/8/2018;22845,69
1/9/2018;23004,98
1/10/2018;23157,42
1/11/2018;23305,26
1/12/2018;23429,83
1/15/2018;23543,55
1/16/2018;23495,28
1/17/2018;23514,67
1/18/2018;23630,81
1/19/2018;23749,22
1/22/2018;23890,18
1/23/2018;23836,6
1/24/2018;23622,62
1/25/2018;23719,81
1/26/2018;23856,99
1/29/2018;23801,55
1/30/2018;23480,92
1/31/2018;23507,06
2/1/2018;23541,46
2/2/2018;23202,66
2/5/2018;22821,63
2/6/2018;22347,01
2/7/2018;22986,18
2/8/2018;22466,6
2/9/2018;22166,75
2/12/2018;22336,78
2/13/2018;22034,42
2/14/2018;22433,75
2/15/2018;22495,64
2/16/2018;22797,88
2/19/2018;22568,92
2/20/2018;22673,56
2/21/2018;22653,01
2/22/2018;22463,51
2/23/2018;22672,15
2/26/2018;22706,21
2/27/2018;22724,46
2/28/2018;22607,61
3/1/2018;22448,38
3/2/2018;21912,14
3/5/2018;21819,91
3/6/2018;22202,5
3/7/2018;22473,47
3/8/2018;22731,1
3/9/2018;22745,6
3/12/2018;22764,91
3/13/2018;22690,98
3/14/2018;22452,34
3/15/2018;22713,47
3/16/2018;22857,69
3/19/2018;22633,1
3/20/2018;22798,15
3/21/2018;22820,12
3/22/2018;22397,84
3/23/2018;22289,1
3/26/2018;22011,76
3/27/2018;22209,75
3/28/2018;22331,36
3/29/2018;22411,15
3/30/2018;22411,15
4/2/2018;22411,15
4/3/2018;22510,33
4/4/2018;22442,78
4/5/2018;22969,5
4/6/2018;22929,87
4/9/2018;23053,99
4/10/2018;23173,68
4/11/2018;23012,86
4/12/2018;23304,88
4/13/2018;23330,32
4/16/2018;23329,31
4/17/2018;23649,04
4/18/2018;23759,88
4/19/2018;23792,04
4/20/2018;23829,34
4/23/2018;23982,52
4/24/2018;24035,49
4/25/2018;23801,2
4/26/2018;24039,63
4/27/2018;23927,61
4/30/2018;23979,37
5/1/2018;23979,37
5/2/2018;24265,61
5/3/2018;24064,46
5/4/2018;24335,02
5/7/2018;24544,26
5/8/2018;24142,54
5/9/2018;24266,56
5/10/2018;24033,9
5/11/2018;24159,34
5/14/2018;24221,47
5/15/2018;24297,17
5/16/2018;23734,22
5/17/2018;23801,99
5/18/2018;23449,65
5/21/2018;23092,38
5/22/2018;23216,57
5/23/2018;22911,71
5/24/2018;22749,08
5/25/2018;22398,15
5/28/2018;21932,69
5/29/2018;21350,88
5/30/2018;21797,82
5/31/2018;21784,18
6/1/2018;22109,55
6/4/2018;22009,95
6/5/2018;21750,15
6/6/2018;21807,59
6/7/2018;21767,6
6/8/2018;21355,98
6/11/2018;22086,2
6/12/2018;22119,76
6/13/2018;22216,18
6/14/2018;22486,32
6/15/2018;22190,45
6/18/2018;22099,27
6/19/2018;22084,33
6/20/2018;22120,58
6/21/2018;21673,11
6/22/2018;21888,47
6/25/2018;21355,19
6/26/2018;21419,27
6/27/2018;21557,91
6/28/2018;21432,34
6/29/2018;21626,27
7/2/2018;21427,2
7/3/2018;21764,16
7/4/2018;21686,61
7/5/2018;21914,29
7/6/2018;21925,51
7/9/2018;22033,44
7/10/2018;22057,3
7/11/2018;21708,06
7/12/2018;21790,12
7/13/2018;21892,35
7/16/2018;21822,96
7/17/2018;21977,82
7/18/2018;21972,22
7/19/2018;21885,4
7/20/2018;21794,6
7/23/2018;21605,21
7/24/2018;21874,69
7/25/2018;21561,46
7/26/2018;21862,87
7/27/2018;21955,08
7/30/2018;21941,01
7/31/2018;22215,69
8/1/2018;21791,45
8/2/2018;21414,72
8/3/2018;21586,85
8/6/2018;21580,18
8/7/2018;21853,81
8/8/2018;21790,3
8/9/2018;21634,25
8/10/2018;21090,78
8/13/2018;20969,26
8/14/2018;20906,35
8/15/2018;20906,35
8/16/2018;20524,13
8/17/2018;20415,27
8/20/2018;20470,97
8/21/2018;20783,79
8/22/2018;20699,7
8/23/2018;20608,51
8/24/2018;20741,96
8/27/2018;20797,82
8/28/2018;20620,05
8/29/2018;20760,07
8/30/2018;20495,1
8/31/2018;20269,47
9/3/2018;20395,79
9/4/2018;20601
9/5/2018;20581,78
9/6/2018;20527,22
9/7/2018;20447,69
9/10/2018;20918,9
9/11/2018;20853,84
9/12/2018;20963
9/13/2018;20846,18
9/14/2018;20885,43
9/17/2018;21111,4
9/18/2018;21228,23
9/19/2018;21280,78
9/20/2018;21388,38
9/21/2018;21536,74
9/24/2018;21339,87
9/25/2018;21668,99
9/26/2018;21646,34
9/27/2018;21511,07
9/28/2018;20711,7
10/1/2018;20609,99
10/2/2018;20562,31
10/3/2018;20736,01
10/4/2018;20612,93
10/5/2018;20345,96
10/8/2018;19851,47
10/9/2018;20062,25
10/10/2018;19719,04
10/11/2018;19356,61
10/12/2018;19255,98
10/15/2018;19287,64
10/16/2018;19717,83
10/17/2018;19454,99
10/18/2018;19087,53
10/19/2018;19080,16
10/22/2018;18966,22
10/23/2018;18802,47
10/24/2018;18485,46
10/25/2018;18815,32
10/26/2018;18683,27
10/29/2018;19039,85
10/30/2018;18998,8
10/31/2018;19050,22
11/1/2018;19185,14
11/2/2018;19390,34
11/5/2018;19281,03
11/6/2018;19268,29
11/7/2018;19540,94
11/8/2018;19429,14
11/9/2018;19258,11
11/12/2018;19055,92
11/13/2018;19226,52
11/14/2018;19077,47
11/15/2018;18905,36
11/16/2018;18878,31
11/19/2018;18823,13
11/20/2018;18471,38
11/21/2018;18731,55
11/22/2018;18603,04
11/23/2018;18714,9
11/26/2018;19233,45
11/27/2018;19150,38
11/28/2018;19115,16
11/29/2018;19159,6
11/30/2018;19188,97
12/3/2018;19622,36
12/4/2018;19353,43
12/5/2018;19328,7
12/6/2018;18643,83
12/7/2018;18741,98
12/10/2018;18410,13
12/11/2018;18591,01
12/12/2018;18945,8
12/13/2018;19048,83
12/14/2018;18910,79
12/17/2018;18693,45
12/18/2018;18644,85
12/19/2018;18941,9
12/20/2018;18576,9
12/21/2018;18397,19
12/24/2018;18397,19
12/25/2018;18397,19
12/26/2018;18397,19
12/27/2018;18064,62
12/28/2018;18324,03
12/31/2018;18324,03
1/1/2019;18324,03
1/2/2019;18330,99
1/3/2019;18218,4
1/4/2019;18831,79
1/7/2019;18953,27
1/8/2019;19000,14
1/9/2019;19179,16
1/10/2019;19300,74
1/11/2019;19290,09
1/14/2019;19171,48
1/15/2019;19165,48
1/16/2019;19477,77
1/17/2019;19470,38
1/18/2019;19708,06
1/21/2019;19638,64
1/22/2019;19437,27
1/23/2019;19400,15
1/24/2019;19564,48
1/25/2019;19810,52
1/28/2019;19608,13
1/29/2019;19701,6
1/30/2019;19771,55
1/31/2019;19730,78
2/1/2019;19576,77
2/4/2019;19605,6
2/5/2019;19833,49
2/6/2019;19996,47
2/7/2019;19478,32
2/8/2019;19351,9
2/11/2019;19586,56
2/12/2019;19805,28
2/13/2019;19989,9
2/14/2019;19834,96
2/15/2019;20212,34
2/18/2019;20329,83
2/19/2019;20228,19
2/20/2019;20304,21
2/21/2019;20209,72
2/22/2019;20262,51
2/25/2019;20436,96
2/26/2019;20459,59
2/27/2019;20498,79
2/28/2019;20659,46
3/1/2019;20694,53
3/4/2019;20718,3
3/5/2019;20715,97
3/6/2019;20851,56
3/7/2019;20697,56
3/8/2019;20484,39
3/11/2019;20638,22
3/12/2019;20631,19
3/13/2019;20749,2
3/14/2019;20877,43
3/15/2019;21045,41
3/18/2019;21234,61
3/19/2019;21430,35
3/20/2019;21330,21
3/21/2019;21373,06
3/22/2019;21078,76
3/25/2019;21059,6
3/26/2019;21139,4
3/27/2019;21194,19
3/28/2019;21080,97
3/29/2019;21286,13
4/1/2019;21520,25
4/2/2019;21522,92
4/3/2019;21755,88
4/4/2019;21705,6
4/5/2019;21758,61
4/8/2019;21771,96
4/9/2019;21671,78
4/10/2019;21671,76
4/11/2019;21684,84
4/12/2019;21858,31
4/15/2019;21892,42
4/16/2019;21918,93
4/17/2019;22000,88
4/18/2019;21956,59
4/19/2019;21956,59
4/22/2019;21956,59
4/23/2019;21896,84
4/24/2019;21724,44
4/25/2019;21719,88
4/26/2019;21737,97
4/29/2019;21788,54
4/30/2019;21881,33
5/1/2019;21881,33
5/2/2019;21710,38
5/3/2019;21763,48
5/6/2019;21409,29
5/7/2019;21219,14
5/8/2019;21203,86
5/9/2019;20817,16
5/10/2019;20874,78
5/13/2019;20593,72
5/14/2019;20892,66
5/15/2019;20863,14
5/16/2019;21151,8
5/17/2019;21105,28
5/20/2019;20539,87
5/21/2019;20698,61
5/22/2019;20573,31
5/23/2019;20136,39
5/24/2019;20376,03
5/27/2019;20363,13
5/28/2019;20260,98
5/29/2019;19999,94
5/30/2019;19947,92
5/31/2019;19802,11
6/3/2019;19874,24
6/4/2019;20229,42
6/5/2019;20155,73
6/6/2019;20177,81
6/7/2019;20360,59
6/10/2019;20484,99
6/11/2019;20609,7
6/12/2019;20463,25
6/13/2019;20630,75
6/14/2019;20612,45
6/17/2019;20626,42
6/18/2019;21133,78
6/19/2019;21221,38
6/20/2019;21361,44
6/21/2019;21388,63
6/24/2019;21284,1
6/25/2019;21128,41
6/26/2019;21057,14
6/27/2019;21110,87
6/28/2019;21234,79
7/1/2019;21254,04
7/2/2019;21392,87
7/3/2019;21905,34
7/4/2019;22120,7
7/5/2019;21985,79
7/8/2019;21976
7/9/2019;21886,17
7/10/2019;22044,96
7/11/2019;22169,42
7/12/2019;22182,7
7/15/2019;22178,05
7/16/2019;22204,08
7/17/2019;22079,38
7/18/2019;22090,81
7/19/2019;21641,46
7/22/2019;21735,7
7/23/2019;21954,66
7/24/2019;22080,32
7/25/2019;21903,29
7/26/2019;21837,74
7/29/2019;21709,3
7/30/2019;21278,24
7/31/2019;21398,19
8/1/2019;21566,91
8/2/2019;21046,86
8/5/2019;20773,3
8/6/2019;20631,74
8/7/2019;20538,85
8/8/2019;20841,15
8/9/2019;20324,23
8/12/2019;20263,83
8/13/2019;20539,43
8/14/2019;20020,28
8/15/2019;20020,28
8/16/2019;20322,59
8/19/2019;20715,49
8/20/2019;20485,43
8/21/2019;20847,07
8/22/2019;20816,99
8/23/2019;20473,86
8/26/2019;20676,83
8/27/2019;20991,3
8/28/2019;20990,71
8/29/2019;21398,17
8/30/2019;21322,9
9/2/2019;21451,98
9/3/2019;21399,23
9/4/2019;21737,8
9/5/2019;21955,07
9/6/2019;21947,33
9/9/2019;21989,73
9/10/2019;21869,01
9/11/2019;21891,57
9/12/2019;22083,17
9/13/2019;22181,41
9/16/2019;21969,24
9/17/2019;21801,93
9/18/2019;21947,7
9/19/2019;22128,24
9/20/2019;22123,25
9/23/2019;21899,88
9/24/2019;21901,01
9/25/2019;21788,22
9/26/2019;21947,67
9/27/2019;22017,4
9/30/2019;22107,7
10/1/2019;21927,57
10/2/2019;21298,24
10/3/2019;21311,51
10/4/2019;21470,44
10/7/2019;21652,15
10/8/2019;21405,73
10/9/2019;21533,64
10/10/2019;21756,39
10/11/2019;22165,34
10/14/2019;22097,94
10/15/2019;22365,34
10/16/2019;22428,09
10/17/2019;22375,67
10/18/2019;22321,77
10/21/2019;22478,19
10/22/2019;22487,08
10/23/2019;22351,07
10/24/2019;22527,42
10/25/2019;22608,99
10/28/2019;22695,64
10/29/2019;22680,74
10/30/2019;22646,08
10/31/2019;22693,77
11/1/2019;22934,32
11/4/2019;23311,43
11/5/2019;23364,82
11/6/2019;23373,22
11/7/2019;23503,03
11/8/2019;23534,49
11/11/2019;23489,93
11/12/2019;23782,15
11/13/2019;23578,43
11/14/2019;23481,35
11/15/2019;23588,59
11/18/2019;23463,98
11/19/2019;23329,21
11/20/2019;23351,78
11/21/2019;23279,78
11/22/2019;23259,8
11/25/2019;23467,25
11/26/2019;23546,58
11/27/2019;23485,03
11/28/2019;23342,42
11/29/2019;23259,33
12/2/2019;22728,59
12/3/2019;22736,52
12/4/2019;23034,2
12/5/2019;22969,4
12/6/2019;23182,72
12/9/2019;22956,9
12/10/2019;23122,82
12/11/2019;23155,64
12/12/2019;23390,95
12/13/2019;23329,33
12/16/2019;23524,76
12/17/2019;23630,77
12/18/2019;23628,87
12/19/2019;23708,94
12/20/2019;24003,64
12/23/2019;23898,42
12/24/2019;23898,42
12/25/2019;23898,42
12/26/2019;23898,42
12/27/2019;23757,6
12/30/2019;23506,37
12/31/2019;23506,37
1/1/2020;23506,37
1/2/2020;23836,26
1/3/2020;23702,35
1/6/2020;23581,29
1/7/2020;23723,38
1/8/2020;23832,02
1/9/2020;24016,7
1/10/2020;24021,4
1/13/2020;23896,59
1/14/2020;23928,21
1/15/2020;23763,86
1/16/2020;23940,41
1/17/2020;24141,07
1/20/2020;24002,45
1/21/2020;23845,28
1/22/2020;23706,29
1/23/2020;23707,05
1/24/2020;23969,13
1/27/2020;23416,13
1/28/2020;24027,63
1/29/2020;24164,73
1/30/2020;23781,1
1/31/2020;23237,03
2/3/2020;23460,01
2/4/2020;23844,85
2/5/2020;24236,63
2/6/2020;24490,35
2/7/2020;24478,32
2/10/2020;24507,7
2/11/2020;24688,89
2/12/2020;24861,28
2/13/2020;24892,15
2/14/2020;24867,01
2/17/2020;25120,54
2/18/2020;25223,51
2/19/2020;25477,55
2/20/2020;25080,16
2/21/2020;24773,15
2/24/2020;23427,19
2/25/2020;23090,44
2/26/2020;23422,54
2/27/2020;22799,37
2/28/2020;21984,21
3/2/2020;21655,09
3/3/2020;21748,2
3/4/2020;21946,03
3/5/2020;21554,88
3/6/2020;20799,89
3/9/2020;18475,91
3/10/2020;17870,18
3/11/2020;17928,64
3/12/2020;14894,44
3/13/2020;15954,29
3/16/2020;14980,34
3/17/2020;15314,77
3/18/2020;15120,48
3/19/2020;15466,97
3/20/2020;15731,85
3/23/2020;15559,8
3/24/2020;16948,6
3/25/2020;17243,68
3/26/2020;17369,38
3/27/2020;16822,59
3/30/2020;16872,41
3/31/2020;17050,94
4/1/2020;16544,97
4/2/2020;16834,03
4/3/2020;16384,35
4/6/2020;17039,31
4/7/2020;17411,72
4/8/2020;17380,82
4/9/2020;17621,62
4/10/2020;17621,62
4/13/2020;17621,62
4/14/2020;17558,43
4/15/2020;16719,07
4/16/2020;16768,14
4/17/2020;17055,47
4/20/2020;17064,14
4/21/2020;16450,85
4/22/2020;16765,28
4/23/2020;17011,11
4/24/2020;16858,89
4/27/2020;17380,21
4/28/2020;17677,15
4/29/2020;18067,29
4/30/2020;17690,49
5/1/2020;17690,49
5/4/2020;17035,61
5/5/2020;17387,38
5/6/2020;17159,31
5/7/2020;17245,04
5/8/2020;17439,3
5/11/2020;17381,36
5/12/2020;17559,32
5/13/2020;17183,44
5/14/2020;16867,76
5/15/2020;16852,35
5/18/2020;17401,45
5/19/2020;17034,54
5/20/2020;17213,11
5/21/2020;17087,06
5/22/2020;17316,29
5/25/2020;17595,9
5/26/2020;17860,46
5/27/2020;17910,25
5/28/2020;18351,16
5/29/2020;18197,56
6/1/2020;18523,71
6/2/2020;18971,09
6/3/2020;19641,81
6/4/2020;19634,03
6/5/2020;20187,51
6/8/2020;20231,38
6/9/2020;19930,2
6/10/2020;19758,01
6/11/2020;18806,86
6/12/2020;18888,16
6/15/2020;18969,29
6/16/2020;19625,63
6/17/2020;19585,89
6/18/2020;19485,76
6/19/2020;19618,93
6/22/2020;19478,73
6/23/2020;19841,58
6/24/2020;19162,98
6/25/2020;19234,75
6/26/2020;19124,36
6/29/2020;19447,02
6/30/2020;19375,52
7/1/2020;19330,88
7/2/2020;19886,88
7/3/2020;19726,65
7/6/2020;20031,86
7/7/2020;20012,68
7/8/2020;19899,53
7/9/2020;19505,95
7/10/2020;19767,6
7/13/2020;20003,25
7/14/2020;19879,75
7/15/2020;20281,38
7/16/2020;20356,09
7/17/2020;20419,39
7/20/2020;20621,48
7/21/2020;20723,42
7/22/2020;20598,78
7/23/2020;20454,46
7/24/2020;20075,27
7/27/2020;20019,96
7/28/2020;19902,63
7/29/2020;19880,57
7/30/2020;19228,47
7/31/2020;19091,93
8/3/2020;19379,79
8/4/2020;19613,95
8/5/2020;19740,2
8/6/2020;19475,15
8/7/2020;19516,43
8/10/2020;19651,57
8/11/2020;20209,11
8/12/2020;20437,36
8/13/2020;20257,31
8/14/2020;20028,11
8/17/2020;19950,32
8/18/2020;19845,61
8/19/2020;20055,4
8/20/2020;19766,96
8/21/2020;19695,43
8/24/2020;20113,36
8/25/2020;20030,05
8/26/2020;20137,29
8/27/2020;19847,38
8/28/2020;19841,01
8/31/2020;19633,69
9/1/2020;19595,02
9/2/2020;19858,21
9/3/2020;19551,48
9/4/2020;19391,25
9/7/2020;19738,01
9/8/2020;19378,44
