Dates;GOLD_SPOT_$_OZ
9/1/2000;276,75
9/4/2000;277
9/5/2000;275,55
9/6/2000;274,45
9/7/2000;273,8
9/8/2000;273,05
9/11/2000;273,43
9/12/2000;273
9/13/2000;272,75
9/14/2000;272,55
9/15/2000;272,45
9/18/2000;271,8
9/19/2000;272,15
9/20/2000;269,35
9/21/2000;270,65
9/22/2000;272,15
9/25/2000;274,3
9/26/2000;274,35
9/27/2000;278,57
9/28/2000;275,25
9/29/2000;274,25
10/2/2000;273,45
10/3/2000;272,25
10/4/2000;270,75
10/5/2000;269,65
10/6/2000;269,65
10/9/2000;270,6
10/10/2000;272,75
10/11/2000;271,15
10/12/2000;276,55
10/13/2000;272,65
10/16/2000;272
10/17/2000;271,25
10/18/2000;270,65
10/19/2000;270,8
10/20/2000;271,55
10/23/2000;270,25
10/24/2000;270,65
10/25/2000;266,75
10/26/2000;265,15
10/27/2000;264,55
10/30/2000;264,5
10/31/2000;265,15
11/1/2000;264,8
11/2/2000;264,75
11/3/2000;265,15
11/6/2000;265,05
11/7/2000;264,45
11/8/2000;265,05
11/9/2000;265,95
11/10/2000;264,75
11/13/2000;264,35
11/14/2000;264,65
11/15/2000;265
11/16/2000;266,5
11/17/2000;265,75
11/20/2000;266,35
11/21/2000;265,85
11/22/2000;266,55
11/23/2000;265,85
11/24/2000;266,35
11/27/2000;270
11/28/2000;269,6
11/29/2000;266,55
11/30/2000;270,45
12/1/2000;269,4
12/4/2000;271,2
12/5/2000;270,55
12/6/2000;274,75
12/7/2000;273,85
12/8/2000;272,8
12/11/2000;270,85
12/12/2000;270,95
12/13/2000;269,05
12/14/2000;269,55
12/15/2000;270,95
12/18/2000;270,15
12/19/2000;270,25
12/20/2000;272,85
12/21/2000;274,15
12/22/2000;273,95
12/25/2000;273,8
12/26/2000;274,45
12/27/2000;275,25
12/28/2000;272,25
12/29/2000;272,25
1/1/2001;272,5
1/2/2001;269,25
1/3/2001;268,15
1/4/2001;267,55
1/5/2001;268,15
1/8/2001;268,35
1/9/2001;267,75
1/10/2001;264,95
1/11/2001;264,25
1/12/2001;264,3
1/15/2001;263,65
1/16/2001;263,55
1/17/2001;263,55
1/18/2001;264,55
1/19/2001;264,75
1/22/2001;266,95
1/23/2001;266,55
1/24/2001;264,7
1/25/2001;264,95
1/26/2001;263,05
1/29/2001;263,05
1/30/2001;265,9
1/31/2001;265,85
2/1/2001;268,75
2/2/2001;267,55
2/5/2001;265,65
2/6/2001;263,75
2/7/2001;263,35
2/8/2001;260,65
2/9/2001;260,65
2/12/2001;261,35
2/13/2001;260,95
2/14/2001;259,85
2/15/2001;255,85
2/16/2001;258,95
2/19/2001;259,65
2/20/2001;256,65
2/21/2001;258,65
2/22/2001;259,05
2/23/2001;261,55
2/26/2001;266,85
2/27/2001;268,25
2/28/2001;267,15
3/1/2001;265,65
3/2/2001;262,85
3/5/2001;263,05
3/6/2001;260,75
3/7/2001;262,45
3/8/2001;267,1
3/9/2001;271,75
3/12/2001;272,55
3/13/2001;267,85
3/14/2001;263,45
3/15/2001;260,65
3/16/2001;259,05
3/19/2001;260,75
3/20/2001;261,55
3/21/2001;262,95
3/22/2001;262,05
3/23/2001;262,3
3/26/2001;262,65
3/27/2001;261,55
3/28/2001;260,05
3/29/2001;258,95
3/30/2001;257,95
4/2/2001;255,55
4/3/2001;257,05
4/4/2001;258,45
4/5/2001;258,55
4/6/2001;260,05
4/9/2001;258,45
4/10/2001;257,65
4/11/2001;258,75
4/12/2001;260,15
4/13/2001;259,25
4/16/2001;263,35
4/17/2001;261
4/18/2001;261,25
4/19/2001;265,6
4/20/2001;264,65
4/23/2001;263,75
4/24/2001;264,15
4/25/2001;262,25
4/26/2001;264,15
4/27/2001;263,65
4/30/2001;264,05
5/1/2001;264,55
5/2/2001;265,5
5/3/2001;266,15
5/4/2001;266,15
5/7/2001;266,25
5/8/2001;264,95
5/9/2001;270,05
5/10/2001;269,25
5/11/2001;268,05
5/14/2001;268,35
5/15/2001;268,35
5/16/2001;272,25
5/17/2001;273,75
5/18/2001;287,55
5/21/2001;285,35
5/22/2001;285,35
5/23/2001;283,75
5/24/2001;279,25
5/25/2001;277,65
5/28/2001;277,65
5/29/2001;273,95
5/30/2001;266,05
5/31/2001;265,85
6/1/2001;267,05
6/4/2001;265,75
6/5/2001;266,25
6/6/2001;266,25
6/7/2001;266,35
6/8/2001;273,75
6/11/2001;268,15
6/12/2001;271,85
6/13/2001;272,35
6/14/2001;275,65
6/15/2001;271,55
6/18/2001;272,55
6/19/2001;273,65
6/20/2001;272,75
6/21/2001;272,95
6/22/2001;272,6
6/25/2001;273,95
6/26/2001;276,15
6/27/2001;272,35
6/28/2001;269,25
6/29/2001;270,85
7/2/2001;269,55
7/3/2001;267,75
7/4/2001;267,95
7/5/2001;265,35
7/6/2001;266,25
7/9/2001;266,65
7/10/2001;266,35
7/11/2001;268,45
7/12/2001;266,85
7/13/2001;267,35
7/16/2001;267,15
7/17/2001;268,35
7/18/2001;270,75
7/19/2001;269,55
7/20/2001;270,05
7/23/2001;268,85
7/24/2001;269,75
7/25/2001;267,75
7/26/2001;266,45
7/27/2001;267,55
7/30/2001;265,25
7/31/2001;266,65
8/1/2001;267,55
8/2/2001;268,05
8/3/2001;268,55
8/6/2001;267,75
8/7/2001;267,65
8/8/2001;268,35
8/9/2001;274,15
8/10/2001;274,55
8/13/2001;275,95
8/14/2001;276,75
8/15/2001;275,85
8/16/2001;275,35
8/17/2001;279,25
8/20/2001;276,05
8/21/2001;275,05
8/22/2001;274,55
8/23/2001;275,55
8/24/2001;272,85
8/27/2001;272,75
8/28/2001;272,25
8/29/2001;273,75
8/30/2001;275,25
8/31/2001;274,4
9/3/2001;273,5
9/4/2001;271,65
9/5/2001;272,05
9/6/2001;273,15
9/7/2001;273,15
9/10/2001;271,75
9/11/2001;286,25
9/12/2001;278,25
9/13/2001;281,25
9/14/2001;285,55
9/17/2001;289,45
9/18/2001;287,75
9/19/2001;290,5
9/20/2001;288,65
9/21/2001;291,45
9/24/2001;289,25
9/25/2001;289,75
9/26/2001;293,25
9/27/2001;291,95
9/28/2001;293,25
10/1/2001;291,7
10/2/2001;289,45
10/3/2001;289,45
10/4/2001;289,85
10/5/2001;291
10/8/2001;291,9
10/9/2001;288
10/10/2001;284,85
10/11/2001;281,25
10/12/2001;284,45
10/15/2001;281,45
10/16/2001;281,35
10/17/2001;282,45
10/18/2001;279,45
10/19/2001;279,65
10/22/2001;275,55
10/23/2001;275,95
10/24/2001;275,45
10/25/2001;277,25
10/26/2001;277,35
10/29/2001;279,27
10/30/2001;280,5
10/31/2001;279,65
11/1/2001;279,65
11/2/2001;279,95
11/5/2001;278,95
11/6/2001;280,25
11/7/2001;280,75
11/8/2001;276,75
11/9/2001;277,45
11/12/2001;278,25
11/13/2001;277,55
11/14/2001;278,3
11/15/2001;275,35
11/16/2001;274,85
11/19/2001;272,95
11/20/2001;273,48
11/21/2001;273,15
11/22/2001;272,85
11/23/2001;272,9
11/26/2001;273,15
11/27/2001;273,45
11/28/2001;274,35
11/29/2001;274,05
11/30/2001;274,4
12/3/2001;277,25
12/4/2001;275,7
12/5/2001;274,45
12/6/2001;274,55
12/7/2001;274,55
12/10/2001;273,15
12/11/2001;272,8
12/12/2001;274,55
12/13/2001;274,45
12/14/2001;278,45
12/17/2001;278,15
12/18/2001;280,45
12/19/2001;276,15
12/20/2001;276,25
12/21/2001;278,15
12/24/2001;278,05
12/25/2001;278,75
12/26/2001;279,38
12/27/2001;277,05
12/28/2001;276,55
12/31/2001;278,95
1/1/2002;278,95
1/2/2002;278,75
1/3/2002;278,45
1/4/2002;278,95
1/7/2002;278,75
1/8/2002;279,05
1/9/2002;283,95
1/10/2002;286,35
1/11/2002;287,55
1/14/2002;284,95
1/15/2002;284,65
1/16/2002;287,15
1/17/2002;284,05
1/18/2002;283,55
1/21/2002;282,55
1/22/2002;282
1/23/2002;279,25
1/24/2002;278,98
1/25/2002;279,45
1/28/2002;278,65
1/29/2002;281,85
1/30/2002;281,9
1/31/2002;282,55
2/1/2002;286,25
2/4/2002;289,9
2/5/2002;297,55
2/6/2002;297
2/7/2002;301,15
2/8/2002;303,75
2/11/2002;299,75
2/12/2002;300,25
2/13/2002;299,25
2/14/2002;300
2/15/2002;297,85
2/18/2002;297,75
2/19/2002;293,1
2/20/2002;291,45
2/21/2002;292,75
2/22/2002;292,75
2/25/2002;292,55
2/26/2002;297,75
2/27/2002;296,8
2/28/2002;296,55
3/1/2002;298,15
3/4/2002;296,85
3/5/2002;293,95
3/6/2002;293,5
3/7/2002;289,55
3/8/2002;289,75
3/11/2002;290,7
3/12/2002;293,85
3/13/2002;293,35
3/14/2002;291,25
3/15/2002;290,05
3/18/2002;292,57
3/19/2002;293,2
3/20/2002;292,45
3/21/2002;293,15
3/22/2002;297,75
3/25/2002;298,25
3/26/2002;296,75
3/27/2002;302,38
3/28/2002;302,65
3/29/2002;302,65
4/1/2002;303,35
4/2/2002;305,85
4/3/2002;302,55
4/4/2002;301
4/5/2002;300,05
4/8/2002;300,5
4/9/2002;298,55
4/10/2002;301,25
4/11/2002;302,6
4/12/2002;302,15
4/15/2002;299,85
4/16/2002;299
4/17/2002;302,05
4/18/2002;303,65
4/19/2002;302,35
4/22/2002;302,9
4/23/2002;303,65
4/24/2002;304,05
4/25/2002;307,65
4/26/2002;311,35
4/29/2002;311,1
4/30/2002;308,45
5/1/2002;308,75
5/2/2002;307,85
5/3/2002;311,95
5/6/2002;312,3
5/7/2002;311,45
5/8/2002;308,15
5/9/2002;309,55
5/10/2002;311,05
5/13/2002;310,85
5/14/2002;307,65
5/15/2002;309,05
5/16/2002;309,85
5/17/2002;311,05
5/20/2002;315,95
5/21/2002;316,15
5/22/2002;317,95
5/23/2002;322,05
5/24/2002;320,55
5/27/2002;320,25
5/28/2002;324,25
5/29/2002;325,05
5/30/2002;325,05
5/31/2002;326,55
6/3/2002;327,65
6/4/2002;327,85
6/5/2002;321,45
6/6/2002;325,65
6/7/2002;323,95
6/10/2002;319,05
6/11/2002;321,05
6/12/2002;319,25
6/13/2002;318,15
6/14/2002;319,35
6/17/2002;316,85
6/18/2002;320,05
6/19/2002;320,85
6/20/2002;323,95
6/21/2002;324,65
6/24/2002;322,45
6/25/2002;321,35
6/26/2002;319,25
6/27/2002;318,25
6/28/2002;314,45
7/1/2002;315,15
7/2/2002;312,95
7/3/2002;311,15
7/4/2002;310,75
7/5/2002;311,55
7/8/2002;312,85
7/9/2002;316,85
7/10/2002;316,35
7/11/2002;316,5
7/12/2002;316,05
7/15/2002;318,15
7/16/2002;318,25
7/17/2002;317,65
7/18/2002;317,95
7/19/2002;323,95
7/22/2002;323,15
7/23/2002;313,25
7/24/2002;311,25
7/25/2002;310,05
7/26/2002;303,75
7/29/2002;302,55
7/30/2002;304,75
7/31/2002;303,55
8/1/2002;304,65
8/2/2002;307,35
8/5/2002;308,15
8/6/2002;306,35
8/7/2002;314,05
8/8/2002;310,65
8/9/2002;314,55
8/12/2002;314,25
8/13/2002;315,65
8/14/2002;311,65
8/15/2002;314,65
8/16/2002;313,95
8/19/2002;306,75
8/20/2002;309,45
8/21/2002;308,05
8/22/2002;307,05
8/23/2002;307,05
8/26/2002;309,45
8/27/2002;312,75
8/28/2002;310,05
8/29/2002;313,45
8/30/2002;312,75
9/2/2002;312,25
9/3/2002;314,15
9/4/2002;314,65
9/5/2002;319,25
9/6/2002;320,25
9/9/2002;321,25
9/10/2002;317,75
9/11/2002;317,65
9/12/2002;319,05
9/13/2002;316,85
9/16/2002;317,45
9/17/2002;318,35
9/18/2002;320,35
9/19/2002;323,35
9/20/2002;322,15
9/23/2002;323,25
9/24/2002;326,15
9/25/2002;322,25
9/26/2002;320,05
9/27/2002;319,95
9/30/2002;323,55
10/1/2002;320,35
10/2/2002;323,05
10/3/2002;321,65
10/4/2002;322,25
10/7/2002;322,45
10/8/2002;318,25
10/9/2002;320,05
10/10/2002;316,85
10/11/2002;316,75
10/14/2002;317,95
10/15/2002;313,55
10/16/2002;314,55
10/17/2002;311,45
10/18/2002;312,85
10/21/2002;311,15
10/22/2002;313,05
10/23/2002;311,95
10/24/2002;311,65
10/25/2002;313,85
10/28/2002;315,65
10/29/2002;316,85
10/30/2002;316,05
10/31/2002;317,75
11/1/2002;319,75
11/4/2002;318,55
11/5/2002;317,75
11/6/2002;318,15
11/7/2002;321,05
11/8/2002;321,55
11/11/2002;321,75
11/12/2002;324,45
11/13/2002;319,15
11/14/2002;318,25
11/15/2002;320,55
11/18/2002;319,25
11/19/2002;318,95
11/20/2002;317,85
11/21/2002;317,65
11/22/2002;321,05
11/25/2002;318,15
11/26/2002;318,35
11/27/2002;316,75
11/28/2002;317,85
11/29/2002;318,15
12/2/2002;317,85
12/3/2002;320,75
12/4/2002;322,15
12/5/2002;324,65
12/6/2002;326,25
12/9/2002;326
12/10/2002;323,75
12/11/2002;324,85
12/12/2002;331,25
12/13/2002;333,15
12/16/2002;336,65
12/17/2002;336,75
12/18/2002;343,25
12/19/2002;345,55
12/20/2002;340,75
12/23/2002;345,65
12/24/2002;346,55
12/25/2002;343,85
12/26/2002;349,65
12/27/2002;349,25
12/30/2002;343,65
12/31/2002;348,05
1/1/2003;348,05
1/2/2003;346,05
1/3/2003;351,25
1/6/2003;351,25
1/7/2003;347,25
1/8/2003;353,63
1/9/2003;352,75
1/10/2003;354,75
1/13/2003;354,55
1/14/2003;351,35
1/15/2003;350,75
1/16/2003;357,45
1/17/2003;356,55
1/20/2003;355,75
1/21/2003;357,75
1/22/2003;361,85
1/23/2003;363,05
1/24/2003;368,25
1/27/2003;369,65
1/28/2003;369,25
1/29/2003;365,95
1/30/2003;370,35
1/31/2003;368,15
2/3/2003;371,05
2/4/2003;381,25
2/5/2003;371,75
2/6/2003;370,05
2/7/2003;369,75
2/10/2003;362,15
2/11/2003;363,88
2/12/2003;352,75
2/13/2003;356,55
2/14/2003;351,55
2/17/2003;345,55
2/18/2003;343,55
2/19/2003;349,45
2/20/2003;352,25
2/21/2003;351,35
2/24/2003;357,75
2/25/2003;351,85
2/26/2003;354,35
2/27/2003;345,45
2/28/2003;349,95
3/3/2003;349,05
3/4/2003;354,25
3/5/2003;353,55
3/6/2003;356,25
3/7/2003;350,75
3/10/2003;354,45
3/11/2003;350,65
3/12/2003;345,75
3/13/2003;334,35
3/14/2003;336,35
3/17/2003;336,55
3/18/2003;337,85
3/19/2003;336,45
3/20/2003;332,25
3/21/2003;326,05
3/24/2003;329,65
3/25/2003;328,55
3/26/2003;330,25
3/27/2003;329,25
3/28/2003;331,85
3/31/2003;337,45
4/1/2003;334,95
4/2/2003;329,95
4/3/2003;325,25
4/4/2003;325,55
4/7/2003;323,05
4/8/2003;322,75
4/9/2003;326,85
4/10/2003;326,55
4/11/2003;328,05
4/14/2003;324,85
4/15/2003;324,95
4/16/2003;326,45
4/17/2003;327,15
4/18/2003;325,95
4/21/2003;333,55
4/22/2003;332,95
4/23/2003;331,25
4/24/2003;334,45
4/25/2003;333,25
4/28/2003;333,85
4/29/2003;334,25
4/30/2003;338,55
5/1/2003;341,75
5/2/2003;340,95
5/5/2003;342,25
5/6/2003;344,25
5/7/2003;342,05
5/8/2003;348,65
5/9/2003;348,55
5/12/2003;351,25
5/13/2003;349,85
5/14/2003;352,45
5/15/2003;351,95
5/16/2003;354,75
5/19/2003;366,25
5/20/2003;367,95
5/21/2003;371,55
5/22/2003;367,05
5/23/2003;368,75
5/26/2003;370,35
5/27/2003;366,25
5/28/2003;365,05
5/29/2003;369,25
5/30/2003;364,45
6/2/2003;365,85
6/3/2003;365,25
6/4/2003;361,27
6/5/2003;368,75
6/6/2003;363,75
6/9/2003;361,85
6/10/2003;352,15
6/11/2003;355,65
6/12/2003;353,45
6/13/2003;356,65
6/16/2003;359,15
6/17/2003;363,35
6/18/2003;357,35
6/19/2003;361,35
6/20/2003;357,38
6/23/2003;353
6/24/2003;346,8
6/25/2003;347,4
6/26/2003;344,15
6/27/2003;345,25
6/30/2003;346,4
7/1/2003;350,75
7/2/2003;351,5
7/3/2003;351,15
7/4/2003;350,85
7/7/2003;348,25
7/8/2003;344,45
7/9/2003;344,55
7/10/2003;345,45
7/11/2003;345,2
7/14/2003;347,3
7/15/2003;342,15
7/16/2003;343,55
7/17/2003;344,75
7/18/2003;347,25
7/21/2003;351,75
7/22/2003;350,75
7/23/2003;359,65
7/24/2003;361,65
7/25/2003;362,75
7/28/2003;365,15
7/29/2003;361,85
7/30/2003;356,35
7/31/2003;354,35
8/1/2003;346,15
8/4/2003;349,45
8/5/2003;352,05
8/6/2003;351,75
8/7/2003;352,85
8/8/2003;356,75
8/11/2003;361,85
8/12/2003;358,45
8/13/2003;362,7
8/14/2003;365,95
8/15/2003;363,75
8/18/2003;358,35
8/19/2003;362,05
8/20/2003;366,25
8/21/2003;360,75
8/22/2003;362,95
8/25/2003;361,25
8/26/2003;364,45
8/27/2003;372,55
8/28/2003;369,65
8/29/2003;375,55
9/1/2003;375,55
9/2/2003;371,95
9/3/2003;373,85
9/4/2003;373,35
9/5/2003;377,35
9/8/2003;375,25
9/9/2003;382,65
9/10/2003;380,45
9/11/2003;380,15
9/12/2003;375,25
9/15/2003;374,05
9/16/2003;373,25
9/17/2003;376,75
9/18/2003;376,35
9/19/2003;381,85
9/22/2003;387,1
9/23/2003;384,75
9/24/2003;388,85
9/25/2003;385,35
9/26/2003;380,85
9/29/2003;382,25
9/30/2003;385,35
10/1/2003;384,75
10/2/2003;382,85
10/3/2003;369,55
10/6/2003;372,95
10/7/2003;376,45
10/8/2003;375,25
10/9/2003;370,05
10/10/2003;373,05
10/13/2003;374,75
10/14/2003;375,25
10/15/2003;372,95
10/16/2003;371,65
10/17/2003;371,65
10/20/2003;373,35
10/21/2003;380,75
10/22/2003;385,85
10/23/2003;384,25
10/24/2003;388,55
10/27/2003;387,95
10/28/2003;382,85
10/29/2003;386,5
10/30/2003;383,55
10/31/2003;384,25
11/3/2003;376,65
11/4/2003;379,55
11/5/2003;381,35
11/6/2003;379,95
11/7/2003;383,05
11/10/2003;385,95
11/11/2003;387,95
11/12/2003;394,05
11/13/2003;394,65
11/14/2003;397,55
11/17/2003;391,05
11/18/2003;398,75
11/19/2003;395,05
11/20/2003;394,45
11/21/2003;396,05
11/24/2003;391,48
11/25/2003;391,25
11/26/2003;396,65
11/27/2003;395,25
11/28/2003;398,15
12/1/2003;402,25
12/2/2003;403,25
12/3/2003;404,75
12/4/2003;402,75
12/5/2003;406,35
12/8/2003;406,75
12/9/2003;408,25
12/10/2003;405,45
12/11/2003;404,95
12/12/2003;408,85
12/15/2003;409,75
12/16/2003;407,25
12/17/2003;412,55
12/18/2003;410,75
12/19/2003;409,35
12/22/2003;410,05
12/23/2003;410,75
12/24/2003;412,05
12/25/2003;412,95
12/26/2003;412,25
12/29/2003;414,57
12/30/2003;416,25
12/31/2003;415,45
1/1/2004;415,85
1/2/2004;415,85
1/5/2004;423,65
1/6/2004;422,35
1/7/2004;420,55
1/8/2004;423,88
1/9/2004;426,38
1/12/2004;424,45
1/13/2004;424,15
1/14/2004;419,95
1/15/2004;408,88
1/16/2004;406,75
1/19/2004;407,25
1/20/2004;412,85
1/21/2004;410,55
1/22/2004;409,35
1/23/2004;408,07
1/26/2004;404,05
1/27/2004;410,35
1/28/2004;410,35
1/29/2004;399,35
1/30/2004;402,45
2/2/2004;398,35
2/3/2004;399,65
2/4/2004;400,75
2/5/2004;396,95
2/6/2004;403,35
2/9/2004;406,75
2/10/2004;406,35
2/11/2004;411,15
2/12/2004;411,85
2/13/2004;410,15
2/16/2004;411,65
2/17/2004;415,55
2/18/2004;410,95
2/19/2004;409,98
2/20/2004;397,55
2/23/2004;398,65
2/24/2004;403,85
2/25/2004;396,05
2/26/2004;395,05
2/27/2004;396,15
3/1/2004;399,55
3/2/2004;393,05
3/3/2004;393,35
3/4/2004;393,05
3/5/2004;401,25
3/8/2004;401,45
3/9/2004;402,75
3/10/2004;400,15
3/11/2004;402,93
3/12/2004;395,25
3/15/2004;399,48
3/16/2004;402,25
3/17/2004;407,35
3/18/2004;411,35
3/19/2004;412,35
3/22/2004;417,25
3/23/2004;419,75
3/24/2004;415,55
3/25/2004;416,25
3/26/2004;422,35
3/29/2004;417,85
3/30/2004;420,85
3/31/2004;426,45
4/1/2004;425,9
4/2/2004;420,65
4/5/2004;415,65
4/6/2004;419,45
4/7/2004;423,05
4/8/2004;420,05
4/9/2004;420,05
4/12/2004;418,65
4/13/2004;406,65
4/14/2004;400,55
4/15/2004;399,35
4/16/2004;400,55
4/19/2004;401,05
4/20/2004;394,85
4/21/2004;390,05
4/22/2004;392,95
4/23/2004;395,05
4/26/2004;396,35
4/27/2004;398,75
4/28/2004;385,65
4/29/2004;387,85
4/30/2004;386,75
5/3/2004;387,15
5/4/2004;392,65
5/5/2004;393,25
5/6/2004;387,75
5/7/2004;378,75
5/10/2004;378,75
5/11/2004;377,85
5/12/2004;378,13
5/13/2004;374,85
5/14/2004;376,65
5/17/2004;379,15
5/18/2004;377,15
5/19/2004;382,45
5/20/2004;379,65
5/21/2004;384,35
5/24/2004;385,55
5/25/2004;388,65
5/26/2004;388,75
5/27/2004;394,75
5/28/2004;393,35
5/31/2004;395,55
6/1/2004;394,65
6/2/2004;391,55
6/3/2004;388,35
6/4/2004;389,95
6/7/2004;393,75
6/8/2004;391,35
6/9/2004;384,65
6/10/2004;386,05
6/11/2004;384,55
6/14/2004;383,55
6/15/2004;389,05
6/16/2004;384,65
6/17/2004;388,88
6/18/2004;394,85
6/21/2004;393,85
6/22/2004;394,95
6/23/2004;395,75
6/24/2004;402,15
6/25/2004;401,55
6/28/2004;400,88
6/29/2004;392,55
6/30/2004;394,25
7/1/2004;395,95
7/2/2004;397,95
7/5/2004;398,25
7/6/2004;392,75
7/7/2004;402,45
7/8/2004;407,95
7/9/2004;407,65
7/12/2004;407,95
7/13/2004;401,65
7/14/2004;405,45
7/15/2004;404,05
7/16/2004;406,65
7/19/2004;405,65
7/20/2004;400,15
7/21/2004;396,75
7/22/2004;395,05
7/23/2004;390,15
7/26/2004;388,95
7/27/2004;387,25
7/28/2004;387,85
7/29/2004;387,55
7/30/2004;391,05
8/2/2004;392,15
8/3/2004;394,05
8/4/2004;391,65
8/5/2004;392,85
8/6/2004;399,75
8/9/2004;400,25
8/10/2004;398,65
8/11/2004;395,45
8/12/2004;393,75
8/13/2004;398,95
8/16/2004;402,25
8/17/2004;405,05
8/18/2004;404,55
8/19/2004;406,65
8/20/2004;412,75
8/23/2004;409,95
8/24/2004;403,15
8/25/2004;406,55
8/26/2004;406,55
8/27/2004;403,25
8/30/2004;408,05
8/31/2004;409,85
9/1/2004;408,85
9/2/2004;406,35
9/3/2004;401,05
9/6/2004;402,55
9/7/2004;397,75
9/8/2004;399,65
9/9/2004;398,95
9/10/2004;402,75
9/13/2004;403,95
9/14/2004;405,43
9/15/2004;405,15
9/16/2004;404,52
9/17/2004;405,65
9/20/2004;405,05
9/21/2004;409,25
9/22/2004;407,35
9/23/2004;410,13
9/24/2004;407,82
9/27/2004;408,63
9/28/2004;412,25
9/29/2004;412,95
9/30/2004;418,25
10/1/2004;419,46
10/4/2004;414,05
10/5/2004;418,75
10/6/2004;417,88
10/7/2004;417,65
10/8/2004;422,77
10/11/2004;422,05
10/12/2004;415,25
10/13/2004;416,25
10/14/2004;417,75
10/15/2004;418,8
10/18/2004;416,25
10/19/2004;419,85
10/20/2004;424,13
10/21/2004;423,75
10/22/2004;424,23
10/25/2004;428,45
10/26/2004;426,85
10/27/2004;424,25
10/28/2004;424,35
10/29/2004;428,55
11/1/2004;427,55
11/2/2004;421,55
11/3/2004;426,85
11/4/2004;429,55
11/5/2004;433,55
11/8/2004;431,95
11/9/2004;435,15
11/10/2004;434,55
11/11/2004;434,88
11/12/2004;437,85
11/15/2004;436,75
11/16/2004;439,45
11/17/2004;444,65
11/18/2004;442,95
11/19/2004;447,05
11/22/2004;448,94
11/23/2004;447,05
11/24/2004;449,55
11/25/2004;451,69
11/26/2004;451,95
11/29/2004;453,95
11/30/2004;450,95
12/1/2004;454,75
12/2/2004;449,25
12/3/2004;455,9
12/6/2004;452,25
12/7/2004;450,9
12/8/2004;440,6
12/9/2004;437,3
12/10/2004;434,2
12/13/2004;438,85
12/14/2004;435,6
12/15/2004;440,6
12/16/2004;437,2
12/17/2004;441,5
12/20/2004;442,99
12/21/2004;441,6
12/22/2004;439,7
12/23/2004;442,25
12/24/2004;442,65
12/27/2004;444,35
12/28/2004;443,75
12/29/2004;436,45
12/30/2004;438
12/31/2004;438,45
1/3/2005;429,55
1/4/2005;427,55
1/5/2005;426,55
1/6/2005;421,4
1/7/2005;419,05
1/10/2005;419,63
1/11/2005;421,65
1/12/2005;426,15
1/13/2005;425,2
1/14/2005;423,15
1/17/2005;422,13
1/18/2005;423,05
1/19/2005;423,15
1/20/2005;422,35
1/21/2005;427,25
1/24/2005;427,35
1/25/2005;422,2
1/26/2005;426,8
1/27/2005;426,2
1/28/2005;427
1/31/2005;422,6
2/1/2005;421,13
2/2/2005;421,96
2/3/2005;417,2
2/4/2005;414,7
2/7/2005;413,4
2/8/2005;412,7
2/9/2005;413,35
2/10/2005;417,8
2/11/2005;420,9
2/14/2005;425,75
2/15/2005;425,75
2/16/2005;425,2
2/17/2005;427,18
2/18/2005;427,42
2/21/2005;427,44
2/22/2005;435,85
2/23/2005;434,55
2/24/2005;433,75
2/25/2005;435,25
2/28/2005;435,65
3/1/2005;432,6
3/2/2005;432,95
3/3/2005;429,65
3/4/2005;434,3
3/7/2005;434,55
3/8/2005;440,55
3/9/2005;440,6
3/10/2005;442,13
3/11/2005;444,94
3/14/2005;440,98
3/15/2005;440,7
3/16/2005;443,15
3/17/2005;438,8
3/18/2005;439,35
3/21/2005;431,2
3/22/2005;427,12
3/23/2005;425,35
3/24/2005;425,05
3/25/2005;424,88
3/28/2005;426,2
3/29/2005;426,1
3/30/2005;426,35
3/31/2005;428,35
4/1/2005;426,25
4/4/2005;424,25
4/5/2005;425,35
4/6/2005;426,7
4/7/2005;425,9
4/8/2005;427,1
4/11/2005;428
4/12/2005;428,2
4/13/2005;428,9
4/14/2005;424
4/15/2005;424,9
4/18/2005;427,35
4/19/2005;434
4/20/2005;434,6
4/21/2005;432,57
4/22/2005;434,6
4/25/2005;434,7
4/26/2005;437,1
4/27/2005;432,46
4/28/2005;431,4
4/29/2005;434,39
5/2/2005;429,8
5/3/2005;427,9
5/4/2005;429,8
5/5/2005;430,4
5/6/2005;426,2
5/9/2005;426,1
5/10/2005;426,6
5/11/2005;427,4
5/12/2005;422,4
5/13/2005;420,4
5/16/2005;419,75
5/17/2005;418,75
5/18/2005;421,75
5/19/2005;420,6
5/20/2005;417,65
5/23/2005;417,55
5/24/2005;418,35
5/25/2005;419,55
5/26/2005;417,8
5/27/2005;420,45
5/30/2005;418,55
5/31/2005;417,25
6/1/2005;415,4
6/2/2005;421,8
6/3/2005;422,45
6/6/2005;425,95
6/7/2005;424,75
6/8/2005;423,15
6/9/2005;423,7
6/10/2005;427,05
6/13/2005;428,9
6/14/2005;426,85
6/15/2005;428,9
6/16/2005;435,65
6/17/2005;437,65
6/20/2005;437,9
6/21/2005;438,6
6/22/2005;438,15
6/23/2005;441,3
6/24/2005;439,95
6/27/2005;439,8
6/28/2005;435,55
6/29/2005;437,25
6/30/2005;435,5
7/1/2005;427,39
7/4/2005;427,9
7/5/2005;423,6
7/6/2005;423,76
7/7/2005;424,19
7/8/2005;423,1
7/11/2005;425,9
7/12/2005;426,95
7/13/2005;424,1
7/14/2005;419,6
7/15/2005;421,55
7/18/2005;421,05
7/19/2005;420,1
7/20/2005;423,15
7/21/2005;425,6
7/22/2005;425
7/25/2005;425,85
7/26/2005;423,5
7/27/2005;425,5
7/28/2005;428
7/29/2005;429,8
8/1/2005;432,2
8/2/2005;432,3
8/3/2005;436,8
8/4/2005;437,6
8/5/2005;437,3
8/8/2005;435
8/9/2005;434,8
8/10/2005;437,6
8/11/2005;445,9
8/12/2005;446,2
8/15/2005;442,4
8/16/2005;446,15
8/17/2005;440,1
8/18/2005;439,7
8/19/2005;436,3
8/22/2005;438,2
8/23/2005;439,2
8/24/2005;437,68
8/25/2005;438,7
8/26/2005;437,7
8/29/2005;436,9
8/30/2005;431,6
8/31/2005;435,2
9/1/2005;443,25
9/2/2005;444,4
9/5/2005;445,35
9/6/2005;444
9/7/2005;444,7
9/8/2005;447,4
9/9/2005;449,2
9/12/2005;449,75
9/13/2005;446,5
9/14/2005;450,3
9/15/2005;455,75
9/16/2005;459,75
9/19/2005;464,75
9/20/2005;463,85
9/21/2005;472,35
9/22/2005;466,05
9/23/2005;463,25
9/26/2005;466,65
9/27/2005;462,5
9/28/2005;469
9/29/2005;472,15
9/30/2005;469,3
10/3/2005;465,95
10/4/2005;466,25
10/5/2005;464,75
10/6/2005;473,45
10/7/2005;474,85
10/10/2005;475,25
10/11/2005;475,5
10/12/2005;470,9
10/13/2005;471,6
10/14/2005;469,7
10/17/2005;474
10/18/2005;472,2
10/19/2005;464,55
10/20/2005;461,2
10/21/2005;466,89
10/24/2005;465,25
10/25/2005;472,6
10/26/2005;470,95
10/27/2005;473,65
10/28/2005;473,5
10/31/2005;465,19
11/1/2005;459,15
11/2/2005;463,2
11/3/2005;461,1
11/4/2005;456,9
11/7/2005;459,6
11/8/2005;460,8
11/9/2005;467,1
11/10/2005;466,85
11/11/2005;468,7
11/14/2005;467,5
11/15/2005;468,52
11/16/2005;479,3
11/17/2005;486
11/18/2005;485,8
11/21/2005;491,76
11/22/2005;494,57
11/23/2005;492,5
11/24/2005;493,5
11/25/2005;496,07
11/28/2005;498,7
11/29/2005;499,8
11/30/2005;493,08
12/1/2005;503,9
12/2/2005;503,38
12/5/2005;509,4
12/6/2005;511,4
12/7/2005;515,2
12/8/2005;521,13
12/9/2005;526,4
12/12/2005;528
12/13/2005;518,7
12/14/2005;506,5
12/15/2005;502,98
12/16/2005;503,25
12/19/2005;503,8
12/20/2005;492,25
12/21/2005;495,32
12/22/2005;504,32
12/23/2005;502,8
12/26/2005;505,13
12/27/2005;507,9
12/28/2005;516,6
12/29/2005;516,9
12/30/2005;517
1/2/2006;516,88
1/3/2006;534,15
1/4/2006;534,4
1/5/2006;524,8
1/6/2006;539,95
1/9/2006;548,95
1/10/2006;542,5
1/11/2006;547,5
1/12/2006;546,4
1/13/2006;557,35
1/16/2006;562,2
1/17/2006;554,8
1/18/2006;542,95
1/19/2006;557,8
1/20/2006;554,5
1/23/2006;559,4
1/24/2006;558,6
1/25/2006;563,4
1/26/2006;560,65
1/27/2006;559,5
1/30/2006;568,35
1/31/2006;568,9
2/1/2006;569,35
2/2/2006;572,2
2/3/2006;568,89
2/6/2006;569,9
2/7/2006;548,45
2/8/2006;551,45
2/9/2006;564,4
2/10/2006;551
2/13/2006;540,35
2/14/2006;547,55
2/15/2006;539,95
2/16/2006;548,15
2/17/2006;552,1
2/20/2006;555,85
2/21/2006;554,35
2/22/2006;555,2
2/23/2006;548,85
2/24/2006;559,05
2/27/2006;553,95
2/28/2006;561,55
3/1/2006;562,95
3/2/2006;569,85
3/3/2006;565,4
3/6/2006;555,35
3/7/2006;552,7
3/8/2006;543,55
3/9/2006;546,05
3/10/2006;541,05
3/13/2006;545,9
3/14/2006;551,05
3/15/2006;552,95
3/16/2006;555,4
3/17/2006;554,1
3/20/2006;554,9
3/21/2006;552,1
3/22/2006;550,8
3/23/2006;549,8
3/24/2006;560,13
3/27/2006;567,3
3/28/2006;563,6
3/29/2006;573,6
3/30/2006;588,65
3/31/2006;583,65
4/3/2006;587,85
4/4/2006;586,7
4/5/2006;588,5
4/6/2006;595,3
4/7/2006;588,85
4/10/2006;599,75
4/11/2006;593,41
4/12/2006;598,38
4/13/2006;596,48
4/14/2006;603
4/17/2006;613,48
4/18/2006;621,08
4/19/2006;640,2
4/20/2006;612,5
4/21/2006;633,98
4/24/2006;620,7
4/25/2006;630,3
4/26/2006;638,63
4/27/2006;633,63
4/28/2006;654,42
5/1/2006;655,1
5/2/2006;668,8
5/3/2006;667
5/4/2006;679,7
5/5/2006;683,8
5/8/2006;678,7
5/9/2006;700,9
5/10/2006;707,9
5/11/2006;714,3
5/12/2006;714,8
5/15/2006;677,4
5/16/2006;690,4
5/17/2006;687,1
5/18/2006;682,3
5/19/2006;657,6
5/22/2006;656,05
5/23/2006;666,5
5/24/2006;640,7
5/25/2006;650,9
5/26/2006;653,7
5/29/2006;647,77
5/30/2006;652,9
5/31/2006;645,2
6/1/2006;629,6
6/2/2006;638,2
6/5/2006;637,15
6/6/2006;630,65
6/7/2006;626,45
6/8/2006;613,25
6/9/2006;607,45
6/12/2006;604,25
6/13/2006;562,05
6/14/2006;559,75
6/15/2006;577,05
6/16/2006;581,15
6/19/2006;565,25
6/20/2006;575,85
6/21/2006;587,55
6/22/2006;580,65
6/23/2006;583,05
6/26/2006;585,25
6/27/2006;579,05
6/28/2006;580,15
6/29/2006;599,65
6/30/2006;615,85
7/3/2006;623,5
7/4/2006;620,25
7/5/2006;628,15
7/6/2006;633,02
7/7/2006;629,25
7/10/2006;624,15
7/11/2006;641,45
7/12/2006;651,52
7/13/2006;660,05
7/14/2006;664,15
7/17/2006;643,02
7/18/2006;633,05
7/19/2006;642,75
7/20/2006;628,15
7/21/2006;619,75
7/24/2006;615,25
7/25/2006;619,13
7/26/2006;624,75
7/27/2006;634,35
7/28/2006;634,75
7/31/2006;636,75
8/1/2006;646,85
8/2/2006;651,25
8/3/2006;644,92
8/4/2006;646,5
8/7/2006;648,65
8/8/2006;642,55
8/9/2006;650,02
8/10/2006;636,25
8/11/2006;632,55
8/14/2006;626,7
8/15/2006;624,8
8/16/2006;629,05
8/17/2006;614
8/18/2006;614,9
8/21/2006;628,1
8/22/2006;625
8/23/2006;622,35
8/24/2006;621,4
8/25/2006;622,52
8/28/2006;614,77
8/29/2006;614,95
8/30/2006;619,27
8/31/2006;627,3
9/1/2006;625,45
9/4/2006;626,5
9/5/2006;638,3
9/6/2006;633,7
9/7/2006;616,8
9/8/2006;610,8
9/11/2006;589,75
9/12/2006;587,45
9/13/2006;590,19
9/14/2006;575,25
9/15/2006;579,34
9/18/2006;587,2
9/19/2006;573,65
9/20/2006;576,8
9/21/2006;584,2
9/22/2006;589,6
9/25/2006;590,79
9/26/2006;592
9/27/2006;603,1
9/28/2006;601,3
9/29/2006;598,3
10/2/2006;596,7
10/3/2006;574,5
10/4/2006;567
10/5/2006;574,3
10/6/2006;574,1
10/9/2006;577,1
10/10/2006;573
10/11/2006;573
10/12/2006;579,3
10/13/2006;590,4
10/16/2006;596
10/17/2006;590,1
10/18/2006;590,2
10/19/2006;599,4
10/20/2006;591,5
10/23/2006;581,95
10/24/2006;586,45
10/25/2006;591,05
10/26/2006;597,15
10/27/2006;599,95
10/30/2006;604,1
10/31/2006;606,6
11/1/2006;617,6
11/2/2006;624,7
11/3/2006;627,4
11/6/2006;623,2
11/7/2006;624,8
11/8/2006;615,8
11/9/2006;633,4
11/10/2006;628,55
11/13/2006;625,7
11/14/2006;620,88
11/15/2006;623,1
11/16/2006;618,25
11/17/2006;621,7
11/20/2006;622,9
11/21/2006;627,5
11/22/2006;630,3
11/23/2006;631,25
11/24/2006;638,2
11/27/2006;640,6
11/28/2006;640
11/29/2006;636,65
11/30/2006;648
12/1/2006;645,6
12/4/2006;646,2
12/5/2006;643,15
12/6/2006;630,95
12/7/2006;633,84
12/8/2006;625,15
12/11/2006;630,45
12/12/2006;630,05
12/13/2006;628,75
12/14/2006;625,85
12/15/2006;615,35
12/18/2006;616,25
12/19/2006;622,95
12/20/2006;620,44
12/21/2006;618,5
12/22/2006;621,01
12/25/2006;620,75
12/26/2006;624,7
12/27/2006;627,2
12/28/2006;634,9
12/29/2006;636,7
1/1/2007;636,8
1/2/2007;640,5
1/3/2007;627,5
1/4/2007;622
1/5/2007;607,4
1/8/2007;610
1/9/2007;613,7
1/10/2007;611,3
1/11/2007;611,6
1/12/2007;627,2
1/15/2007;626,7
1/16/2007;624,8
1/17/2007;631,8
1/18/2007;627,7
1/19/2007;635,4
1/22/2007;633,4
1/23/2007;646,7
1/24/2007;648,8
1/25/2007;646,1
1/26/2007;646
1/29/2007;643,7
1/30/2007;647,3
1/31/2007;653,2
2/1/2007;657,2
2/2/2007;647,85
2/5/2007;648,45
2/6/2007;653,3
2/7/2007;651,45
2/8/2007;660,45
2/9/2007;666,85
2/12/2007;661,1
2/13/2007;664,25
2/14/2007;669,13
2/15/2007;669,75
2/16/2007;669,05
2/19/2007;670,75
2/20/2007;657,25
2/21/2007;678,85
2/22/2007;677,45
2/23/2007;682,55
2/26/2007;686,55
2/27/2007;663,35
2/28/2007;669,35
3/1/2007;664,45
3/2/2007;642,45
3/5/2007;636,6
3/6/2007;646,5
3/7/2007;649
3/8/2007;651,8
3/9/2007;650,27
3/12/2007;650,5
3/13/2007;643,8
3/14/2007;644,7
3/15/2007;646,6
3/16/2007;653,4
3/19/2007;654,2
3/20/2007;658,8
3/21/2007;664,2
3/22/2007;664
3/23/2007;657,4
3/26/2007;664,1
3/27/2007;664,41
3/28/2007;665,55
3/29/2007;661,5
3/30/2007;663,79
4/2/2007;664
4/3/2007;663,95
4/4/2007;674,35
4/5/2007;674,45
4/6/2007;675
4/9/2007;670,75
4/10/2007;677,9
4/11/2007;677,3
4/12/2007;676,1
4/13/2007;685,52
4/16/2007;690,21
4/17/2007;686,55
4/18/2007;690,05
4/19/2007;682,95
4/20/2007;691,95
4/23/2007;689,15
4/24/2007;683,65
4/25/2007;686,25
4/26/2007;674,75
4/27/2007;681,55
4/30/2007;678,45
5/1/2007;673,45
5/2/2007;673,15
5/3/2007;682,35
5/4/2007;688,85
5/7/2007;688,75
5/8/2007;685,65
5/9/2007;680,55
5/10/2007;665,65
5/11/2007;670,85
5/14/2007;669,75
5/15/2007;672,05
5/16/2007;662,15
5/17/2007;657,65
5/18/2007;661,75
5/21/2007;663,25
5/22/2007;659,25
5/23/2007;661,85
5/24/2007;654,65
5/25/2007;656
5/28/2007;655,55
5/29/2007;656,85
5/30/2007;653,45
5/31/2007;660,5
6/1/2007;671,75
6/4/2007;671,15
6/5/2007;670,05
6/6/2007;670,75
6/7/2007;659,15
6/8/2007;648,85
6/11/2007;653,65
6/12/2007;647,25
6/13/2007;651,75
6/14/2007;651,95
6/15/2007;655,35
6/18/2007;656,35
6/19/2007;661,45
6/20/2007;654,55
6/21/2007;652,04
6/22/2007;654,3
6/25/2007;651
6/26/2007;640,9
6/27/2007;643,65
6/28/2007;648,95
6/29/2007;649,65
7/2/2007;657,25
7/3/2007;653,2
7/4/2007;654,2
7/5/2007;649,5
7/6/2007;655,9
7/9/2007;660,4
7/10/2007;663,3
7/11/2007;660,6
7/12/2007;666,8
7/13/2007;666,9
7/16/2007;664,9
7/17/2007;664,9
7/18/2007;673
7/19/2007;677,5
7/20/2007;683,4
7/23/2007;681,6
7/24/2007;681
7/25/2007;674,9
7/26/2007;662,9
7/27/2007;661,2
7/30/2007;665
7/31/2007;664,3
8/1/2007;666,9
8/2/2007;665,6
8/3/2007;673
8/6/2007;672,1
8/7/2007;672,4
8/8/2007;674,8
8/9/2007;662,1
8/10/2007;672,8
8/13/2007;669,5
8/14/2007;669,1
8/15/2007;667,7
8/16/2007;652,3
8/17/2007;657,8
8/20/2007;656,8
8/21/2007;657,3
8/22/2007;660,8
8/23/2007;660,1
8/24/2007;668,2
8/27/2007;667,6
8/28/2007;662,5
8/29/2007;667,5
8/30/2007;665,3
8/31/2007;673,3
9/3/2007;672,3
9/4/2007;681,8
9/5/2007;681,8
9/6/2007;695,4
9/7/2007;700,8
9/10/2007;703,1
9/11/2007;712,6
9/12/2007;711,6
9/13/2007;708,3
9/14/2007;707,6
9/17/2007;717,9
9/18/2007;723,5
9/19/2007;721,3
9/20/2007;733,8
9/21/2007;731,5
9/24/2007;730,5
9/25/2007;731,7
9/26/2007;728,8
9/27/2007;734,5
9/28/2007;743,6
10/1/2007;747,2
10/2/2007;731,6
10/3/2007;727,9
10/4/2007;738
10/5/2007;742,7
10/8/2007;733,3
10/9/2007;737,9
10/10/2007;741,1
10/11/2007;747,85
10/12/2007;749,85
10/15/2007;759,4
10/16/2007;760,5
10/17/2007;754,8
10/18/2007;768,2
10/19/2007;765,2
10/22/2007;754,2
10/23/2007;759,7
10/24/2007;763,7
10/25/2007;769,3
10/26/2007;785,2
10/29/2007;791,8
10/30/2007;782,1
10/31/2007;796,8
11/1/2007;787,3
11/2/2007;807
11/5/2007;806,5
11/6/2007;825
11/7/2007;831,1
11/8/2007;833,6
11/9/2007;832
11/12/2007;793,5
11/13/2007;802
11/14/2007;812
11/15/2007;788,3
11/16/2007;786,3
11/19/2007;782
11/20/2007;802,8
11/21/2007;800,22
11/22/2007;804,6
11/23/2007;823,8
11/26/2007;824,6
11/27/2007;812,6
11/28/2007;804,5
11/29/2007;793,4
11/30/2007;783,55
12/3/2007;794,3
12/4/2007;801,7
12/5/2007;795,4
12/6/2007;802,2
12/7/2007;794,8
12/10/2007;808,2
12/11/2007;797,1
12/12/2007;813,6
12/13/2007;797,3
12/14/2007;794,87
12/17/2007;793,3
12/18/2007;802,75
12/19/2007;802,3
12/20/2007;796,4
12/21/2007;811,8
12/24/2007;811,8
12/25/2007;807
12/26/2007;824,5
12/27/2007;825,6
12/28/2007;840,5
12/31/2007;833,7
1/1/2008;833,7
1/2/2008;857,5
1/3/2008;864,9
1/4/2008;859,6
1/7/2008;858,1
1/8/2008;878
1/9/2008;878,8
1/10/2008;893,3
1/11/2008;895,4
1/14/2008;904
1/15/2008;887,9
1/16/2008;877
1/17/2008;877,8
1/18/2008;883,1
1/21/2008;865
1/22/2008;892,3
1/23/2008;891,06
1/24/2008;912,9
1/25/2008;913,9
1/28/2008;928,37
1/29/2008;923,44
1/30/2008;929,4
1/31/2008;926,1
2/1/2008;905,3
2/4/2008;903,6
2/5/2008;888,2
2/6/2008;900,3
2/7/2008;910,7
2/8/2008;922,95
2/11/2008;923,45
2/12/2008;906,4
2/13/2008;906,6
2/14/2008;908,2
2/15/2008;902,5
2/18/2008;905,2
2/19/2008;927,8
2/20/2008;944
2/21/2008;946,1
2/22/2008;945,2
2/25/2008;939,6
2/26/2008;948,1
2/27/2008;957,9
2/28/2008;970,9
2/29/2008;973,9
3/3/2008;983,7
3/4/2008;964
3/5/2008;989,8
3/6/2008;979
3/7/2008;973,2
3/10/2008;972,9
3/11/2008;973,3
3/12/2008;982,9
3/13/2008;994,8
3/14/2008;1002,9
3/17/2008;1002,7
3/18/2008;981,4
3/19/2008;944,1
3/20/2008;910,4
3/21/2008;919,5
3/24/2008;915,3
3/25/2008;939
3/26/2008;954
3/27/2008;947,3
3/28/2008;931,4
3/31/2008;916,9
4/1/2008;882,7
4/2/2008;904,5
4/3/2008;902,9
4/4/2008;913,8
4/7/2008;920
4/8/2008;914,9
4/9/2008;934
4/10/2008;928,8
4/11/2008;925,3
4/14/2008;924,5
4/15/2008;927,9
4/16/2008;944,4
4/17/2008;938,8
4/18/2008;916,9
4/21/2008;914,2
4/22/2008;915,9
4/23/2008;904,25
4/24/2008;886,25
4/25/2008;886,3
4/28/2008;893,25
4/29/2008;870,5
4/30/2008;877,55
5/1/2008;852,7
5/2/2008;856,45
5/5/2008;874,2
5/6/2008;876,4
5/7/2008;868,75
5/8/2008;881,85
5/9/2008;884,85
5/12/2008;882,7
5/13/2008;866,95
5/14/2008;864
5/15/2008;881,65
5/16/2008;902,4
5/19/2008;905,2
5/20/2008;919,25
5/21/2008;932,55
5/22/2008;921,85
5/23/2008;925,1
5/26/2008;929,1
5/27/2008;906,45
5/28/2008;900,9
5/29/2008;877,9
5/30/2008;886,5
6/2/2008;891,4
6/3/2008;880,55
6/4/2008;879,45
6/5/2008;877,2
6/6/2008;902,25
6/9/2008;892,92
6/10/2008;867
6/11/2008;880,35
6/12/2008;868,2
6/13/2008;871,55
6/16/2008;882,4
6/17/2008;882,75
6/18/2008;894,35
6/19/2008;898,5
6/20/2008;902,3
6/23/2008;883,8
6/24/2008;889,6
6/25/2008;886,4
6/26/2008;917,3
6/27/2008;927,8
6/30/2008;925,4
7/1/2008;939,65
7/2/2008;945,15
7/3/2008;934,17
7/4/2008;933,3
7/7/2008;925,82
7/8/2008;919,6
7/9/2008;928,6
7/10/2008;947,15
7/11/2008;964,2
7/14/2008;972,6
7/15/2008;977,5
7/16/2008;959,95
7/17/2008;957,45
7/18/2008;955
7/21/2008;965,55
7/22/2008;946,35
7/23/2008;920,85
7/24/2008;928,05
7/25/2008;929,85
7/28/2008;930,6
7/29/2008;918,9
7/30/2008;906,1
7/31/2008;914,1
8/1/2008;910,95
8/4/2008;894,8
8/5/2008;874,4
8/6/2008;879,8
8/7/2008;873,07
8/8/2008;856,6
8/11/2008;823,82
8/12/2008;812,92
8/13/2008;826,8
8/14/2008;806,05
8/15/2008;787,7
8/18/2008;800,07
8/19/2008;814,2
8/20/2008;813,55
8/21/2008;836,87
8/22/2008;823,02
8/25/2008;821,95
8/26/2008;824,92
8/27/2008;826,9
8/28/2008;834,02
8/29/2008;831,15
9/1/2008;817,67
9/2/2008;805,35
9/3/2008;801,3
9/4/2008;796,45
9/5/2008;803,5
9/8/2008;802,3
9/9/2008;777,25
9/10/2008;752,45
9/11/2008;746,85
9/12/2008;765,5
9/15/2008;786,65
9/16/2008;779,73
9/17/2008;863,85
9/18/2008;852,8
9/19/2008;873,55
9/22/2008;897
9/23/2008;892,15
9/24/2008;883
9/25/2008;877,83
9/26/2008;878,75
9/29/2008;908,75
9/30/2008;870,95
10/1/2008;870,87
10/2/2008;836,45
10/3/2008;835,58
10/6/2008;859,75
10/7/2008;887,1
10/8/2008;907,62
10/9/2008;913,25
10/10/2008;850,1
10/13/2008;833,07
10/14/2008;836,85
10/15/2008;847,27
10/16/2008;804,6
10/17/2008;783,35
10/20/2008;796,92
10/21/2008;771,65
10/22/2008;730,5
10/23/2008;721,37
10/24/2008;734,7
10/27/2008;730,8
10/28/2008;746,95
10/29/2008;754,95
10/30/2008;738,75
10/31/2008;723,85
11/3/2008;723,55
11/4/2008;763,27
11/5/2008;740,45
11/6/2008;732,8
11/7/2008;736,65
11/10/2008;746,2
11/11/2008;731,65
11/12/2008;712,25
11/13/2008;736,5
11/14/2008;742,1
11/17/2008;738,05
11/18/2008;738,2
11/19/2008;734,62
11/20/2008;746,6
11/21/2008;800,45
11/24/2008;821,62
11/25/2008;821,02
11/26/2008;812,9
11/27/2008;816,2
11/28/2008;818,05
12/1/2008;768,95
12/2/2008;782,37
12/3/2008;773,95
12/4/2008;767
12/5/2008;756,45
12/8/2008;772,7
12/9/2008;776,92
12/10/2008;810,6
12/11/2008;821,35
12/12/2008;822,4
12/15/2008;838,45
12/16/2008;858,1
12/17/2008;867,9
12/18/2008;853,05
12/19/2008;838,25
12/22/2008;848,05
12/23/2008;840,2
12/24/2008;848
12/25/2008;842
12/26/2008;869,3
12/29/2008;880,27
12/30/2008;873,73
12/31/2008;882,05
1/1/2009;881,45
1/2/2009;875,4
1/5/2009;859,48
1/6/2009;863,9
1/7/2009;842,98
1/8/2009;857,4
1/9/2009;854,2
1/12/2009;821
1/13/2009;822
1/14/2009;811,7
1/15/2009;817,8
1/16/2009;843,15
1/19/2009;835,9
1/20/2009;857,33
1/21/2009;854,2
1/22/2009;856,98
1/23/2009;899,77
1/26/2009;903,37
1/27/2009;899,15
1/28/2009;887,47
1/29/2009;908,65
1/30/2009;927,85
2/2/2009;905
2/3/2009;900,35
2/4/2009;905,85
2/5/2009;914,55
2/6/2009;911,5
2/9/2009;894,5
2/10/2009;915,4
2/11/2009;938,85
2/12/2009;946,75
2/13/2009;941,7
2/16/2009;941,75
2/17/2009;970,25
2/18/2009;984,55
2/19/2009;974,7
2/20/2009;992,9
2/23/2009;991,65
2/24/2009;962,45
2/25/2009;953,48
2/26/2009;945,82
2/27/2009;942,32
3/2/2009;926
3/3/2009;916,07
3/4/2009;906,5
3/5/2009;932,4
3/6/2009;939,37
3/9/2009;922,35
3/10/2009;898,15
3/11/2009;909,25
3/12/2009;927,15
3/13/2009;929,73
3/16/2009;923,07
3/17/2009;915,2
3/18/2009;942
3/19/2009;959,85
3/20/2009;952,23
3/23/2009;939,5
3/24/2009;925,75
3/25/2009;934,2
3/26/2009;934,45
3/27/2009;923,15
3/30/2009;917,3
3/31/2009;919,35
4/1/2009;927,4
4/2/2009;904,05
4/3/2009;893,15
4/6/2009;868,9
4/7/2009;881,05
4/8/2009;880,5
4/9/2009;879,35
4/10/2009;881,65
4/13/2009;893,85
4/14/2009;890,45
4/15/2009;891,02
4/16/2009;875,65
4/17/2009;868,85
4/20/2009;884,5
4/21/2009;883,8
4/22/2009;889,75
4/23/2009;904,27
4/24/2009;912,83
4/27/2009;906,47
4/28/2009;893,37
4/29/2009;898
4/30/2009;888,2
5/1/2009;886,55
5/4/2009;902,15
5/5/2009;897,15
5/6/2009;911,35
5/7/2009;910,82
5/8/2009;916,65
5/11/2009;913,6
5/12/2009;923,3
5/13/2009;926,32
5/14/2009;926,5
5/15/2009;931,77
5/18/2009;918,25
5/19/2009;924,97
5/20/2009;938,65
5/21/2009;953,77
5/22/2009;957,35
5/25/2009;958,8
5/26/2009;952
5/27/2009;949,8
5/28/2009;959,42
5/29/2009;979,17
6/1/2009;975,05
6/2/2009;981,85
6/3/2009;963,05
6/4/2009;980,27
6/5/2009;955,33
6/8/2009;951,85
6/9/2009;954,55
6/10/2009;954,5
6/11/2009;954,92
6/12/2009;939,3
6/15/2009;928,3
6/16/2009;934,8
6/17/2009;938,6
6/18/2009;933,2
6/19/2009;934,02
6/22/2009;922,73
6/23/2009;925,9
6/24/2009;931,42
6/25/2009;939,25
6/26/2009;939,6
6/29/2009;937,95
6/30/2009;926,5
7/1/2009;940,8
7/2/2009;929,8
7/3/2009;932,5
7/6/2009;925,1
7/7/2009;924,67
7/8/2009;909,5
7/9/2009;912,27
7/10/2009;913,05
7/13/2009;920,3
7/14/2009;925,67
7/15/2009;939,1
7/16/2009;937,4
7/17/2009;937,5
7/20/2009;948,75
7/21/2009;948,52
7/22/2009;951,25
7/23/2009;949,2
7/24/2009;951,35
7/27/2009;953,82
7/28/2009;937,58
7/29/2009;930
7/30/2009;934,4
7/31/2009;954
8/3/2009;956,8
8/4/2009;966,83
8/5/2009;963,58
8/6/2009;963,15
8/7/2009;954,95
8/10/2009;946,42
8/11/2009;946,1
8/12/2009;947,1
8/13/2009;954,87
8/14/2009;948,67
8/17/2009;934,67
8/18/2009;938,65
8/19/2009;941,97
8/20/2009;940,65
8/21/2009;953,77
8/24/2009;941,55
8/25/2009;944,75
8/26/2009;945,55
8/27/2009;948,08
8/28/2009;955,1
8/31/2009;951,19
9/1/2009;956,47
9/2/2009;978,55
9/3/2009;991,85
9/4/2009;994,4
9/7/2009;995,25
9/8/2009;995,5
9/9/2009;992,3
9/10/2009;996,6
9/11/2009;1005,3
9/14/2009;1000,2
9/15/2009;1007,55
9/16/2009;1017,08
9/17/2009;1013,63
9/18/2009;1007,48
9/21/2009;1003,7
9/22/2009;1014,4
9/23/2009;1008,27
9/24/2009;993,92
9/25/2009;990,9
9/28/2009;990,98
9/29/2009;992,3
9/30/2009;1007,7
10/1/2009;999,15
10/2/2009;1002,75
10/5/2009;1017,3
10/6/2009;1042,1
10/7/2009;1044,05
10/8/2009;1055,11
10/9/2009;1049,25
10/12/2009;1057,03
10/13/2009;1064,2
10/14/2009;1062,25
10/15/2009;1050,4
10/16/2009;1053,55
10/19/2009;1064,2
10/20/2009;1055,03
10/21/2009;1058,9
10/22/2009;1060
10/23/2009;1055,45
10/26/2009;1038,65
10/27/2009;1040
10/28/2009;1028,1
10/29/2009;1046,95
10/30/2009;1045,45
11/2/2009;1059,5
11/3/2009;1084,22
11/4/2009;1092,05
11/5/2009;1090,35
11/6/2009;1095,2
11/9/2009;1104,1
11/10/2009;1105,85
11/11/2009;1117,3
11/12/2009;1103,6
11/13/2009;1118,65
11/16/2009;1139,3
11/17/2009;1141,38
11/18/2009;1145,6
11/19/2009;1144,6
11/20/2009;1150,6
11/23/2009;1166
11/24/2009;1169,41
11/25/2009;1191,66
11/26/2009;1193,06
11/27/2009;1177,63
11/30/2009;1179,63
12/1/2009;1196,51
12/2/2009;1215,85
12/3/2009;1207,45
12/4/2009;1161,42
12/7/2009;1158,1
12/8/2009;1128,4
12/9/2009;1128,6
12/10/2009;1131,03
12/11/2009;1115,38
12/14/2009;1126,78
12/15/2009;1125,1
12/16/2009;1137,9
12/17/2009;1098,9
12/18/2009;1113,2
12/21/2009;1093,45
12/22/2009;1083,9
12/23/2009;1087,65
12/24/2009;1105,5
12/25/2009;1105,45
12/28/2009;1107,1
12/29/2009;1096,83
12/30/2009;1092,9
12/31/2009;1096,97
1/1/2010;1097,35
1/4/2010;1121,28
1/5/2010;1118,05
1/6/2010;1138,25
1/7/2010;1131,75
1/8/2010;1138,22
1/11/2010;1151,85
1/12/2010;1128,47
1/13/2010;1138,17
1/14/2010;1142,75
1/15/2010;1130,92
1/18/2010;1134,1
1/19/2010;1138,35
1/20/2010;1111,3
1/21/2010;1094,05
1/22/2010;1093,22
1/25/2010;1098,4
1/26/2010;1097,65
1/27/2010;1087,95
1/28/2010;1086,95
1/29/2010;1081,2
2/1/2010;1105,55
2/2/2010;1114,45
2/3/2010;1109,8
2/4/2010;1063,53
2/5/2010;1066,25
2/8/2010;1062,85
2/9/2010;1078,1
2/10/2010;1072,1
2/11/2010;1095,47
2/12/2010;1097,1
2/15/2010;1100,9
2/16/2010;1119,4
2/17/2010;1106,85
2/18/2010;1109
2/19/2010;1119,2
2/22/2010;1114,28
2/23/2010;1103,33
2/24/2010;1097,63
2/25/2010;1106,2
2/26/2010;1117,59
3/1/2010;1118,85
3/2/2010;1134,65
3/3/2010;1139,95
3/4/2010;1132,1
3/5/2010;1134,89
3/8/2010;1123,63
3/9/2010;1121,85
3/10/2010;1108,5
3/11/2010;1109,55
3/12/2010;1101,85
3/15/2010;1108,45
3/16/2010;1127,78
3/17/2010;1120,42
3/18/2010;1127,4
3/19/2010;1107,05
3/22/2010;1102,2
3/23/2010;1105,17
3/24/2010;1086,7
3/25/2010;1090,5
3/26/2010;1107,25
3/29/2010;1109,78
3/30/2010;1103,55
3/31/2010;1113,25
4/1/2010;1126,78
4/2/2010;1123,8
4/5/2010;1131,85
4/6/2010;1134,28
4/7/2010;1149,4
4/8/2010;1150,61
4/9/2010;1161,75
4/12/2010;1156,3
4/13/2010;1150,67
4/14/2010;1155,4
4/15/2010;1159,26
4/16/2010;1137,41
4/19/2010;1135,75
4/20/2010;1140,76
4/21/2010;1146,78
4/22/2010;1141,58
4/23/2010;1157,72
4/26/2010;1153,53
4/27/2010;1167,95
4/28/2010;1165,78
4/29/2010;1167,03
4/30/2010;1179,03
5/3/2010;1182,22
5/4/2010;1171,01
5/5/2010;1175,08
5/6/2010;1208,7
5/7/2010;1208,4
5/10/2010;1203,14
5/11/2010;1232,7
5/12/2010;1239
5/13/2010;1232,65
5/14/2010;1232,97
5/17/2010;1222,3
5/18/2010;1225,17
5/19/2010;1193,72
5/20/2010;1182,45
5/21/2010;1177,08
5/24/2010;1191,72
5/25/2010;1204,35
5/26/2010;1211,7
5/27/2010;1212,63
5/28/2010;1214,72
5/31/2010;1216,3
6/1/2010;1225,78
6/2/2010;1223,55
6/3/2010;1206,55
6/4/2010;1220,03
6/7/2010;1240,35
6/8/2010;1236,58
6/9/2010;1233,4
6/10/2010;1216,53
6/11/2010;1226,58
6/14/2010;1221,15
6/15/2010;1234,25
6/16/2010;1229,1
6/17/2010;1245,16
6/18/2010;1256,8
6/21/2010;1233,65
6/22/2010;1239,9
6/23/2010;1237,33
6/24/2010;1243,35
6/25/2010;1255,67
6/28/2010;1238,94
6/29/2010;1240,58
6/30/2010;1242,38
7/1/2010;1198,68
7/2/2010;1211,65
7/5/2010;1208,92
7/6/2010;1192,6
7/7/2010;1202,78
7/8/2010;1198,25
7/9/2010;1211,71
7/12/2010;1196,85
7/13/2010;1212,3
7/14/2010;1208,47
7/15/2010;1208,3
7/16/2010;1193
7/19/2010;1182,92
7/20/2010;1192,2
7/21/2010;1185
7/22/2010;1194,97
7/23/2010;1189,14
7/26/2010;1183,5
7/27/2010;1161,6
7/28/2010;1163,1
7/29/2010;1168,1
7/30/2010;1181
8/2/2010;1182,75
8/3/2010;1186,25
8/4/2010;1194,83
8/5/2010;1194,96
8/6/2010;1205,4
8/9/2010;1201,22
8/10/2010;1204,3
8/11/2010;1198,15
8/12/2010;1213,95
8/13/2010;1215,42
8/16/2010;1225,35
8/17/2010;1224,83
8/18/2010;1229,3
8/19/2010;1231,96
8/20/2010;1227,89
8/23/2010;1226,15
8/24/2010;1230,5
8/25/2010;1240,15
8/26/2010;1237,6
8/27/2010;1237,83
8/30/2010;1237
8/31/2010;1247,4
9/1/2010;1244,3
9/2/2010;1251,06
9/3/2010;1246,55
9/6/2010;1249,95
9/7/2010;1255,7
9/8/2010;1254,95
9/9/2010;1243,6
9/10/2010;1245,97
9/13/2010;1245,55
9/14/2010;1268,33
9/15/2010;1268,15
9/16/2010;1275,25
9/17/2010;1274,17
9/20/2010;1278,25
9/21/2010;1287,38
9/22/2010;1291,41
9/23/2010;1292,4
9/24/2010;1296,63
9/27/2010;1294,5
9/28/2010;1308,95
9/29/2010;1309,8
9/30/2010;1308,54
10/1/2010;1319,03
10/4/2010;1315,35
10/5/2010;1340,54
10/6/2010;1349,01
10/7/2010;1333,55
10/8/2010;1346,85
10/11/2010;1354,15
10/12/2010;1350,55
10/13/2010;1372,28
10/14/2010;1381,25
10/15/2010;1368,4
10/18/2010;1368,6
10/19/2010;1332
10/20/2010;1346,04
10/21/2010;1325,71
10/22/2010;1328,55
10/25/2010;1339,91
10/26/2010;1340,54
10/27/2010;1325,3
10/28/2010;1343,91
10/29/2010;1359,4
11/1/2010;1353,83
11/2/2010;1357,5
11/3/2010;1348,54
11/4/2010;1392,53
11/5/2010;1393,63
11/8/2010;1409,42
11/9/2010;1393,14
11/10/2010;1403,97
11/11/2010;1408,8
11/12/2010;1368,75
11/15/2010;1360,58
11/16/2010;1339,63
11/17/2010;1336,05
11/18/2010;1353,42
11/19/2010;1353,63
11/22/2010;1366,8
11/23/2010;1376,45
11/24/2010;1373,31
11/25/2010;1375,35
11/26/2010;1363,8
11/29/2010;1366,31
11/30/2010;1386,22
12/1/2010;1387,9
12/2/2010;1385,15
12/3/2010;1414,08
12/6/2010;1423,75
12/7/2010;1402,08
12/8/2010;1382,03
12/9/2010;1387,11
12/10/2010;1386,13
12/13/2010;1394,13
12/14/2010;1396,2
12/15/2010;1380,84
12/16/2010;1370,17
12/17/2010;1375,38
12/20/2010;1385,3
12/21/2010;1385,6
12/22/2010;1385,3
12/23/2010;1380
12/24/2010;1384,65
12/27/2010;1383,78
12/28/2010;1405,95
12/29/2010;1411,78
12/30/2010;1404,65
12/31/2010;1421,4
1/3/2011;1414,8
1/4/2011;1380,5
1/5/2011;1378,25
1/6/2011;1371,56
1/7/2011;1369,54
1/10/2011;1375,71
1/11/2011;1381,58
1/12/2011;1387,9
1/13/2011;1373,6
1/14/2011;1361,85
1/17/2011;1361,61
1/18/2011;1368,34
1/19/2011;1369,86
1/20/2011;1346,25
1/21/2011;1342,67
1/24/2011;1334,4
1/25/2011;1332,42
1/26/2011;1346
1/27/2011;1313,53
1/28/2011;1336,78
1/31/2011;1332,67
2/1/2011;1341,4
2/2/2011;1335,25
2/3/2011;1354,35
2/4/2011;1348,92
2/7/2011;1351,28
2/8/2011;1363,97
2/9/2011;1363,72
2/10/2011;1363,8
2/11/2011;1356,95
2/14/2011;1361,78
2/15/2011;1373,85
2/16/2011;1374,39
2/17/2011;1384,08
2/18/2011;1389,99
2/21/2011;1406,45
2/22/2011;1399,13
2/23/2011;1411,63
2/24/2011;1402,66
2/25/2011;1410,65
2/28/2011;1411,33
3/1/2011;1433,38
3/2/2011;1434,4
3/3/2011;1415,88
3/4/2011;1430,95
3/7/2011;1432,05
3/8/2011;1428,88
3/9/2011;1430,75
3/10/2011;1411,85
3/11/2011;1417,65
3/14/2011;1426,42
3/15/2011;1395,7
3/16/2011;1399,03
3/17/2011;1403,81
3/18/2011;1418,56
3/21/2011;1427,79
3/22/2011;1427,85
3/23/2011;1437,42
3/24/2011;1430,42
3/25/2011;1429,88
3/28/2011;1420,3
3/29/2011;1418,45
3/30/2011;1422,97
3/31/2011;1432,2
4/1/2011;1428,72
4/4/2011;1434,03
4/5/2011;1455,85
4/6/2011;1459,75
4/7/2011;1458,2
4/8/2011;1474,91
4/11/2011;1463,15
4/12/2011;1452,97
4/13/2011;1457,36
4/14/2011;1474,15
4/15/2011;1486,88
4/18/2011;1495,3
4/19/2011;1496,4
4/20/2011;1502,4
4/21/2011;1504,88
4/22/2011;1507,04
4/25/2011;1507,22
4/26/2011;1506,25
4/27/2011;1527,05
4/28/2011;1536,2
4/29/2011;1563,7
5/2/2011;1545,45
5/3/2011;1535,9
5/4/2011;1516,21
5/5/2011;1474,3
5/6/2011;1495,58
5/9/2011;1513,72
5/10/2011;1516,26
5/11/2011;1501,41
5/12/2011;1505,88
5/13/2011;1495,15
5/16/2011;1489,33
5/17/2011;1486,7
5/18/2011;1496,97
5/19/2011;1493,28
5/20/2011;1512,22
5/23/2011;1517,1
5/24/2011;1526,64
5/25/2011;1525,35
5/26/2011;1519,2
5/27/2011;1536,4
5/30/2011;1538,46
5/31/2011;1535,72
6/1/2011;1539,83
6/2/2011;1533,65
6/3/2011;1542,28
6/6/2011;1544,58
6/7/2011;1544,13
6/8/2011;1537,6
6/9/2011;1543,97
6/10/2011;1531,27
6/13/2011;1515,65
6/14/2011;1523,97
6/15/2011;1530,97
6/16/2011;1529,58
6/17/2011;1539,4
6/20/2011;1540,6
6/21/2011;1546,28
6/22/2011;1548,95
6/23/2011;1521,4
6/24/2011;1502,55
6/27/2011;1497,92
6/28/2011;1501,25
6/29/2011;1512,33
6/30/2011;1500,17
7/1/2011;1487,42
7/4/2011;1496,2
7/5/2011;1515,7
7/6/2011;1528,97
7/7/2011;1532,36
7/8/2011;1544,15
7/11/2011;1553,47
7/12/2011;1567,76
7/13/2011;1582,38
7/14/2011;1587,22
7/15/2011;1593,6
7/18/2011;1604,79
7/19/2011;1588,5
7/20/2011;1600,4
7/21/2011;1590,55
7/22/2011;1601,33
7/25/2011;1614,02
7/26/2011;1619,33
7/27/2011;1613,47
7/28/2011;1615,95
7/29/2011;1627,05
8/1/2011;1619,38
8/2/2011;1659,4
8/3/2011;1661,72
8/4/2011;1646,52
8/5/2011;1663,95
8/8/2011;1719,45
8/9/2011;1740,95
8/10/2011;1793,27
8/11/2011;1763,92
8/12/2011;1746,68
8/15/2011;1766,02
8/16/2011;1785,55
8/17/2011;1791,25
8/18/2011;1823,9
8/19/2011;1852,07
8/22/2011;1897,46
8/23/2011;1828,63
8/24/2011;1759,13
8/25/2011;1774,45
8/26/2011;1827,15
8/29/2011;1788,4
8/30/2011;1835,52
8/31/2011;1825,55
9/1/2011;1826,1
9/2/2011;1882,95
9/5/2011;1900,2
9/6/2011;1875,25
9/7/2011;1817,71
9/8/2011;1870,2
9/9/2011;1855,57
9/12/2011;1815,25
9/13/2011;1833,67
9/14/2011;1819,8
9/15/2011;1788,72
9/16/2011;1811,38
9/19/2011;1778,85
9/20/2011;1803,69
9/21/2011;1782,3
9/22/2011;1740,39
9/23/2011;1656,74
9/26/2011;1626,88
9/27/2011;1650,72
9/28/2011;1609,16
9/29/2011;1614,69
9/30/2011;1623,79
10/3/2011;1658,3
10/4/2011;1623,82
10/5/2011;1640,85
10/6/2011;1651,36
10/7/2011;1637,85
10/10/2011;1676,65
10/11/2011;1662,3
10/12/2011;1676,3
10/13/2011;1668,05
10/14/2011;1680,95
10/17/2011;1670,8
10/18/2011;1657,97
10/19/2011;1640,75
10/20/2011;1620,66
10/21/2011;1641,85
10/24/2011;1653,48
10/25/2011;1705,27
10/26/2011;1724,64
10/27/2011;1744,95
10/28/2011;1743,42
10/31/2011;1714,7
11/1/2011;1719,55
11/2/2011;1737,8
11/3/2011;1763,67
11/4/2011;1754,65
11/7/2011;1794,9
11/8/2011;1786,32
11/9/2011;1769,7
11/10/2011;1758,5
11/11/2011;1788,63
11/14/2011;1780,3
11/15/2011;1780,9
11/16/2011;1763,35
11/17/2011;1721,52
11/18/2011;1723,92
11/21/2011;1677,57
11/22/2011;1699,9
11/23/2011;1692,41
11/24/2011;1697,42
11/25/2011;1683,52
11/28/2011;1712,35
11/29/2011;1715,67
11/30/2011;1746,35
12/1/2011;1744,8
12/2/2011;1746,59
12/5/2011;1722,67
12/6/2011;1728,55
12/7/2011;1741,89
12/8/2011;1708,28
12/9/2011;1711,47
12/12/2011;1666,49
12/13/2011;1631,5
12/14/2011;1573,9
12/15/2011;1570,52
12/16/2011;1598,95
12/19/2011;1594,35
12/20/2011;1615,69
12/21/2011;1615,17
12/22/2011;1606,07
12/23/2011;1606,88
12/26/2011;1607,25
12/27/2011;1592,95
12/28/2011;1556,8
12/29/2011;1545,65
12/30/2011;1564,91
1/2/2012;1566,37
1/3/2012;1603,95
1/4/2012;1611,95
1/5/2012;1622,71
1/6/2012;1617,09
1/9/2012;1611,15
1/10/2012;1632,33
1/11/2012;1641,99
1/12/2012;1649,99
1/13/2012;1638,91
1/16/2012;1643,88
1/17/2012;1652,38
1/18/2012;1659,84
1/19/2012;1658,5
1/20/2012;1666,6
1/23/2012;1676,85
1/24/2012;1665,25
1/25/2012;1710,8
1/26/2012;1720,08
1/27/2012;1738,95
1/30/2012;1729,85
1/31/2012;1737,76
2/1/2012;1743,53
2/2/2012;1759,55
2/3/2012;1726,33
2/6/2012;1720,25
2/7/2012;1745,45
2/8/2012;1733,13
2/9/2012;1729,54
2/10/2012;1721,85
2/13/2012;1722,25
2/14/2012;1720,22
2/15/2012;1728,17
2/16/2012;1728,25
2/17/2012;1723,49
2/20/2012;1734,92
2/21/2012;1759,25
2/22/2012;1776,3
2/23/2012;1780,78
2/24/2012;1772,35
2/27/2012;1767,65
2/28/2012;1784,25
2/29/2012;1696,76
3/1/2012;1718,25
3/2/2012;1712,45
3/5/2012;1706,33
3/6/2012;1674,38
3/7/2012;1684,91
3/8/2012;1699,85
3/9/2012;1713,85
3/12/2012;1701,34
3/13/2012;1674,03
3/14/2012;1644,79
3/15/2012;1658,66
3/16/2012;1659,97
3/19/2012;1664,5
3/20/2012;1650,86
3/21/2012;1650,55
3/22/2012;1645,91
3/23/2012;1661,7
3/26/2012;1690,17
3/27/2012;1680,75
3/28/2012;1663,55
3/29/2012;1661,58
3/30/2012;1668,15
4/2/2012;1677,75
4/3/2012;1645,85
4/4/2012;1620,55
4/5/2012;1631,15
4/6/2012;1640,3
4/9/2012;1640,26
4/10/2012;1659,92
4/11/2012;1658,97
4/12/2012;1675,78
4/13/2012;1658,38
4/16/2012;1652,01
4/17/2012;1649,59
4/18/2012;1642,24
4/19/2012;1642,83
4/20/2012;1643,05
4/23/2012;1638,84
4/24/2012;1642,25
4/25/2012;1643,72
4/26/2012;1657,35
4/27/2012;1662,85
4/30/2012;1664,75
5/1/2012;1662,4
5/2/2012;1653,45
5/3/2012;1636,05
5/4/2012;1642,35
5/7/2012;1638,45
5/8/2012;1605,4
5/9/2012;1589,55
5/10/2012;1594,01
5/11/2012;1579,35
5/14/2012;1556,72
5/15/2012;1544,1
5/16/2012;1539,75
5/17/2012;1574,14
5/18/2012;1593,03
5/21/2012;1593,33
5/22/2012;1568,5
5/23/2012;1561,53
5/24/2012;1559,3
5/25/2012;1573
5/28/2012;1573,33
5/29/2012;1555,34
5/30/2012;1562,92
5/31/2012;1560,51
6/1/2012;1624
6/4/2012;1619
6/5/2012;1617,05
6/6/2012;1619,55
6/7/2012;1589,33
6/8/2012;1593,4
6/11/2012;1596,8
6/12/2012;1609,71
6/13/2012;1617,16
6/14/2012;1623,6
6/15/2012;1627,1
6/18/2012;1628,09
6/19/2012;1618,39
6/20/2012;1607,5
6/21/2012;1566,37
6/22/2012;1572,42
6/25/2012;1584,38
6/26/2012;1572,86
6/27/2012;1574,19
6/28/2012;1552,67
6/29/2012;1597,45
7/2/2012;1597,01
7/3/2012;1617,45
7/4/2012;1615,65
7/5/2012;1604,58
7/6/2012;1583,85
7/9/2012;1587,65
7/10/2012;1567,15
7/11/2012;1576,38
7/12/2012;1571,72
7/13/2012;1589,6
7/16/2012;1589,4
7/17/2012;1583,41
7/18/2012;1573,45
7/19/2012;1581,54
7/20/2012;1584,53
7/23/2012;1576,75
7/24/2012;1581,17
7/25/2012;1603,85
7/26/2012;1615,85
7/27/2012;1623,2
7/30/2012;1621,96
7/31/2012;1614,58
8/1/2012;1599,58
8/2/2012;1588,05
8/3/2012;1603,55
8/6/2012;1610,67
8/7/2012;1612,35
8/8/2012;1612,55
8/9/2012;1617,17
8/10/2012;1620,15
8/13/2012;1609,75
8/14/2012;1599,05
8/15/2012;1603,1
8/16/2012;1615,13
8/17/2012;1616,4
8/20/2012;1620,5
8/21/2012;1637,8
8/22/2012;1654,5
8/23/2012;1670,53
8/24/2012;1670,5
8/27/2012;1663,97
8/28/2012;1666,75
8/29/2012;1656,5
8/30/2012;1655,6
8/31/2012;1691,85
9/3/2012;1692,33
9/4/2012;1695,88
9/5/2012;1692,92
9/6/2012;1700,33
9/7/2012;1735,85
9/10/2012;1726,06
9/11/2012;1731,88
9/12/2012;1730,75
9/13/2012;1767,12
9/14/2012;1770,5
9/17/2012;1761,25
9/18/2012;1771,31
9/19/2012;1770,3
9/20/2012;1768,53
9/21/2012;1773,1
9/24/2012;1764,4
9/25/2012;1760,64
9/26/2012;1752,75
9/27/2012;1777,38
9/28/2012;1772,25
10/1/2012;1775,42
10/2/2012;1774,58
10/3/2012;1777,88
10/4/2012;1790,15
10/5/2012;1780,7
10/8/2012;1774,55
10/9/2012;1764,2
10/10/2012;1762,29
10/11/2012;1767,17
10/12/2012;1754,03
10/15/2012;1737,4
10/16/2012;1747,47
10/17/2012;1750,15
10/18/2012;1741,4
10/19/2012;1721,75
10/22/2012;1728,6
10/23/2012;1707,63
10/24/2012;1702,04
10/25/2012;1712,1
10/26/2012;1711,19
10/29/2012;1709,25
10/30/2012;1709,6
10/31/2012;1720,65
11/1/2012;1714,2
11/2/2012;1678
11/5/2012;1684,97
11/6/2012;1716
11/7/2012;1717,55
11/8/2012;1731,4
11/9/2012;1731,08
11/12/2012;1728,2
11/13/2012;1724,95
11/14/2012;1726,5
11/15/2012;1715,74
11/16/2012;1713,72
11/19/2012;1731,72
11/20/2012;1727,05
11/21/2012;1728,69
11/22/2012;1729,55
11/23/2012;1753
11/26/2012;1748,69
11/27/2012;1742,09
11/28/2012;1719,69
11/29/2012;1725,73
11/30/2012;1714,97
12/3/2012;1715,96
12/4/2012;1697,59
12/5/2012;1693,9
12/6/2012;1699,88
12/7/2012;1704,08
12/10/2012;1713,12
12/11/2012;1709,94
12/12/2012;1711,71
12/13/2012;1697,1
12/14/2012;1696,15
12/17/2012;1698,32
12/18/2012;1671,22
12/19/2012;1667,18
12/20/2012;1647,92
12/21/2012;1657,22
12/24/2012;1657,84
12/25/2012;1657,98
12/26/2012;1659,44
12/27/2012;1664,1
12/28/2012;1655,7
12/31/2012;1675,35
1/1/2013;1675,92
1/2/2013;1686,89
1/3/2013;1664
1/4/2013;1656,1
1/7/2013;1646,92
1/8/2013;1659,13
1/9/2013;1657,63
1/10/2013;1675,36
1/11/2013;1662,97
1/14/2013;1667,8
1/15/2013;1679,62
1/16/2013;1679,92
1/17/2013;1687,64
1/18/2013;1684,25
1/21/2013;1690,05
1/22/2013;1692,74
1/23/2013;1685,84
1/24/2013;1667,97
1/25/2013;1658,65
1/28/2013;1655,61
1/29/2013;1663,8
1/30/2013;1677
1/31/2013;1663,7
2/1/2013;1667,4
2/4/2013;1674,3
2/5/2013;1672,95
2/6/2013;1677,57
2/7/2013;1671,4
2/8/2013;1667,25
2/11/2013;1648,07
2/12/2013;1651,33
2/13/2013;1642,49
2/14/2013;1634,85
2/15/2013;1610,15
2/18/2013;1609,78
2/19/2013;1605,05
2/20/2013;1564,55
2/21/2013;1576,27
2/22/2013;1581,15
2/25/2013;1593,45
2/26/2013;1613,76
2/27/2013;1597,1
2/28/2013;1579,61
3/1/2013;1576,17
3/4/2013;1573,83
3/5/2013;1575,49
3/6/2013;1583,97
3/7/2013;1579
3/8/2013;1578,97
3/11/2013;1581,6
3/12/2013;1592,8
3/13/2013;1587,7
3/14/2013;1590,18
3/15/2013;1592,1
3/18/2013;1605,49
3/19/2013;1612,87
3/20/2013;1606,92
3/21/2013;1614,85
3/22/2013;1608,55
3/25/2013;1605,3
3/26/2013;1600,05
3/27/2013;1605,27
3/28/2013;1596,96
3/29/2013;1597,5
4/1/2013;1599,52
4/2/2013;1575,89
4/3/2013;1557,9
4/4/2013;1554,8
4/5/2013;1581,25
4/8/2013;1573,46
4/9/2013;1585,35
4/10/2013;1558,42
4/11/2013;1561,49
4/12/2013;1482,75
4/15/2013;1348,21
4/16/2013;1367,36
4/17/2013;1376,24
4/18/2013;1390,49
4/19/2013;1403,79
4/22/2013;1426,45
4/23/2013;1413
4/24/2013;1432
4/25/2013;1467,9
4/26/2013;1461,91
4/29/2013;1475,84
4/30/2013;1476,71
5/1/2013;1457,64
5/2/2013;1467,07
5/3/2013;1470,75
5/6/2013;1469,46
5/7/2013;1452,7
5/8/2013;1473,93
5/9/2013;1458,15
5/10/2013;1448,55
5/13/2013;1430,59
5/14/2013;1425,46
5/15/2013;1393,03
5/16/2013;1385,97
5/17/2013;1359,5
5/20/2013;1393,85
5/21/2013;1376,29
5/22/2013;1370,27
5/23/2013;1391,05
5/24/2013;1386,63
5/27/2013;1394,78
5/28/2013;1381,12
5/29/2013;1392,95
5/30/2013;1414
5/31/2013;1387,8
6/3/2013;1411,35
6/4/2013;1399,56
6/5/2013;1403,42
6/6/2013;1413,97
6/7/2013;1382,97
6/10/2013;1386,5
6/11/2013;1378,33
6/12/2013;1389,02
6/13/2013;1386,15
6/14/2013;1390,67
6/17/2013;1385,27
6/18/2013;1367,67
6/19/2013;1351,31
6/20/2013;1284,97
6/21/2013;1296,42
6/24/2013;1282,38
6/25/2013;1277,65
6/26/2013;1226,59
6/27/2013;1200,67
6/28/2013;1234,53
7/1/2013;1252,52
7/2/2013;1243,42
7/3/2013;1252,88
7/4/2013;1249,89
7/5/2013;1223,14
7/8/2013;1236,98
7/9/2013;1251,39
7/10/2013;1259,72
7/11/2013;1286,01
7/12/2013;1285,59
7/15/2013;1284,69
7/16/2013;1292,13
7/17/2013;1276,02
7/18/2013;1284,22
7/19/2013;1296,03
7/22/2013;1335,82
7/23/2013;1345,18
7/24/2013;1322,14
7/25/2013;1333,83
7/26/2013;1333,15
7/29/2013;1328,1
7/30/2013;1326,37
7/31/2013;1325,07
8/1/2013;1310,2
8/2/2013;1312,03
8/5/2013;1303,01
8/6/2013;1283,19
8/7/2013;1287,62
8/8/2013;1313,27
8/9/2013;1314,46
8/12/2013;1338,39
8/13/2013;1321,67
8/14/2013;1336,16
8/15/2013;1366,18
8/16/2013;1376,57
8/19/2013;1366
8/20/2013;1371,22
8/21/2013;1366,66
8/22/2013;1376,14
8/23/2013;1397,73
8/26/2013;1404,65
8/27/2013;1415,15
8/28/2013;1417,51
8/29/2013;1407,79
8/30/2013;1395,27
9/2/2013;1389,77
9/3/2013;1412,41
9/4/2013;1391,57
9/5/2013;1367,48
9/6/2013;1391,8
9/9/2013;1386,97
9/10/2013;1363,88
9/11/2013;1365,31
9/12/2013;1321,73
9/13/2013;1326,16
9/16/2013;1312,79
9/17/2013;1310,6
9/18/2013;1363,77
9/19/2013;1366,25
9/20/2013;1325,86
9/23/2013;1322,72
9/24/2013;1323,26
9/25/2013;1334,36
9/26/2013;1324,08
9/27/2013;1336,88
9/30/2013;1329,03
10/1/2013;1287,54
10/2/2013;1316,03
10/3/2013;1316,86
10/4/2013;1311,09
10/7/2013;1323,1
10/8/2013;1319,29
10/9/2013;1305,59
10/10/2013;1287,6
10/11/2013;1272,2
10/14/2013;1272,48
10/15/2013;1282,36
10/16/2013;1282,51
10/17/2013;1320,33
10/18/2013;1316,25
10/21/2013;1316,02
10/22/2013;1340,11
10/23/2013;1333,47
10/24/2013;1346,75
10/25/2013;1350,62
10/28/2013;1352,63
10/29/2013;1345,05
10/30/2013;1344,55
10/31/2013;1323,06
11/1/2013;1316,17
11/4/2013;1314,63
11/5/2013;1311,68
11/6/2013;1317,89
11/7/2013;1307,63
11/8/2013;1288,5
11/11/2013;1282,81
11/12/2013;1268,05
11/13/2013;1281,75
11/14/2013;1287,18
11/15/2013;1290,18
11/18/2013;1275,43
11/19/2013;1275,72
11/20/2013;1244,33
11/21/2013;1242,91
11/22/2013;1243,8
11/25/2013;1251,38
11/26/2013;1242,85
11/27/2013;1237,9
11/28/2013;1244,65
11/29/2013;1253,35
12/2/2013;1219,84
12/3/2013;1223,42
12/4/2013;1243,79
12/5/2013;1225,22
12/6/2013;1229,1
12/9/2013;1240,35
12/10/2013;1262,19
12/11/2013;1252,32
12/12/2013;1225,49
12/13/2013;1238,69
12/16/2013;1241,32
12/17/2013;1230,89
12/18/2013;1218,53
12/19/2013;1188,67
12/20/2013;1203,23
12/23/2013;1198,86
12/24/2013;1204,35
12/25/2013;1204,62
12/26/2013;1210,64
12/27/2013;1213,27
12/30/2013;1196,57
12/31/2013;1201,64
1/1/2014;1205,9
1/2/2014;1224,6
1/3/2014;1236,97
1/6/2014;1238,06
1/7/2014;1232,08
1/8/2014;1225,99
1/9/2014;1227,97
1/10/2014;1248,5
1/13/2014;1253,31
1/14/2014;1245,19
1/15/2014;1241,88
1/16/2014;1242,39
1/17/2014;1254,05
1/20/2014;1254,35
1/21/2014;1241,41
1/22/2014;1237,15
1/23/2014;1264,13
1/24/2014;1270,06
1/27/2014;1257,11
1/28/2014;1256,83
1/29/2014;1267,34
1/30/2014;1243,78
1/31/2014;1244,55
2/3/2014;1257,65
2/4/2014;1254,64
2/5/2014;1257,92
2/6/2014;1258,19
2/7/2014;1267,27
2/10/2014;1274,78
2/11/2014;1291,36
2/12/2014;1291,15
2/13/2014;1302,92
2/14/2014;1318,66
2/17/2014;1331,5
2/18/2014;1322,02
2/19/2014;1311,6
2/20/2014;1322,97
2/21/2014;1324,25
2/24/2014;1336,97
2/25/2014;1340,5
2/26/2014;1330,64
2/27/2014;1331,29
2/28/2014;1326,39
3/3/2014;1350,61
3/4/2014;1334,47
3/5/2014;1336,86
3/6/2014;1350,82
3/7/2014;1339,97
3/10/2014;1339,71
3/11/2014;1349,01
3/12/2014;1366,85
3/13/2014;1370,28
3/14/2014;1382,91
3/17/2014;1367,08
3/18/2014;1355,78
3/19/2014;1329,6
3/20/2014;1327,77
3/21/2014;1334,69
3/24/2014;1308,76
3/25/2014;1311,16
3/26/2014;1304,48
3/27/2014;1291,31
3/28/2014;1295,22
3/31/2014;1284,01
4/1/2014;1278,95
4/2/2014;1289,9
4/3/2014;1286,7
4/4/2014;1303,5
4/7/2014;1297,28
4/8/2014;1308,65
4/9/2014;1311,8
4/10/2014;1318,94
4/11/2014;1318,41
4/14/2014;1327,99
4/15/2014;1302,63
4/16/2014;1302,53
4/17/2014;1295,12
4/18/2014;1294,3
4/21/2014;1289,77
4/22/2014;1283,81
4/23/2014;1283,9
4/24/2014;1293,36
4/25/2014;1303,25
4/28/2014;1296,74
4/29/2014;1295,92
4/30/2014;1291,61
5/1/2014;1284,32
5/2/2014;1299,69
5/5/2014;1310,28
5/6/2014;1308,05
5/7/2014;1289,88
5/8/2014;1289,42
5/9/2014;1288,9
5/12/2014;1295,8
5/13/2014;1293,63
5/14/2014;1305,97
5/15/2014;1296,22
5/16/2014;1293,52
5/19/2014;1292,97
5/20/2014;1294,37
5/21/2014;1292,05
5/22/2014;1294,11
5/23/2014;1292,61
5/26/2014;1292,91
5/27/2014;1264,95
5/28/2014;1258,14
5/29/2014;1255,56
5/30/2014;1249,68
6/2/2014;1243,92
6/3/2014;1244,95
6/4/2014;1243,94
6/5/2014;1253,63
6/6/2014;1253,22
6/9/2014;1252,34
6/10/2014;1259,9
6/11/2014;1261,07
6/12/2014;1273,45
6/13/2014;1276,96
6/16/2014;1272
6/17/2014;1270,58
6/18/2014;1277,71
6/19/2014;1320,39
6/20/2014;1314,82
6/23/2014;1317,52
6/24/2014;1318,29
6/25/2014;1319,18
6/26/2014;1316,59
6/27/2014;1316,16
6/30/2014;1327,33
7/1/2014;1326,46
7/2/2014;1326,86
7/3/2014;1319,53
7/4/2014;1320,55
7/7/2014;1319,94
7/8/2014;1319,24
7/9/2014;1327,83
7/10/2014;1335,75
7/11/2014;1338,7
7/14/2014;1307,15
7/15/2014;1294,05
7/16/2014;1299,21
7/17/2014;1319,19
7/18/2014;1310,88
7/21/2014;1312,49
7/22/2014;1306,41
7/23/2014;1304,59
7/24/2014;1293,66
7/25/2014;1307,22
7/28/2014;1304,05
7/29/2014;1299,11
7/30/2014;1296,3
7/31/2014;1282,59
8/1/2014;1293,75
8/4/2014;1288,25
8/5/2014;1288,78
8/6/2014;1305,9
8/7/2014;1312,63
8/8/2014;1309,58
8/11/2014;1308,47
8/12/2014;1309,51
8/13/2014;1312,92
8/14/2014;1313,52
8/15/2014;1304,7
8/18/2014;1298,39
8/19/2014;1295,73
8/20/2014;1291,94
8/21/2014;1276,78
8/22/2014;1281,1
8/25/2014;1276,84
8/26/2014;1281,2
8/27/2014;1282,63
8/28/2014;1289,65
8/29/2014;1287,32
9/1/2014;1286
9/2/2014;1265,4
9/3/2014;1269,4
9/4/2014;1261,67
9/5/2014;1268,81
9/8/2014;1255,45
9/9/2014;1255,47
9/10/2014;1249,77
9/11/2014;1240,92
9/12/2014;1229,65
9/15/2014;1233,22
9/16/2014;1235,55
9/17/2014;1223,51
9/18/2014;1225,15
9/19/2014;1215,7
9/22/2014;1215,08
9/23/2014;1223,42
9/24/2014;1217,1
9/25/2014;1221,59
9/26/2014;1218,38
9/29/2014;1215,81
9/30/2014;1208,14
10/1/2014;1213,82
10/2/2014;1214,58
10/3/2014;1191,42
10/6/2014;1207,3
10/7/2014;1209,01
10/8/2014;1221,14
10/9/2014;1224,33
10/10/2014;1223,15
10/13/2014;1235,87
10/14/2014;1232,83
10/15/2014;1242,02
10/16/2014;1238,82
10/17/2014;1238,32
10/20/2014;1246,9
10/21/2014;1248,7
10/22/2014;1241,27
10/23/2014;1231,84
10/24/2014;1231,01
10/27/2014;1226,62
10/28/2014;1228,52
10/29/2014;1212,15
10/30/2014;1198,85
10/31/2014;1172,93
11/3/2014;1165,63
11/4/2014;1168,39
11/5/2014;1140,55
11/6/2014;1141,92
11/7/2014;1177,97
11/10/2014;1151,46
11/11/2014;1164,33
11/12/2014;1162,6
11/13/2014;1162,55
11/14/2014;1188,75
11/17/2014;1186,57
11/18/2014;1197,08
11/19/2014;1182,68
11/20/2014;1193,79
11/21/2014;1201,55
11/24/2014;1197,13
11/25/2014;1200,97
11/26/2014;1197,87
11/27/2014;1192,67
11/28/2014;1167,38
12/1/2014;1212,1
12/2/2014;1198,28
12/3/2014;1209,43
12/4/2014;1205,27
12/5/2014;1192,35
12/8/2014;1203,51
12/9/2014;1231,06
12/10/2014;1226,31
12/11/2014;1227,72
12/12/2014;1222,59
12/15/2014;1193,23
12/16/2014;1197,01
12/17/2014;1189,7
12/18/2014;1198,57
12/19/2014;1195,74
12/22/2014;1176,44
12/23/2014;1176,57
12/24/2014;1173,8
12/25/2014;1173,8
12/26/2014;1196
12/29/2014;1183,29
12/30/2014;1200,55
12/31/2014;1184,37
1/1/2015;1181,97
1/2/2015;1188,39
1/5/2015;1204,87
1/6/2015;1218,58
1/7/2015;1211,41
1/8/2015;1208,79
1/9/2015;1223,24
1/12/2015;1233,32
1/13/2015;1230,64
1/14/2015;1228,72
1/15/2015;1262,75
1/16/2015;1280,45
1/19/2015;1275,65
1/20/2015;1295,33
1/21/2015;1293,1
1/22/2015;1302,25
1/23/2015;1294,08
1/26/2015;1281,4
1/27/2015;1292,34
1/28/2015;1284,49
1/29/2015;1257,27
1/30/2015;1283,79
2/2/2015;1274,41
2/3/2015;1260,52
2/4/2015;1269,35
2/5/2015;1264,82
2/6/2015;1234,04
2/9/2015;1239,03
2/10/2015;1233,55
2/11/2015;1218,84
2/12/2015;1221,98
2/13/2015;1229,76
2/16/2015;1232,55
2/17/2015;1209,89
2/18/2015;1212,42
2/19/2015;1206,84
2/20/2015;1201,94
2/23/2015;1201,83
2/24/2015;1200,53
2/25/2015;1205
2/26/2015;1209,49
2/27/2015;1213,18
3/2/2015;1206,84
3/3/2015;1203,74
3/4/2015;1200,34
3/5/2015;1198,4
3/6/2015;1167,29
3/9/2015;1167,2
3/10/2015;1161,84
3/11/2015;1155,31
3/12/2015;1153,73
3/13/2015;1158,48
3/16/2015;1154,81
3/17/2015;1149,57
3/18/2015;1167,61
3/19/2015;1171,17
3/20/2015;1182,54
3/23/2015;1189,54
3/24/2015;1193,28
3/25/2015;1195,47
3/26/2015;1204,81
3/27/2015;1198,55
3/30/2015;1186,07
3/31/2015;1183,57
4/1/2015;1203,98
4/2/2015;1202,61
4/3/2015;1206,91
4/6/2015;1214,84
4/7/2015;1209,22
4/8/2015;1202,57
4/9/2015;1194,81
4/10/2015;1207,6
4/13/2015;1198,88
4/14/2015;1192,78
4/15/2015;1202,58
4/16/2015;1198,55
4/17/2015;1204,22
4/20/2015;1195,89
4/21/2015;1202,41
4/22/2015;1187,13
4/23/2015;1193,97
4/24/2015;1179
4/27/2015;1202,14
4/28/2015;1212,17
4/29/2015;1204,71
4/30/2015;1184,37
5/1/2015;1178,46
5/4/2015;1188,34
5/5/2015;1193,34
5/6/2015;1192,24
5/7/2015;1184,51
5/8/2015;1188,39
5/11/2015;1183,97
5/12/2015;1193,94
5/13/2015;1215,74
5/14/2015;1221,14
5/15/2015;1224,8
5/18/2015;1225,51
5/19/2015;1207,86
5/20/2015;1209,8
5/21/2015;1204,86
5/22/2015;1206,21
5/25/2015;1206,6
5/26/2015;1187,3
5/27/2015;1188,09
5/28/2015;1188,4
5/29/2015;1190,58
6/1/2015;1189,19
6/2/2015;1193,01
6/3/2015;1185,16
6/4/2015;1176,88
6/5/2015;1171,94
6/8/2015;1174,07
6/9/2015;1176,8
6/10/2015;1186,06
6/11/2015;1182,01
6/12/2015;1181,63
6/15/2015;1186,43
6/16/2015;1182,07
6/17/2015;1185,55
6/18/2015;1201,93
6/19/2015;1200,27
6/22/2015;1185,98
6/23/2015;1178,63
6/24/2015;1175,4
6/25/2015;1173,17
6/26/2015;1175,52
6/29/2015;1179,83
6/30/2015;1172,35
7/1/2015;1168,79
7/2/2015;1166,26
7/3/2015;1168,7
7/6/2015;1170,34
7/7/2015;1155,26
7/8/2015;1158,33
7/9/2015;1159,43
7/10/2015;1163,74
7/13/2015;1157,97
7/14/2015;1156,06
7/15/2015;1149,45
7/16/2015;1145,38
7/17/2015;1134,14
7/20/2015;1096,5
7/21/2015;1101,25
7/22/2015;1094,24
7/23/2015;1090,69
7/24/2015;1099,11
7/27/2015;1093,98
7/28/2015;1095,47
7/29/2015;1096,85
7/30/2015;1088,76
7/31/2015;1095,8
8/3/2015;1086,79
8/4/2015;1087,7
8/5/2015;1085,03
8/6/2015;1089,55
8/7/2015;1094,15
8/10/2015;1104,51
8/11/2015;1108,95
8/12/2015;1124,47
8/13/2015;1115,1
8/14/2015;1115,08
8/17/2015;1117,7
8/18/2015;1117,71
8/19/2015;1133,88
8/20/2015;1152,2
8/21/2015;1160,77
8/24/2015;1155,11
8/25/2015;1140,49
8/26/2015;1125,26
8/27/2015;1125
8/28/2015;1133,6
8/31/2015;1134,93
9/1/2015;1140,27
9/2/2015;1134,05
9/3/2015;1125,46
9/4/2015;1121,86
9/7/2015;1119,35
9/8/2015;1121,55
9/9/2015;1107,85
9/10/2015;1110,75
9/11/2015;1107,95
9/14/2015;1109,1
9/15/2015;1105,35
9/16/2015;1119,52
9/17/2015;1131,51
9/18/2015;1139,23
9/21/2015;1133,44
9/22/2015;1124,76
9/23/2015;1130,3
9/24/2015;1153,95
9/25/2015;1146,2
9/28/2015;1131,95
9/29/2015;1127,43
9/30/2015;1115,09
10/1/2015;1113,61
10/2/2015;1138,6
10/5/2015;1135,75
10/6/2015;1147,24
10/7/2015;1145,54
10/8/2015;1139,01
10/9/2015;1156,53
10/12/2015;1163,85
10/13/2015;1168,84
10/14/2015;1184,13
10/15/2015;1183,1
10/16/2015;1177,3
10/19/2015;1170,79
10/20/2015;1176,05
10/21/2015;1167,18
10/22/2015;1166,05
10/23/2015;1164,45
10/26/2015;1163,04
10/27/2015;1166,88
10/28/2015;1156,1
10/29/2015;1145,96
10/30/2015;1142,11
11/2/2015;1133,84
11/3/2015;1117,79
11/4/2015;1107,9
11/5/2015;1103,92
11/6/2015;1089,8
11/9/2015;1092,31
11/10/2015;1089,67
11/11/2015;1086,26
11/12/2015;1085,2
11/13/2015;1083,91
11/16/2015;1082,76
11/17/2015;1070,3
11/18/2015;1070,72
11/19/2015;1082,21
11/20/2015;1078,01
11/23/2015;1069,18
11/24/2015;1075,64
11/25/2015;1071,12
11/26/2015;1072,33
11/27/2015;1057,45
11/30/2015;1064,77
12/1/2015;1069,3
12/2/2015;1053,7
12/3/2015;1062,11
12/4/2015;1086,44
12/7/2015;1071,34
12/8/2015;1074,95
12/9/2015;1072,78
12/10/2015;1071,58
12/11/2015;1074,77
12/14/2015;1059,86
12/15/2015;1061,22
12/16/2015;1072,33
12/17/2015;1051,1
12/18/2015;1066,25
12/21/2015;1078,4
12/22/2015;1072,42
12/23/2015;1070,5
12/24/2015;1076,1
12/25/2015;1076,1
12/28/2015;1069,08
12/29/2015;1069,11
12/30/2015;1061,44
12/31/2015;1061,1
1/1/2016;1061,1
1/4/2016;1074,61
1/5/2016;1077,67
1/6/2016;1093,67
1/7/2016;1108,97
1/8/2016;1104,15
1/11/2016;1094,19
1/12/2016;1086,56
1/13/2016;1093,6
1/14/2016;1078,38
1/15/2016;1088,88
1/18/2016;1089,67
1/19/2016;1087,41
1/20/2016;1100,91
1/21/2016;1101,2
1/22/2016;1097,95
1/25/2016;1107,9
1/26/2016;1119,91
1/27/2016;1124,97
1/28/2016;1115,34
1/29/2016;1118,21
2/1/2016;1128,41
2/2/2016;1129,01
2/3/2016;1142,63
2/4/2016;1155,59
2/5/2016;1173,4
2/8/2016;1189,23
2/9/2016;1189,13
2/10/2016;1197,12
2/11/2016;1246,7
2/12/2016;1237,97
2/15/2016;1209,3
2/16/2016;1200,44
2/17/2016;1208,5
2/18/2016;1230,87
2/19/2016;1226,81
2/22/2016;1208,63
2/23/2016;1226,85
2/24/2016;1228,75
2/25/2016;1232,91
2/26/2016;1223,45
2/29/2016;1238,67
3/1/2016;1232,15
3/2/2016;1239,98
3/3/2016;1264,25
3/4/2016;1258,95
3/7/2016;1267,33
3/8/2016;1261,44
3/9/2016;1253,23
3/10/2016;1272,24
3/11/2016;1249,45
3/14/2016;1235,27
3/15/2016;1232,38
3/16/2016;1262,57
3/17/2016;1257,97
3/18/2016;1255,4
3/21/2016;1243,75
3/22/2016;1248,32
3/23/2016;1220,12
3/24/2016;1216,82
3/25/2016;1217,05
3/28/2016;1221,71
3/29/2016;1242,2
3/30/2016;1225,02
3/31/2016;1232,75
4/1/2016;1222,6
4/4/2016;1215,43
4/5/2016;1231,35
4/6/2016;1222,47
4/7/2016;1240,45
4/8/2016;1240,69
4/11/2016;1257,88
4/12/2016;1255,63
4/13/2016;1242,47
4/14/2016;1227,88
4/15/2016;1233,99
4/18/2016;1232,49
4/19/2016;1250,19
4/20/2016;1244,25
4/21/2016;1248,05
4/22/2016;1233,03
4/25/2016;1237,97
4/26/2016;1243,4
4/27/2016;1245,83
4/28/2016;1266,26
4/29/2016;1293,53
5/2/2016;1291,55
5/3/2016;1286,49
5/4/2016;1279,68
5/5/2016;1277,74
5/6/2016;1289
5/9/2016;1263,88
5/10/2016;1265,84
5/11/2016;1277,21
5/12/2016;1263,68
5/13/2016;1273,45
5/16/2016;1274,16
5/17/2016;1278,95
5/18/2016;1258,5
5/19/2016;1254,75
5/20/2016;1251,98
5/23/2016;1249,13
5/24/2016;1227,21
5/25/2016;1224,41
5/26/2016;1219,8
5/27/2016;1212,38
5/30/2016;1204,95
5/31/2016;1215,33
6/1/2016;1212,98
6/2/2016;1211
6/3/2016;1244,2
6/6/2016;1245,34
6/7/2016;1243,81
6/8/2016;1262,8
6/9/2016;1269,8
6/10/2016;1274,24
6/13/2016;1283,86
6/14/2016;1285,72
6/15/2016;1291,75
6/16/2016;1278,43
6/17/2016;1298,65
6/20/2016;1289,89
6/21/2016;1268,12
6/22/2016;1266,22
6/23/2016;1256,84
6/24/2016;1315,75
6/27/2016;1324,6
6/28/2016;1311,79
6/29/2016;1319,15
6/30/2016;1321,9
7/1/2016;1341,35
7/4/2016;1350,79
7/5/2016;1356,45
7/6/2016;1363,78
7/7/2016;1360,45
7/8/2016;1366,33
7/11/2016;1355,4
7/12/2016;1333,1
7/13/2016;1342,64
7/14/2016;1335,23
7/15/2016;1337,45
7/18/2016;1328,85
7/19/2016;1332,01
7/20/2016;1316,06
7/21/2016;1331,43
7/22/2016;1322,72
7/25/2016;1315,6
7/26/2016;1320,26
7/27/2016;1340,08
7/28/2016;1335,74
7/29/2016;1351,28
8/1/2016;1353,15
8/2/2016;1363,57
8/3/2016;1358,18
8/4/2016;1361,15
8/5/2016;1336
8/8/2016;1335,31
8/9/2016;1340,73
8/10/2016;1346,61
8/11/2016;1338,78
8/12/2016;1335,97
8/15/2016;1339,4
8/16/2016;1346,24
8/17/2016;1348,73
8/18/2016;1352,36
8/19/2016;1341,47
8/22/2016;1339,09
8/23/2016;1337,56
8/24/2016;1324,13
8/25/2016;1321,97
8/26/2016;1321,17
8/29/2016;1323,38
8/30/2016;1311,11
8/31/2016;1308,97
9/1/2016;1313,89
9/2/2016;1325,21
9/5/2016;1327,08
9/6/2016;1350
9/7/2016;1345,18
9/8/2016;1338,3
9/9/2016;1327,83
9/12/2016;1327,82
9/13/2016;1319,05
9/14/2016;1322,93
9/15/2016;1314,75
9/16/2016;1310,35
9/19/2016;1313,19
9/20/2016;1314,84
9/21/2016;1335,16
9/22/2016;1337,07
9/23/2016;1337,56
9/26/2016;1337,95
9/27/2016;1327,32
9/28/2016;1321,54
9/29/2016;1320,37
9/30/2016;1315,87
10/3/2016;1311,6
10/4/2016;1268,43
10/5/2016;1266,85
10/6/2016;1254,38
10/7/2016;1257,08
10/10/2016;1259,65
10/11/2016;1252,8
10/12/2016;1255,25
10/13/2016;1258,09
10/14/2016;1251,03
10/17/2016;1255,86
10/18/2016;1262,5
10/19/2016;1269,23
10/20/2016;1265,76
10/21/2016;1266,46
10/24/2016;1264,44
10/25/2016;1273,87
10/26/2016;1267,11
10/27/2016;1268,4
10/28/2016;1275,47
10/31/2016;1277,21
11/1/2016;1288,19
11/2/2016;1296,81
11/3/2016;1302,7
11/4/2016;1305,06
11/7/2016;1281,64
11/8/2016;1275,68
11/9/2016;1277,98
11/10/2016;1259,2
11/11/2016;1227,64
11/14/2016;1221,35
11/15/2016;1228,73
11/16/2016;1224,99
11/17/2016;1216,42
11/18/2016;1207,89
11/21/2016;1214,23
11/22/2016;1212,33
11/23/2016;1188,32
11/24/2016;1181,67
11/25/2016;1183,56
11/28/2016;1194
11/29/2016;1188,31
11/30/2016;1173,2
12/1/2016;1171,68
12/2/2016;1177,43
12/5/2016;1170,38
12/6/2016;1169,85
12/7/2016;1173,98
12/8/2016;1170,78
12/9/2016;1159,86
12/12/2016;1162,22
12/13/2016;1158,54
12/14/2016;1142,94
12/15/2016;1128,5
12/16/2016;1134,88
12/19/2016;1138,2
12/20/2016;1132,35
12/21/2016;1131,61
12/22/2016;1128,38
12/23/2016;1133,3
12/26/2016;1133,3
12/27/2016;1138,78
12/28/2016;1141,67
12/29/2016;1158,18
12/30/2016;1147,5
1/2/2017;1147,5
1/3/2017;1158,84
1/4/2017;1163,65
1/5/2017;1180,12
1/6/2017;1172,63
1/9/2017;1181,1
1/10/2017;1187,88
1/11/2017;1191,62
1/12/2017;1195,42
1/13/2017;1197,34
1/16/2017;1202,73
1/17/2017;1217,08
1/18/2017;1204,3
1/19/2017;1204,85
1/20/2017;1210,33
1/23/2017;1218,23
1/24/2017;1208,94
1/25/2017;1200,68
1/26/2017;1188,5
1/27/2017;1191,2
1/30/2017;1195,7
1/31/2017;1210,72
2/1/2017;1209,84
2/2/2017;1215,96
2/3/2017;1220,3
2/6/2017;1235,53
2/7/2017;1233,85
2/8/2017;1241,53
2/9/2017;1228,37
2/10/2017;1233,62
2/13/2017;1225,26
2/14/2017;1228,13
2/15/2017;1233,7
2/16/2017;1239,05
2/17/2017;1234,6
2/20/2017;1238,47
2/21/2017;1235,74
2/22/2017;1237,43
2/23/2017;1249,56
2/24/2017;1257,18
2/27/2017;1252,73
2/28/2017;1248,44
3/1/2017;1249,69
3/2/2017;1234,25
3/3/2017;1234,81
3/6/2017;1225,29
3/7/2017;1215,86
3/8/2017;1208,31
3/9/2017;1201,24
3/10/2017;1204,64
3/13/2017;1204,3
3/14/2017;1199,12
3/15/2017;1219,88
3/16/2017;1226,61
3/17/2017;1229,26
3/20/2017;1234,24
3/21/2017;1244,81
3/22/2017;1248,84
3/23/2017;1245,2
3/24/2017;1243,57
3/27/2017;1254,86
3/28/2017;1251,82
3/29/2017;1253,45
3/30/2017;1242,64
3/31/2017;1249,19
4/3/2017;1253,5
4/4/2017;1256,28
4/5/2017;1255,77
4/6/2017;1251,7
4/7/2017;1254,53
4/10/2017;1254,67
4/11/2017;1274,86
4/12/2017;1286,79
4/13/2017;1287,92
4/14/2017;1285,69
4/17/2017;1284,7
4/18/2017;1289,76
4/19/2017;1280,21
4/20/2017;1281,9
4/21/2017;1284,44
4/24/2017;1276,31
4/25/2017;1264,13
4/26/2017;1269,22
4/27/2017;1264,3
4/28/2017;1268,28
5/1/2017;1256,58
5/2/2017;1256,76
5/3/2017;1238,17
5/4/2017;1228,16
5/5/2017;1228,01
5/8/2017;1226,23
5/9/2017;1221,23
5/10/2017;1219,1
5/11/2017;1225,04
5/12/2017;1228,43
5/15/2017;1230,82
5/16/2017;1237,24
5/17/2017;1261,36
5/18/2017;1247,07
5/19/2017;1255,92
5/22/2017;1260,63
5/23/2017;1251,22
5/24/2017;1258,73
5/25/2017;1255,67
5/26/2017;1266,76
5/29/2017;1268,11
5/30/2017;1263,09
5/31/2017;1268,91
6/1/2017;1265,96
6/2/2017;1279,16
6/5/2017;1279,8
6/6/2017;1294,39
6/7/2017;1287,15
6/8/2017;1278,01
6/9/2017;1266,76
6/12/2017;1266,18
6/13/2017;1266,56
6/14/2017;1260,86
6/15/2017;1253,98
6/16/2017;1253,73
6/19/2017;1243,85
6/20/2017;1243,01
6/21/2017;1246,48
6/22/2017;1250,52
6/23/2017;1256,7
6/26/2017;1244,72
6/27/2017;1247,17
6/28/2017;1249,27
6/29/2017;1245,51
6/30/2017;1241,61
7/3/2017;1220,2
7/4/2017;1223,42
7/5/2017;1227,04
7/6/2017;1225,22
7/7/2017;1212,45
7/10/2017;1214,36
7/11/2017;1217,72
7/12/2017;1220,51
7/13/2017;1217,58
7/14/2017;1228,7
7/17/2017;1234,12
7/18/2017;1242,47
7/19/2017;1241,25
7/20/2017;1244,49
7/21/2017;1254,98
7/24/2017;1255,31
7/25/2017;1250,06
7/26/2017;1260,53
7/27/2017;1259,15
7/28/2017;1269,64
7/31/2017;1269,44
8/1/2017;1268,76
8/2/2017;1266,65
8/3/2017;1268,6
8/4/2017;1258,88
8/7/2017;1257,85
8/8/2017;1260,95
8/9/2017;1277,3
8/10/2017;1286,53
8/11/2017;1289,31
8/14/2017;1282,15
8/15/2017;1271,53
8/16/2017;1283,12
8/17/2017;1288,14
8/18/2017;1284,13
8/21/2017;1291,88
8/22/2017;1285,08
8/23/2017;1290,95
8/24/2017;1286,39
8/25/2017;1291,35
8/28/2017;1310,13
8/29/2017;1309,23
8/30/2017;1308,6
8/31/2017;1321,43
9/1/2017;1325,23
9/4/2017;1333,87
9/5/2017;1339,71
9/6/2017;1334,21
9/7/2017;1349,22
9/8/2017;1346,6
9/11/2017;1327,54
9/12/2017;1331,81
9/13/2017;1322,37
9/14/2017;1329,74
9/15/2017;1320,18
9/18/2017;1307,44
9/19/2017;1311,15
9/20/2017;1301,1
9/21/2017;1291,2
9/22/2017;1297,3
9/25/2017;1310,78
9/26/2017;1293,98
9/27/2017;1282,78
9/28/2017;1287,3
9/29/2017;1279,75
10/2/2017;1271,13
10/3/2017;1271,65
10/4/2017;1274,85
10/5/2017;1268,22
10/6/2017;1276,68
10/9/2017;1284,05
10/10/2017;1288,03
10/11/2017;1291,72
10/12/2017;1293,71
10/13/2017;1303,82
10/16/2017;1295,79
10/17/2017;1285,12
10/18/2017;1281,08
10/19/2017;1290,13
10/20/2017;1280,47
10/23/2017;1282,27
10/24/2017;1276,58
10/25/2017;1277,53
10/26/2017;1266,98
10/27/2017;1273,35
10/30/2017;1276,29
10/31/2017;1271,45
11/1/2017;1274,65
11/2/2017;1276,13
11/3/2017;1269,91
11/6/2017;1281,95
11/7/2017;1275,3
11/8/2017;1281,36
11/9/2017;1285,08
11/10/2017;1275,07
11/13/2017;1278,31
11/14/2017;1280,25
11/15/2017;1278,13
11/16/2017;1278,58
11/17/2017;1292,41
11/20/2017;1276,91
11/21/2017;1280,61
11/22/2017;1292,12
11/23/2017;1291,47
11/24/2017;1288,37
11/27/2017;1294,52
11/28/2017;1293,98
11/29/2017;1283,63
11/30/2017;1275,01
12/1/2017;1280,62
12/4/2017;1276,18
12/5/2017;1265,77
12/6/2017;1263,37
12/7/2017;1247,22
12/8/2017;1248,49
12/11/2017;1242,02
12/12/2017;1244,49
12/13/2017;1255,5
12/14/2017;1252,96
12/15/2017;1256,44
12/18/2017;1262,26
12/19/2017;1261,7
12/20/2017;1265,57
12/21/2017;1266,61
12/22/2017;1274,16
12/25/2017;1274,16
12/26/2017;1283,1
12/27/2017;1287,17
12/28/2017;1295,04
12/29/2017;1302,8
1/1/2018;1302,8
1/2/2018;1317,56
1/3/2018;1313,2
1/4/2018;1323,01
1/5/2018;1319,59
1/8/2018;1320,39
1/9/2018;1312,85
1/10/2018;1316,89
1/11/2018;1322,44
1/12/2018;1337,63
1/15/2018;1339,98
1/16/2018;1338,41
1/17/2018;1326,84
1/18/2018;1327,04
1/19/2018;1331,84
1/22/2018;1333,91
1/23/2018;1341,21
1/24/2018;1358,45
1/25/2018;1348,26
1/26/2018;1349,12
1/29/2018;1340,33
1/30/2018;1338,59
1/31/2018;1345,14
2/1/2018;1348,79
2/2/2018;1333,39
2/5/2018;1339,66
2/6/2018;1324,16
2/7/2018;1318,38
2/8/2018;1318,76
2/9/2018;1316,65
2/12/2018;1322,69
2/13/2018;1329,55
2/14/2018;1350,73
2/15/2018;1353,66
2/16/2018;1346,95
2/19/2018;1346,46
2/20/2018;1329,18
2/21/2018;1324,63
2/22/2018;1332,05
2/23/2018;1328,7
2/26/2018;1333,67
2/27/2018;1318,36
2/28/2018;1318,31
3/1/2018;1317,03
3/2/2018;1322,75
3/5/2018;1320,11
3/6/2018;1334,56
3/7/2018;1325,57
3/8/2018;1321,99
3/9/2018;1323,93
3/12/2018;1323,1
3/13/2018;1326,51
3/14/2018;1324,85
3/15/2018;1316,1
3/16/2018;1314,24
3/19/2018;1316,85
3/20/2018;1311,31
3/21/2018;1332,24
3/22/2018;1329,03
3/23/2018;1347,33
3/26/2018;1353,5
3/27/2018;1345,05
3/28/2018;1325,01
3/29/2018;1325,5
3/30/2018;1325,48
4/2/2018;1341,29
4/3/2018;1332,74
4/4/2018;1333,19
4/5/2018;1326,57
4/6/2018;1333,03
4/9/2018;1336,35
4/10/2018;1339,64
4/11/2018;1353,38
4/12/2018;1334,94
4/13/2018;1346,2
4/16/2018;1345,93
4/17/2018;1347,52
4/18/2018;1349,41
4/19/2018;1345,53
4/20/2018;1336,36
4/23/2018;1324,83
4/24/2018;1330,35
4/25/2018;1323,13
4/26/2018;1316,8
4/27/2018;1324
4/30/2018;1315,39
5/1/2018;1303,85
5/2/2018;1304,96
5/3/2018;1312,06
5/4/2018;1314,5
5/7/2018;1314,21
5/8/2018;1314,63
5/9/2018;1312,72
5/10/2018;1321,6
5/11/2018;1319,3
5/14/2018;1313,5
5/15/2018;1290,53
5/16/2018;1290,73
5/17/2018;1290,79
5/18/2018;1293,04
5/21/2018;1292,6
5/22/2018;1291,14
5/23/2018;1293,41
5/24/2018;1304,63
5/25/2018;1302,25
5/28/2018;1299,04
5/29/2018;1298,77
5/30/2018;1301,38
5/31/2018;1298,51
6/1/2018;1293,4
6/4/2018;1292,02
6/5/2018;1296,4
6/6/2018;1296,4
6/7/2018;1297,18
6/8/2018;1298,17
6/11/2018;1300,49
6/12/2018;1295,97
6/13/2018;1299,31
6/14/2018;1302,25
6/15/2018;1278,94
6/18/2018;1278,32
6/19/2018;1274,66
6/20/2018;1267,86
6/21/2018;1267,19
6/22/2018;1270,56
6/25/2018;1265,64
6/26/2018;1259,04
6/27/2018;1252,35
6/28/2018;1248,25
6/29/2018;1252,6
7/2/2018;1242,04
7/3/2018;1252,73
7/4/2018;1254,99
7/5/2018;1257,91
7/6/2018;1255,48
7/9/2018;1257,68
7/10/2018;1255,54
7/11/2018;1241,96
7/12/2018;1247,39
7/13/2018;1244,32
7/16/2018;1240,93
7/17/2018;1227,54
7/18/2018;1227,51
7/19/2018;1222,97
7/20/2018;1229,53
7/23/2018;1224,5
7/24/2018;1224,52
7/25/2018;1231,63
7/26/2018;1222,69
7/27/2018;1224,22
7/30/2018;1221,45
7/31/2018;1224,15
8/1/2018;1215,96
8/2/2018;1207,83
8/3/2018;1214,9
8/6/2018;1207,64
8/7/2018;1210,97
8/8/2018;1213,88
8/9/2018;1212,47
8/10/2018;1210,57
8/13/2018;1193,5
8/14/2018;1194,09
8/15/2018;1174,85
8/16/2018;1174,16
8/17/2018;1184,25
8/20/2018;1190,48
8/21/2018;1195,99
8/22/2018;1195,8
8/23/2018;1185,56
8/24/2018;1205,35
8/27/2018;1211,38
8/28/2018;1201
8/29/2018;1206,6
8/30/2018;1199,98
8/31/2018;1201,15
9/3/2018;1201,27
9/4/2018;1191,52
9/5/2018;1196,73
9/6/2018;1199,98
9/7/2018;1196,93
9/10/2018;1195,88
9/11/2018;1198,59
9/12/2018;1206,24
9/13/2018;1201,47
9/14/2018;1194,85
9/17/2018;1201,46
9/18/2018;1198,36
9/19/2018;1204,04
9/20/2018;1207,18
9/21/2018;1200,04
9/24/2018;1199,03
9/25/2018;1201,22
9/26/2018;1194,44
9/27/2018;1182,83
9/28/2018;1190,88
10/1/2018;1188,99
10/2/2018;1203,32
10/3/2018;1197,35
10/4/2018;1199,92
10/5/2018;1203,63
10/8/2018;1188,08
10/9/2018;1189,77
10/10/2018;1194,79
10/11/2018;1224,09
10/12/2018;1217,05
10/15/2018;1227,06
10/16/2018;1224,95
10/17/2018;1222,29
10/18/2018;1225,81
10/19/2018;1226,49
10/22/2018;1222,1
10/23/2018;1230,3
10/24/2018;1233,79
10/25/2018;1232,17
10/26/2018;1233,53
10/29/2018;1229,42
10/30/2018;1222,93
10/31/2018;1214,76
11/1/2018;1233,43
11/2/2018;1232,89
11/5/2018;1231,49
11/6/2018;1227,19
11/7/2018;1226,49
11/8/2018;1224
11/9/2018;1209,65
11/12/2018;1200,37
11/13/2018;1202,23
11/14/2018;1210,88
11/15/2018;1213,36
11/16/2018;1223,36
11/19/2018;1224,17
11/20/2018;1221,66
11/21/2018;1226,04
11/22/2018;1228,64
11/23/2018;1223,05
11/26/2018;1222,4
11/27/2018;1215,05
11/28/2018;1221,23
11/29/2018;1224,21
11/30/2018;1220,52
12/3/2018;1230,67
12/4/2018;1238,54
12/5/2018;1237,29
12/6/2018;1237,78
12/7/2018;1249,31
12/10/2018;1244,46
12/11/2018;1243,25
12/12/2018;1245,66
12/13/2018;1241,99
12/14/2018;1239,02
12/17/2018;1245,85
12/18/2018;1249,42
12/19/2018;1243,08
12/20/2018;1259,86
12/21/2018;1256,94
12/24/2018;1269,22
12/25/2018;1268,54
12/26/2018;1267,14
12/27/2018;1275,71
12/28/2018;1280,71
12/31/2018;1282,49
1/1/2019;1282,6
1/2/2019;1284,59
1/3/2019;1294,28
1/4/2019;1286,05
1/7/2019;1289,21
1/8/2019;1285,39
1/9/2019;1293,56
1/10/2019;1286,65
1/11/2019;1290,25
1/14/2019;1291,72
1/15/2019;1289,51
1/16/2019;1293,67
1/17/2019;1292,05
1/18/2019;1282,11
1/21/2019;1280,47
1/22/2019;1285,22
1/23/2019;1282,72
1/24/2019;1281,21
1/25/2019;1305,25
1/28/2019;1303,36
1/29/2019;1311,79
1/30/2019;1319,91
1/31/2019;1321,25
2/1/2019;1317,98
2/4/2019;1312,25
2/5/2019;1315,32
2/6/2019;1306,6
2/7/2019;1310,11
2/8/2019;1314,29
2/11/2019;1308,12
2/12/2019;1310,8
2/13/2019;1306,27
2/14/2019;1312,57
2/15/2019;1322,49
2/18/2019;1326,89
2/19/2019;1340,94
2/20/2019;1338,44
2/21/2019;1323,63
2/22/2019;1329,4
2/25/2019;1327,58
2/26/2019;1328,96
2/27/2019;1319,86
2/28/2019;1313,32
3/1/2019;1293,44
3/4/2019;1286,74
3/5/2019;1288,01
3/6/2019;1286,36
3/7/2019;1285,61
3/8/2019;1298,3
3/11/2019;1293,35
3/12/2019;1301,58
3/13/2019;1309,12
3/14/2019;1296,17
3/15/2019;1302,4
3/18/2019;1303,71
3/19/2019;1306,56
3/20/2019;1312,53
3/21/2019;1309,36
3/22/2019;1313,68
3/25/2019;1321,9
3/26/2019;1315,71
3/27/2019;1309,55
3/28/2019;1290,42
3/29/2019;1292,38
4/1/2019;1287,72
4/2/2019;1292,46
4/3/2019;1289,93
4/4/2019;1292,21
4/5/2019;1291,76
4/8/2019;1297,48
4/9/2019;1304,1
4/10/2019;1307,99
4/11/2019;1292,52
4/12/2019;1290,43
4/15/2019;1287,95
4/16/2019;1276,79
4/17/2019;1273,98
4/18/2019;1275,82
4/19/2019;1275,52
4/22/2019;1274,99
4/23/2019;1272,42
4/24/2019;1275,76
4/25/2019;1277,17
4/26/2019;1286,16
4/29/2019;1279,9
4/30/2019;1283,53
5/1/2019;1276,76
5/2/2019;1270,69
5/3/2019;1279,11
5/6/2019;1281,1
5/7/2019;1284,43
5/8/2019;1280,88
5/9/2019;1284,08
5/10/2019;1286,05
5/13/2019;1299,91
5/14/2019;1296,92
5/15/2019;1296,49
5/16/2019;1286,72
5/17/2019;1277,53
5/20/2019;1277,82
5/21/2019;1274,68
5/22/2019;1273,34
5/23/2019;1283,45
5/24/2019;1284,93
5/27/2019;1285,36
5/28/2019;1279,33
5/29/2019;1279,78
5/30/2019;1288,65
5/31/2019;1305,58
6/3/2019;1325,31
6/4/2019;1325,52
6/5/2019;1330,32
6/6/2019;1335,33
6/7/2019;1340,86
6/10/2019;1327,98
6/11/2019;1326,84
6/12/2019;1333,58
6/13/2019;1342,31
6/14/2019;1341,7
6/17/2019;1339,66
6/18/2019;1346,61
6/19/2019;1360,38
6/20/2019;1388,44
6/21/2019;1399,63
6/24/2019;1419,72
6/25/2019;1423,44
6/26/2019;1409
6/27/2019;1409,78
6/28/2019;1409,55
7/1/2019;1384,19
7/2/2019;1418,65
7/3/2019;1418,78
7/4/2019;1416,08
7/5/2019;1399,45
7/8/2019;1395,53
7/9/2019;1397,61
7/10/2019;1419,02
7/11/2019;1403,81
7/12/2019;1415,75
7/15/2019;1414,13
7/16/2019;1406,23
7/17/2019;1426,57
7/18/2019;1446,1
7/19/2019;1425,37
7/22/2019;1424,88
7/23/2019;1417,83
7/24/2019;1425,86
7/25/2019;1414,58
7/26/2019;1418,9
7/29/2019;1426,8
7/30/2019;1430,88
7/31/2019;1413,78
8/1/2019;1445,18
8/2/2019;1440,83
8/5/2019;1463,7
8/6/2019;1474,42
8/7/2019;1501,16
8/8/2019;1500,95
8/9/2019;1496,95
8/12/2019;1511,16
8/13/2019;1501,51
8/14/2019;1516,36
8/15/2019;1523,29
8/16/2019;1513,52
8/19/2019;1495,92
8/20/2019;1507,2
8/21/2019;1502,65
8/22/2019;1498,06
8/23/2019;1526,96
8/26/2019;1527,31
8/27/2019;1542,81
8/28/2019;1539,01
8/29/2019;1527,63
8/30/2019;1520,38
9/2/2019;1529,29
9/3/2019;1547,1
9/4/2019;1552,55
9/5/2019;1519,05
9/6/2019;1506,82
9/9/2019;1499,13
9/10/2019;1485,78
9/11/2019;1497,2
9/12/2019;1499,26
9/13/2019;1488,53
9/16/2019;1498,43
9/17/2019;1501,38
9/18/2019;1494
9/19/2019;1499,03
9/20/2019;1516,9
9/23/2019;1522,24
9/24/2019;1531,87
9/25/2019;1504,05
9/26/2019;1504,78
9/27/2019;1497,01
9/30/2019;1472,49
10/1/2019;1479,14
10/2/2019;1499,45
10/3/2019;1505,19
10/4/2019;1504,66
10/7/2019;1493,5
10/8/2019;1505,51
10/9/2019;1505,57
10/10/2019;1493,99
10/11/2019;1489,01
10/14/2019;1493,21
10/15/2019;1481,01
10/16/2019;1490,13
10/17/2019;1491,87
10/18/2019;1490,05
10/21/2019;1484,5
10/22/2019;1487,68
10/23/2019;1492,12
10/24/2019;1503,98
10/25/2019;1504,63
10/28/2019;1492,51
10/29/2019;1487,72
10/30/2019;1495,66
10/31/2019;1512,99
11/1/2019;1514,34
11/4/2019;1509,82
11/5/2019;1483,61
11/6/2019;1490,57
11/7/2019;1468,48
11/8/2019;1459
11/11/2019;1455,86
11/12/2019;1456,32
11/13/2019;1463,58
11/14/2019;1471,4
11/15/2019;1468,21
11/18/2019;1471,51
11/19/2019;1472,46
11/20/2019;1471,61
11/21/2019;1464,41
11/22/2019;1461,93
11/25/2019;1455,26
11/26/2019;1461,39
11/27/2019;1454,44
11/28/2019;1456,27
11/29/2019;1463,98
12/2/2019;1462,44
12/3/2019;1477,61
12/4/2019;1474,59
12/5/2019;1476
12/6/2019;1460,17
12/9/2019;1461,68
12/10/2019;1464,39
12/11/2019;1474,88
12/12/2019;1469,8
12/13/2019;1476,33
12/16/2019;1476,18
12/17/2019;1476,22
12/18/2019;1475,4
12/19/2019;1478,8
12/20/2019;1478,22
12/23/2019;1485,79
12/24/2019;1499,41
12/25/2019;1499,84
12/26/2019;1511,53
12/27/2019;1510,56
12/30/2019;1515,16
12/31/2019;1517,27
1/1/2020;1517,29
1/2/2020;1529,13
1/3/2020;1552,2
1/6/2020;1565,74
1/7/2020;1574,37
1/8/2020;1556,42
1/9/2020;1552,32
1/10/2020;1562,34
1/13/2020;1547,88
1/14/2020;1546,39
1/15/2020;1556,25
1/16/2020;1552,51
1/17/2020;1557,24
1/20/2020;1560,77
1/21/2020;1558,17
1/22/2020;1558,78
1/23/2020;1562,94
1/24/2020;1571,53
1/27/2020;1582,06
1/28/2020;1567,17
1/29/2020;1576,83
1/30/2020;1574,28
1/31/2020;1589,16
2/3/2020;1576,73
2/4/2020;1552,92
2/5/2020;1556,02
2/6/2020;1566,66
2/7/2020;1570,44
2/10/2020;1572,15
2/11/2020;1567,89
2/12/2020;1566,06
2/13/2020;1576
2/14/2020;1584,06
2/17/2020;1581,13
2/18/2020;1601,61
2/19/2020;1611,7
2/20/2020;1619,56
2/21/2020;1643,41
2/24/2020;1659,38
2/25/2020;1635,14
2/26/2020;1640,96
2/27/2020;1645,01
2/28/2020;1585,69
3/2/2020;1589,44
3/3/2020;1640,9
3/4/2020;1636,93
3/5/2020;1672,23
3/6/2020;1673,83
3/9/2020;1680,47
3/10/2020;1649,4
3/11/2020;1635,04
3/12/2020;1576,15
3/13/2020;1529,83
3/16/2020;1514,1
3/17/2020;1528,3
3/18/2020;1486,05
3/19/2020;1471,24
3/20/2020;1498,65
3/23/2020;1553,23
3/24/2020;1632,32
3/25/2020;1616,9
3/26/2020;1631,34
3/27/2020;1628,16
3/30/2020;1622,51
3/31/2020;1577,18
4/1/2020;1591,51
4/2/2020;1613,99
4/3/2020;1620,81
4/6/2020;1660,97
4/7/2020;1647,72
4/8/2020;1646,14
4/9/2020;1683,73
4/10/2020;1696,65
4/13/2020;1715,34
4/14/2020;1726,97
4/15/2020;1717,03
4/16/2020;1717,7
4/17/2020;1682,82
4/20/2020;1695,65
4/21/2020;1686,2
4/22/2020;1714,08
4/23/2020;1730,51
4/24/2020;1729,6
4/27/2020;1713,99
4/28/2020;1707,79
4/29/2020;1713,41
4/30/2020;1686,5
5/1/2020;1700,42
5/4/2020;1702,07
5/5/2020;1705,92
5/6/2020;1685,71
5/7/2020;1716,06
5/8/2020;1702,7
5/11/2020;1697,93
5/12/2020;1702,7
5/13/2020;1716,28
5/14/2020;1730,3
5/15/2020;1743,67
5/18/2020;1732,55
5/19/2020;1745,05
5/20/2020;1748,18
5/21/2020;1727
5/22/2020;1734,68
5/25/2020;1731,95
5/26/2020;1710,58
5/27/2020;1709,47
5/28/2020;1718,33
5/29/2020;1730,27
6/1/2020;1739,55
6/2/2020;1727,7
6/3/2020;1699,67
6/4/2020;1714,01
6/5/2020;1685,06
6/8/2020;1698,53
6/9/2020;1715,33
6/10/2020;1738,7
6/11/2020;1727,7
6/12/2020;1730,75
6/15/2020;1725,16
6/16/2020;1726,53
6/17/2020;1726,95
6/18/2020;1722,93
6/19/2020;1743,87
6/22/2020;1754,43
6/23/2020;1768,41
6/24/2020;1761,17
6/25/2020;1763,79
6/26/2020;1771,29
6/29/2020;1772,82
6/30/2020;1780,96
7/1/2020;1770,09
7/2/2020;1775,38
7/3/2020;1775,95
7/6/2020;1784,68
7/7/2020;1794,86
7/8/2020;1808,89
7/9/2020;1803,55
7/10/2020;1798,7
7/13/2020;1802,76
7/14/2020;1809,36
7/15/2020;1810,29
7/16/2020;1797,16
7/17/2020;1810,42
7/20/2020;1817,77
7/21/2020;1841,91
7/22/2020;1871,41
7/23/2020;1887,44
7/24/2020;1902,02
7/27/2020;1942,24
7/28/2020;1958,43
7/29/2020;1970,79
7/30/2020;1956,64
7/31/2020;1975,86
8/3/2020;1976,98
8/4/2020;2019,21
8/5/2020;2038,12
8/6/2020;2063,54
8/7/2020;2035,55
8/10/2020;2027,34
8/11/2020;1911,89
8/12/2020;1915,83
8/13/2020;1953,71
8/14/2020;1945,12
8/17/2020;1985,3
8/18/2020;2002,44
8/19/2020;1928,98
8/20/2020;1947,26
8/21/2020;1940,48
8/24/2020;1928,88
8/25/2020;1928,18
8/26/2020;1954,46
8/27/2020;1929,54
8/28/2020;1964,83
8/31/2020;1967,8
9/1/2020;1970,18
9/2/2020;1942,92
9/3/2020;1930,91
9/4/2020;1933,94
9/7/2020;1933,64
9/8/2020;1917,06
