Dates;MSCI_EURO
9/1/2000;1526,24
9/4/2000;1550,84
9/5/2000;1532,46
9/6/2000;1522,52
9/7/2000;1531,86
9/8/2000;1506,4
9/11/2000;1506,59
9/12/2000;1502,14
9/13/2000;1482,24
9/14/2000;1497,65
9/15/2000;1493,56
9/18/2000;1471,63
9/19/2000;1470,8
9/20/2000;1448,82
9/21/2000;1420,31
9/22/2000;1424,17
9/25/2000;1439,29
9/26/2000;1425,39
9/27/2000;1430,76
9/28/2000;1428,96
9/29/2000;1424,77
10/2/2000;1440,98
10/3/2000;1450,7
10/4/2000;1435,99
10/5/2000;1443,93
10/6/2000;1425,69
10/9/2000;1396,08
10/10/2000;1399,77
10/11/2000;1364,53
10/12/2000;1363,86
10/13/2000;1378,64
10/16/2000;1382,9
10/17/2000;1371,5
10/18/2000;1348,32
10/19/2000;1391,52
10/20/2000;1405,93
10/23/2000;1414,13
10/24/2000;1450,19
10/25/2000;1437,88
10/26/2000;1428,02
10/27/2000;1445,32
10/30/2000;1448,2
10/31/2000;1467,9
11/1/2000;1473,27
11/2/2000;1475,36
11/3/2000;1477,61
11/6/2000;1476,6
11/7/2000;1471,93
11/8/2000;1464,03
11/9/2000;1451,8
11/10/2000;1426,89
11/13/2000;1400,9
11/14/2000;1448,05
11/15/2000;1459,06
11/16/2000;1446,42
11/17/2000;1431,73
11/20/2000;1400,12
11/21/2000;1413,07
11/22/2000;1381,61
11/23/2000;1396,66
11/24/2000;1422,94
11/27/2000;1425,57
11/28/2000;1408,71
11/29/2000;1409,54
11/30/2000;1373,39
12/1/2000;1388,6
12/4/2000;1358,84
12/5/2000;1405,69
12/6/2000;1398,85
12/7/2000;1400,27
12/8/2000;1401,98
12/11/2000;1426,82
12/12/2000;1420,09
12/13/2000;1402,02
12/14/2000;1379,65
12/15/2000;1352,22
12/18/2000;1356,95
12/19/2000;1378,69
12/20/2000;1330,7
12/21/2000;1323,08
12/22/2000;1332,07
12/25/2000;1332,07
12/26/2000;1332,07
12/27/2000;1348,44
12/28/2000;1359,22
12/29/2000;1360,69
1/1/2001;1360,69
1/2/2001;1338,12
1/3/2001;1325,32
1/4/2001;1351,24
1/5/2001;1346,45
1/8/2001;1339,94
1/9/2001;1326,26
1/10/2001;1319,07
1/11/2001;1342,52
1/12/2001;1360,17
1/15/2001;1362,85
1/16/2001;1344,31
1/17/2001;1373,4
1/18/2001;1367,15
1/19/2001;1360,75
1/22/2001;1364,92
1/23/2001;1362,03
1/24/2001;1372,23
1/25/2001;1374,88
1/26/2001;1371,5
1/29/2001;1369,9
1/30/2001;1365,71
1/31/2001;1379,32
2/1/2001;1359,72
2/2/2001;1346,01
2/5/2001;1343,16
2/6/2001;1353,76
2/7/2001;1331,52
2/8/2001;1337,36
2/9/2001;1315,66
2/12/2001;1329,42
2/13/2001;1326,57
2/14/2001;1303,63
2/15/2001;1320,33
2/16/2001;1294,86
2/19/2001;1293,01
2/20/2001;1283,86
2/21/2001;1265,29
2/22/2001;1248,49
2/23/2001;1218,59
2/26/2001;1240,49
2/27/2001;1246,37
2/28/2001;1243,8
3/1/2001;1230,62
3/2/2001;1231,95
3/5/2001;1245,29
3/6/2001;1265,02
3/7/2001;1267,12
3/8/2001;1254,39
3/9/2001;1242,13
3/12/2001;1208,89
3/13/2001;1200,31
3/14/2001;1182,2
3/15/2001;1201,73
3/16/2001;1174,97
3/19/2001;1166,66
3/20/2001;1188,42
3/21/2001;1161,79
3/22/2001;1112,78
3/23/2001;1143,83
3/26/2001;1182,99
3/27/2001;1209,27
3/28/2001;1190,04
3/29/2001;1192,84
3/30/2001;1197,78
4/2/2001;1197,74
4/3/2001;1154,62
4/4/2001;1164,86
4/5/2001;1193,93
4/6/2001;1188,64
4/9/2001;1203,66
4/10/2001;1233,43
4/11/2001;1238,74
4/12/2001;1240,64
4/13/2001;1240,64
4/16/2001;1240,64
4/17/2001;1230,13
4/18/2001;1272
4/19/2001;1267,94
4/20/2001;1258,23
4/23/2001;1242,07
4/24/2001;1253,46
4/25/2001;1251,17
4/26/2001;1262,24
4/27/2001;1280,75
4/30/2001;1296,87
5/1/2001;1297,37
5/2/2001;1287,66
5/3/2001;1261,07
5/4/2001;1262,71
5/7/2001;1268,71
5/8/2001;1267,4
5/9/2001;1259,12
5/10/2001;1285,57
5/11/2001;1276,28
5/14/2001;1262,51
5/15/2001;1269,01
5/16/2001;1266,77
5/17/2001;1281,53
5/18/2001;1290,53
5/21/2001;1292,96
5/22/2001;1302,11
5/23/2001;1290,48
5/24/2001;1296,51
5/25/2001;1280,89
5/28/2001;1285,12
5/29/2001;1272,8
5/30/2001;1251,86
5/31/2001;1256,16
6/1/2001;1252,13
6/4/2001;1256,3
6/5/2001;1273,43
6/6/2001;1267,69
6/7/2001;1262,51
6/8/2001;1263,83
6/11/2001;1256,34
6/12/2001;1221,68
6/13/2001;1233,78
6/14/2001;1216,82
6/15/2001;1202,61
6/18/2001;1186,9
6/19/2001;1194,01
6/20/2001;1187,08
6/21/2001;1184,86
6/22/2001;1193,09
6/25/2001;1195,6
6/26/2001;1176,63
6/27/2001;1172,47
6/28/2001;1187,67
6/29/2001;1207,32
7/2/2001;1223,15
7/3/2001;1207,88
7/4/2001;1199,55
7/5/2001;1192,59
7/6/2001;1162,56
7/9/2001;1163,97
7/10/2001;1153,47
7/11/2001;1138,81
7/12/2001;1148,99
7/13/2001;1157,16
7/16/2001;1149,76
7/17/2001;1142,5
7/18/2001;1121,45
7/19/2001;1143,16
7/20/2001;1131,72
7/23/2001;1140,07
7/24/2001;1127,74
7/25/2001;1108,05
7/26/2001;1121,75
7/27/2001;1141,92
7/30/2001;1157,84
7/31/2001;1170,25
8/1/2001;1171,93
8/2/2001;1166,05
8/3/2001;1154,43
8/6/2001;1159,31
8/7/2001;1160,01
8/8/2001;1142,57
8/9/2001;1119,97
8/10/2001;1106,06
8/13/2001;1118,1
8/14/2001;1131,24
8/15/2001;1122,77
8/16/2001;1110,74
8/17/2001;1087,02
8/20/2001;1086,93
8/21/2001;1094,51
8/22/2001;1094,18
8/23/2001;1100,75
8/24/2001;1120,71
8/27/2001;1120,75
8/28/2001;1101,92
8/29/2001;1104,04
8/30/2001;1077,43
8/31/2001;1077,28
9/3/2001;1062,17
9/4/2001;1074,23
9/5/2001;1048,74
9/6/2001;1021,69
9/7/2001;999,06
9/10/2001;992,12
9/11/2001;926,88
9/12/2001;935,74
9/13/2001;944,61
9/14/2001;889,11
9/17/2001;914,44
9/18/2001;908,38
9/19/2001;885,11
9/20/2001;846,97
9/21/2001;824,47
9/24/2001;877,12
9/25/2001;886,01
9/26/2001;901,69
9/27/2001;913,44
9/28/2001;941,4
10/1/2001;919,72
10/2/2001;933,66
10/3/2001;936,18
10/4/2001;970,68
10/5/2001;958,3
10/8/2001;960,33
10/9/2001;960,82
10/10/2001;991,6
10/11/2001;1003,88
10/12/2001;997,66
10/15/2001;970,72
10/16/2001;987,71
10/17/2001;1007,96
10/18/2001;989,13
10/19/2001;973,67
10/22/2001;994,32
10/23/2001;1022,35
10/24/2001;1031,45
10/25/2001;1006,76
10/26/2001;1030,65
10/29/2001;1006,86
10/30/2001;975,79
10/31/2001;992,48
11/1/2001;1000,3
11/2/2001;997,94
11/5/2001;1027,27
11/6/2001;1022,47
11/7/2001;1035,58
11/8/2001;1059,6
11/9/2001;1043,5
11/12/2001;1016,76
11/13/2001;1055,66
11/14/2001;1054,77
11/15/2001;1057,04
11/16/2001;1065,41
11/19/2001;1081,73
11/20/2001;1067,25
11/21/2001;1061,79
11/22/2001;1073,51
11/23/2001;1073,85
11/26/2001;1068,44
11/27/2001;1050,58
11/28/2001;1036,66
11/29/2001;1037,57
11/30/2001;1047,03
12/3/2001;1043,33
12/4/2001;1055,65
12/5/2001;1093
12/6/2001;1094,53
12/7/2001;1084,5
12/10/2001;1064,46
12/11/2001;1069,25
12/12/2001;1055,28
12/13/2001;1032,16
12/14/2001;1021,34
12/17/2001;1054,09
12/18/2001;1051,28
12/19/2001;1043,2
12/20/2001;1033,49
12/21/2001;1054,53
12/24/2001;1054,91
12/25/2001;1054,91
12/26/2001;1054,91
12/27/2001;1076,5
12/28/2001;1083,65
12/31/2001;1083,85
1/1/2002;1083,85
1/2/2002;1070,78
1/3/2002;1092
1/4/2002;1090,14
1/7/2002;1074,19
1/8/2002;1066,18
1/9/2002;1068,98
1/10/2002;1053,22
1/11/2002;1061,12
1/14/2002;1032,77
1/15/2002;1045,48
1/16/2002;1029,71
1/17/2002;1048,66
1/18/2002;1044,96
1/21/2002;1034,91
1/22/2002;1038,48
1/23/2002;1047,46
1/24/2002;1063,43
1/25/2002;1060,9
1/28/2002;1070,9
1/29/2002;1057,05
1/30/2002;1041,44
1/31/2002;1052,61
2/1/2002;1055,71
2/4/2002;1038,18
2/5/2002;1016,97
2/6/2002;1002,25
2/7/2002;1010,15
2/8/2002;1006,94
2/11/2002;1019,35
2/12/2002;1016,43
2/13/2002;1024,99
2/14/2002;1037,38
2/15/2002;1022,18
2/18/2002;1016,7
2/19/2002;993,56
2/20/2002;989,93
2/21/2002;1001,89
2/22/2002;988,33
2/25/2002;1005,69
2/26/2002;1013,59
2/27/2002;1032,8
2/28/2002;1041,09
3/1/2002;1046,81
3/4/2002;1075,59
3/5/2002;1071,56
3/6/2002;1075,81
3/7/2002;1080,97
3/8/2002;1087,18
3/11/2002;1081,32
3/12/2002;1071,01
3/13/2002;1066,04
3/14/2002;1068,86
3/15/2002;1081,1
3/18/2002;1088,11
3/19/2002;1093,4
3/20/2002;1079,22
3/21/2002;1073,4
3/22/2002;1079,44
3/25/2002;1071,31
3/26/2002;1076,81
3/27/2002;1076,47
3/28/2002;1090,35
3/29/2002;1090,35
4/1/2002;1090,35
4/2/2002;1079,36
4/3/2002;1079,08
4/4/2002;1064,67
4/5/2002;1061,64
4/8/2002;1041,8
4/9/2002;1046,35
4/10/2002;1056,7
4/11/2002;1038,72
4/12/2002;1043,88
4/15/2002;1053,37
4/16/2002;1077,82
4/17/2002;1078,07
4/18/2002;1067,67
4/19/2002;1069,2
4/22/2002;1057,93
4/23/2002;1056,39
4/24/2002;1048,01
4/25/2002;1033,06
4/26/2002;1029,58
4/29/2002;1024,29
4/30/2002;1032,2
5/1/2002;1032,13
5/2/2002;1021,05
5/3/2002;1008,8
5/6/2002;1005,87
5/7/2002;997,35
5/8/2002;1022,28
5/9/2002;1017,04
5/10/2002;1001,38
5/13/2002;1014,43
5/14/2002;1031,44
5/15/2002;1035,81
5/16/2002;1031,45
5/17/2002;1025,15
5/20/2002;1015,54
5/21/2002;1012,54
5/22/2002;997,39
5/23/2002;998,86
5/24/2002;999,7
5/27/2002;1005,66
5/28/2002;998,94
5/29/2002;995,81
5/30/2002;976,9
5/31/2002;984,64
6/3/2002;971,9
6/4/2002;941,13
6/5/2002;943,46
6/6/2002;945,76
6/7/2002;928,12
6/10/2002;928,38
6/11/2002;942,94
6/12/2002;918,88
6/13/2002;908,91
6/14/2002;884,32
6/17/2002;918,99
6/18/2002;917,83
6/19/2002;901,46
6/20/2002;881,47
6/21/2002;875,96
6/24/2002;848,25
6/25/2002;869
6/26/2002;853,3
6/27/2002;867,2
6/28/2002;900,75
7/1/2002;898,04
7/2/2002;863,89
7/3/2002;843,5
7/4/2002;864,26
7/5/2002;904,43
7/8/2002;901,58
7/9/2002;890,2
7/10/2002;856,12
7/11/2002;827,44
7/12/2002;828,15
7/15/2002;783,8
7/16/2002;784,77
7/17/2002;811,72
7/18/2002;820,01
7/19/2002;780,2
7/22/2002;740,2
7/23/2002;718,27
7/24/2002;710,37
7/25/2002;727,88
7/26/2002;733,64
7/29/2002;783,31
7/30/2002;776,74
7/31/2002;775,49
8/1/2002;743,6
8/2/2002;737,8
8/5/2002;709,78
8/6/2002;746,1
8/7/2002;739,3
8/8/2002;772,97
8/9/2002;786,47
8/12/2002;766,79
8/13/2002;773,79
8/14/2002;747,52
8/15/2002;770,13
8/16/2002;779,2
8/19/2002;808,43
8/20/2002;795,88
8/21/2002;805,73
8/22/2002;825,89
8/23/2002;812,45
8/26/2002;799,62
8/27/2002;822,14
8/28/2002;787,48
8/29/2002;771,53
8/30/2002;781,44
9/2/2002;763,29
9/3/2002;728,49
9/4/2002;733,97
9/5/2002;726,76
9/6/2002;753,34
9/9/2002;740
9/10/2002;759,75
9/11/2002;782,21
9/12/2002;748,11
9/13/2002;731,72
9/16/2002;726,8
9/17/2002;720,87
9/18/2002;691,54
9/19/2002;676,46
9/20/2002;672,63
9/23/2002;646,95
9/24/2002;637,49
9/25/2002;650,73
9/26/2002;684,58
9/27/2002;676,83
9/30/2002;641,12
10/1/2002;654,41
10/2/2002;677,21
10/3/2002;662,88
10/4/2002;643,4
10/7/2002;636,72
10/8/2002;626,45
10/9/2002;620,21
10/10/2002;641,89
10/11/2002;675,22
10/14/2002;667
10/15/2002;711,61
10/16/2002;700,94
10/17/2002;727,6
10/18/2002;726
10/21/2002;731,81
10/22/2002;722,32
10/23/2002;694,71
10/24/2002;714,08
10/25/2002;710,76
10/28/2002;724,94
10/29/2002;691,05
10/30/2002;713,3
10/31/2002;727,25
11/1/2002;720,61
11/4/2002;749,77
11/5/2002;753,61
11/6/2002;744,11
11/7/2002;720,08
11/8/2002;709,48
11/11/2002;704,78
11/12/2002;711,65
11/13/2002;706,71
11/14/2002;729,78
11/15/2002;732,75
11/18/2002;743,14
11/19/2002;737,42
11/20/2002;735,19
11/21/2002;762,83
11/22/2002;764,4
11/25/2002;763,36
11/26/2002;744,37
11/27/2002;769,26
11/28/2002;773,57
11/29/2002;770,77
12/2/2002;772,64
12/3/2002;751,09
12/4/2002;747,87
12/5/2002;734,48
12/6/2002;734,42
12/9/2002;714,41
12/10/2002;721,45
12/11/2002;728,75
12/12/2002;716,71
12/13/2002;704,64
12/16/2002;728,26
12/17/2002;719,35
12/18/2002;701,35
12/19/2002;695,45
12/20/2002;704,41
12/23/2002;707,21
12/24/2002;706,79
12/25/2002;706,79
12/26/2002;706,79
12/27/2002;683,89
12/30/2002;689,6
12/31/2002;693,04
1/1/2003;693,04
1/2/2003;726,41
1/3/2003;723,31
1/6/2003;730,08
1/7/2003;723,82
1/8/2003;708,77
1/9/2003;719,52
1/10/2003;719,45
1/13/2003;722,12
1/14/2003;725,49
1/15/2003;716,8
1/16/2003;716,57
1/17/2003;693,76
1/20/2003;684,65
1/21/2003;676,97
1/22/2003;663,86
1/23/2003;660,78
1/24/2003;651,9
1/27/2003;629,99
1/28/2003;630,68
1/29/2003;636,78
1/30/2003;649,99
1/31/2003;652,8
2/3/2003;659,52
2/4/2003;636,58
2/5/2003;647,08
2/6/2003;633,11
2/7/2003;622,92
2/10/2003;620,26
2/11/2003;637,06
2/12/2003;622,53
2/13/2003;618,7
2/14/2003;637,48
2/17/2003;648,69
2/18/2003;659,29
2/19/2003;640,83
2/20/2003;632,74
2/21/2003;640,32
2/24/2003;628,49
2/25/2003;606,61
2/26/2003;600,78
2/27/2003;612,49
2/28/2003;622,91
3/3/2003;623,09
3/4/2003;608,74
3/5/2003;604,16
3/6/2003;594,95
3/7/2003;581,78
3/10/2003;567,43
3/11/2003;565,92
3/12/2003;544,8
3/13/2003;578,83
3/14/2003;607,15
3/17/2003;627,8
3/18/2003;628,34
3/19/2003;637,28
3/20/2003;629,4
3/21/2003;653,47
3/24/2003;619,29
3/25/2003;634,27
3/26/2003;631,34
3/27/2003;620,96
3/28/2003;619,67
3/31/2003;593,99
4/1/2003;602,03
4/2/2003;627,4
4/3/2003;633,47
4/4/2003;643,19
4/7/2003;668,37
4/8/2003;658,66
4/9/2003;657,4
4/10/2003;642,31
4/11/2003;649,19
4/14/2003;655,64
4/15/2003;668,08
4/16/2003;663,53
4/17/2003;671,6
4/18/2003;671,6
4/21/2003;671,6
4/22/2003;676,48
4/23/2003;683,89
4/24/2003;669,54
4/25/2003;659,04
4/28/2003;677,72
4/29/2003;673,36
4/30/2003;674,15
5/1/2003;674,15
5/2/2003;674,22
5/5/2003;682,95
5/6/2003;693,83
5/7/2003;685,54
5/8/2003;666,21
5/9/2003;673,31
5/12/2003;673,4
5/13/2003;672,22
5/14/2003;672,32
5/15/2003;681,14
5/16/2003;682,33
5/19/2003;655,23
5/20/2003;655,72
5/21/2003;650,02
5/22/2003;659,77
5/23/2003;655,31
5/26/2003;654,05
5/27/2003;658,77
5/28/2003;672
5/29/2003;672,67
5/30/2003;678,47
6/2/2003;691,16
6/3/2003;687,24
6/4/2003;695,12
6/5/2003;688,61
6/6/2003;704,64
6/9/2003;695,48
6/10/2003;700,52
6/11/2003;710,03
6/12/2003;716,49
6/13/2003;706,21
6/16/2003;720,8
6/17/2003;725,34
6/18/2003;729,25
6/19/2003;719,29
6/20/2003;725,4
6/23/2003;707,94
6/24/2003;705,8
6/25/2003;708,22
6/26/2003;708,32
6/27/2003;709,59
6/30/2003;701,36
7/1/2003;686,34
7/2/2003;700,98
7/3/2003;701,36
7/4/2003;698,37
7/7/2003;721,07
7/8/2003;722,5
7/9/2003;717,26
7/10/2003;708,96
7/11/2003;718,35
7/14/2003;729,61
7/15/2003;726,14
7/16/2003;722,06
7/17/2003;711,89
7/18/2003;715,21
7/21/2003;704,63
7/22/2003;708,97
7/23/2003;706,9
7/24/2003;719,87
7/25/2003;710,92
7/28/2003;721,77
7/29/2003;716,91
7/30/2003;720,18
7/31/2003;729,95
8/1/2003;720,2
8/4/2003;714,19
8/5/2003;720,65
8/6/2003;708,39
8/7/2003;707,8
8/8/2003;713,79
8/11/2003;718,48
8/12/2003;723,59
8/13/2003;724,26
8/14/2003;735,72
8/15/2003;737,15
8/18/2003;744,26
8/19/2003;746,7
8/20/2003;743,08
8/21/2003;750,38
8/22/2003;753,46
8/25/2003;745,49
8/26/2003;737,7
8/27/2003;744,52
8/28/2003;749,19
8/29/2003;745,82
9/1/2003;758,18
9/2/2003;757,53
9/3/2003;770,36
9/4/2003;768,72
9/5/2003;762,85
9/8/2003;768,82
9/9/2003;759,01
9/10/2003;747,46
9/11/2003;749,84
9/12/2003;742,93
9/15/2003;745,59
9/16/2003;754,09
9/17/2003;755,79
9/18/2003;761,29
9/19/2003;753,99
9/22/2003;735,14
9/23/2003;729,85
9/24/2003;725,32
9/25/2003;720,89
9/26/2003;716,11
9/29/2003;713,54
9/30/2003;701,42
10/1/2003;712,64
10/2/2003;711,78
10/3/2003;734,42
10/6/2003;729,88
10/7/2003;724,14
10/8/2003;725,34
10/9/2003;740,67
10/10/2003;737,09
10/13/2003;749,3
10/14/2003;746,4
10/15/2003;752,85
10/16/2003;749,01
10/17/2003;746,4
10/20/2003;746,81
10/21/2003;749,18
10/22/2003;735,52
10/23/2003;729,66
10/24/2003;727,7
10/27/2003;735,94
10/28/2003;744,68
10/29/2003;748,41
10/30/2003;753,17
10/31/2003;753,97
11/3/2003;769,24
11/4/2003;767,43
11/5/2003;762,4
11/6/2003;767,34
11/7/2003;775,79
11/10/2003;769,22
11/11/2003;764,85
11/12/2003;767,57
11/13/2003;770,37
11/14/2003;775,62
11/17/2003;755,93
11/18/2003;755,5
11/19/2003;752,78
11/20/2003;750,66
11/21/2003;753,35
11/24/2003;768,12
11/25/2003;767,35
11/26/2003;765,75
11/27/2003;770,26
11/28/2003;768,44
12/1/2003;781,19
12/2/2003;779,55
12/3/2003;786,14
12/4/2003;785,96
12/5/2003;779,28
12/8/2003;774,19
12/9/2003;779,15
12/10/2003;773,98
12/11/2003;780,3
12/12/2003;779,91
12/15/2003;783,3
12/16/2003;781,15
12/17/2003;779,56
12/18/2003;785,33
12/19/2003;787,69
12/22/2003;784,58
12/23/2003;787,67
12/24/2003;788,75
12/25/2003;788,75
12/26/2003;788,75
12/29/2003;793,79
12/30/2003;795,4
12/31/2003;797,99
1/1/2004;797,99
1/2/2004;808,93
1/5/2004;812,33
1/6/2004;811,78
1/7/2004;806,08
1/8/2004;817,14
1/9/2004;811,51
1/12/2004;809,66
1/13/2004;810,92
1/14/2004;819,13
1/15/2004;821,85
1/16/2004;829,59
1/19/2004;833,66
1/20/2004;827,84
1/21/2004;831,53
1/22/2004;835,29
1/23/2004;835,29
1/26/2004;831,01
1/27/2004;833,98
1/28/2004;837,1
1/29/2004;827,4
1/30/2004;821,47
2/2/2004;825,41
2/3/2004;821,63
2/4/2004;815,91
2/5/2004;815,17
2/6/2004;819,58
2/9/2004;829,62
2/10/2004;832,19
2/11/2004;834,92
2/12/2004;836,38
2/13/2004;827,51
2/16/2004;831,85
2/17/2004;837,29
2/18/2004;838,51
2/19/2004;847,76
2/20/2004;839,85
2/23/2004;840,54
2/24/2004;828,5
2/25/2004;830,41
2/26/2004;832,31
2/27/2004;835,11
3/1/2004;841,62
3/2/2004;849,45
3/3/2004;844,61
3/4/2004;851,16
3/5/2004;849,4
3/8/2004;853,4
3/9/2004;843,35
3/10/2004;842,71
3/11/2004;818,92
3/12/2004;818,92
3/15/2004;797,89
3/16/2004;801,46
3/17/2004;815,33
3/18/2004;799,9
3/19/2004;801,77
3/22/2004;785,15
3/23/2004;786,04
3/24/2004;783,73
3/25/2004;798,04
3/26/2004;800,45
3/29/2004;810,25
3/30/2004;808,33
3/31/2004;807,97
4/1/2004;817,16
4/2/2004;834,51
4/5/2004;840,53
4/6/2004;830,13
4/7/2004;827,62
4/8/2004;829,49
4/9/2004;829,49
4/12/2004;829,49
4/13/2004;838,26
4/14/2004;828,92
4/15/2004;827,39
4/16/2004;830,85
4/19/2004;829,34
4/20/2004;835,57
4/21/2004;828,55
4/22/2004;834,62
4/23/2004;839,8
4/26/2004;837,87
4/27/2004;837,27
4/28/2004;824,69
4/29/2004;815,92
4/30/2004;810,6
5/3/2004;816,27
5/4/2004;814,75
5/5/2004;821,18
5/6/2004;804,7
5/7/2004;802,38
5/10/2004;781,81
5/11/2004;792,61
5/12/2004;781,55
5/13/2004;790,47
5/14/2004;785,17
5/17/2004;774,81
5/18/2004;780,04
5/19/2004;795,12
5/20/2004;789,24
5/21/2004;786,9
5/24/2004;791,81
5/25/2004;786,36
5/26/2004;795,02
5/27/2004;801,02
5/28/2004;796,89
5/31/2004;800,11
6/1/2004;790,32
6/2/2004;794,82
6/3/2004;797,29
6/4/2004;805,83
6/7/2004;813,92
6/8/2004;814,3
6/9/2004;811,02
6/10/2004;814,07
6/11/2004;812,78
6/14/2004;802,28
6/15/2004;809,47
6/16/2004;814,54
6/17/2004;814,95
6/18/2004;818,39
6/21/2004;817,24
6/22/2004;808,65
6/23/2004;811,75
6/24/2004;818,99
6/25/2004;818,08
6/28/2004;825,11
6/29/2004;822,69
6/30/2004;818,92
7/1/2004;816,92
7/2/2004;810,7
7/5/2004;810,3
7/6/2004;804,09
7/7/2004;803,59
7/8/2004;805,9
7/9/2004;805,85
7/12/2004;801,48
7/13/2004;802,39
7/14/2004;799,95
7/15/2004;789,84
7/16/2004;790,01
7/19/2004;785,42
7/20/2004;788,57
7/21/2004;794,88
7/22/2004;780,89
7/23/2004;779,63
7/26/2004;771,53
7/27/2004;779,52
7/28/2004;779,24
7/29/2004;792,38
7/30/2004;793,18
8/2/2004;787,83
8/3/2004;792
8/4/2004;783,71
8/5/2004;785,87
8/6/2004;766,36
8/9/2004;760,1
8/10/2004;766,32
8/11/2004;760,17
8/12/2004;758,32
8/13/2004;755,91
8/16/2004;763,43
8/17/2004;766,55
8/18/2004;768,77
8/19/2004;769,53
8/20/2004;767,59
8/23/2004;778,18
8/24/2004;778,15
8/25/2004;779,78
8/26/2004;786,83
8/27/2004;791,22
8/30/2004;789,31
8/31/2004;782,25
9/1/2004;788,1
9/2/2004;792,56
9/3/2004;799,38
9/6/2004;802,19
9/7/2004;802,97
9/8/2004;802,08
9/9/2004;797,96
9/10/2004;802,45
9/13/2004;811,88
9/14/2004;809,74
9/15/2004;807,61
9/16/2004;808,98
9/17/2004;814,81
9/20/2004;811,8
9/21/2004;815,94
9/22/2004;807,86
9/23/2004;801,22
9/24/2004;802,75
9/27/2004;798,43
9/28/2004;800,97
9/29/2004;805,52
9/30/2004;799,83
10/1/2004;818,24
10/4/2004;826,41
10/5/2004;828,02
10/6/2004;828,17
10/7/2004;828,53
10/8/2004;823,79
10/11/2004;822,92
10/12/2004;814,86
10/13/2004;817,22
10/14/2004;812,23
10/15/2004;811,85
10/18/2004;810,23
10/19/2004;818,92
10/20/2004;810,52
10/21/2004;815,16
10/22/2004;816,38
10/25/2004;801,61
10/26/2004;803,02
10/27/2004;815,13
10/28/2004;823,2
10/29/2004;821,53
11/1/2004;827,76
11/2/2004;834,05
11/3/2004;835,6
11/4/2004;834,9
11/5/2004;839,65
11/8/2004;839,63
11/9/2004;838,24
11/10/2004;841,33
11/11/2004;849,92
11/12/2004;850,64
11/15/2004;848,63
11/16/2004;842,73
11/17/2004;854,49
11/18/2004;853,6
11/19/2004;847,46
11/22/2004;843,15
11/23/2004;842,36
11/24/2004;842,73
11/25/2004;850,04
11/26/2004;848,55
11/29/2004;847,19
11/30/2004;842,4
12/1/2004;852,28
12/2/2004;856,28
12/3/2004;852,46
12/6/2004;850,53
12/7/2004;854,26
12/8/2004;853,12
12/9/2004;846,36
12/10/2004;850,85
12/13/2004;857,7
12/14/2004;859,4
12/15/2004;856,8
12/16/2004;858,72
12/17/2004;849,42
12/20/2004;853,12
12/21/2004;855,07
12/22/2004;861,8
12/23/2004;864,5
12/24/2004;864,62
12/27/2004;863,1
12/28/2004;865,57
12/29/2004;864,92
12/30/2004;864,92
12/31/2004;864,93
1/3/2005;871,16
1/4/2005;872,54
1/5/2005;865,82
1/6/2005;871,3
1/7/2005;874,82
1/10/2005;874,53
1/11/2005;867,01
1/12/2005;860,81
1/13/2005;864,52
1/14/2005;867,68
1/17/2005;872,14
1/18/2005;871,66
1/19/2005;871,39
1/20/2005;865,72
1/21/2005;866,69
1/24/2005;864,88
1/25/2005;870,88
1/26/2005;870,73
1/27/2005;874,24
1/28/2005;870,53
1/31/2005;879,13
2/1/2005;885,86
2/2/2005;889,14
2/3/2005;886,6
2/4/2005;894,66
2/7/2005;899,28
2/8/2005;900,22
2/9/2005;897,36
2/10/2005;896,41
2/11/2005;906,38
2/14/2005;905,93
2/15/2005;910,07
2/16/2005;905,19
2/17/2005;905,5
2/18/2005;906,61
2/21/2005;903,36
2/22/2005;898,44
2/23/2005;893,67
2/24/2005;893,53
2/25/2005;904,16
2/28/2005;901,65
3/1/2005;907,58
3/2/2005;907,67
3/3/2005;906,51
3/4/2005;914,54
3/7/2005;916,37
3/8/2005;911,07
3/9/2005;906,83
3/10/2005;898,84
3/11/2005;900,52
3/14/2005;900,24
3/15/2005;906,25
3/16/2005;892,12
3/17/2005;893,79
3/18/2005;897,73
3/21/2005;893,66
3/22/2005;896,57
3/23/2005;893,67
3/24/2005;901,08
3/25/2005;901,08
3/28/2005;901,08
3/29/2005;902,45
3/30/2005;899,2
3/31/2005;899,17
4/1/2005;901,9
4/4/2005;896,74
4/5/2005;903,04
4/6/2005;907,07
4/7/2005;910,68
4/8/2005;910,65
4/11/2005;908,66
4/12/2005;904,25
4/13/2005;908,45
4/14/2005;906,12
4/15/2005;888,67
4/18/2005;869,6
4/19/2005;872,15
4/20/2005;868,93
4/21/2005;870,82
4/22/2005;877,43
4/25/2005;880,08
4/26/2005;878,33
4/27/2005;865,73
4/28/2005;861,87
4/29/2005;862,46
5/2/2005;868,23
5/3/2005;871,44
5/4/2005;876,45
5/5/2005;882,94
5/6/2005;886,33
5/9/2005;883,65
5/10/2005;877,66
5/11/2005;875,11
5/12/2005;880,99
5/13/2005;881,4
5/16/2005;879,87
5/17/2005;878,17
5/18/2005;892,57
5/19/2005;896,59
5/20/2005;897,05
5/23/2005;902
5/24/2005;899,66
5/25/2005;898,46
5/26/2005;905,6
5/27/2005;904,77
5/30/2005;908,79
5/31/2005;903,63
6/1/2005;916,86
6/2/2005;917,73
6/3/2005;913,85
6/6/2005;909,84
6/7/2005;919,18
6/8/2005;917,49
6/9/2005;917
6/10/2005;922,94
6/13/2005;927,3
6/14/2005;928,07
6/15/2005;923,99
6/16/2005;928,24
6/17/2005;932,81
6/20/2005;927,91
6/21/2005;932,83
6/22/2005;934,33
6/23/2005;936,46
6/24/2005;928,04
6/27/2005;919,87
6/28/2005;928,29
6/29/2005;933,57
6/30/2005;934,19
7/1/2005;941,75
7/4/2005;943,13
7/5/2005;940,73
7/6/2005;945,01
7/7/2005;929,77
7/8/2005;944,29
7/11/2005;950,86
7/12/2005;947,86
7/13/2005;954,36
7/14/2005;959,15
7/15/2005;959,13
7/18/2005;958,69
7/19/2005;969,54
7/20/2005;967,03
7/21/2005;966,97
7/22/2005;965,55
7/25/2005;966,45
7/26/2005;967,64
7/27/2005;970,64
7/28/2005;976,15
7/29/2005;974,3
8/1/2005;973,53
8/2/2005;981,04
8/3/2005;980,65
8/4/2005;972,2
8/5/2005;965,22
8/8/2005;968,68
8/9/2005;978,4
8/10/2005;988,84
8/11/2005;984,22
8/12/2005;978,75
8/15/2005;976,77
8/16/2005;971,93
8/17/2005;969,21
8/18/2005;965,19
8/19/2005;977
8/22/2005;978,11
8/23/2005;970,35
8/24/2005;968,9
8/25/2005;959,79
8/26/2005;950,98
8/29/2005;954,88
8/30/2005;953,18
8/31/2005;961,62
9/1/2005;966,51
9/2/2005;965,01
9/5/2005;972,59
9/6/2005;982,3
9/7/2005;984,85
9/8/2005;984,11
9/9/2005;987,66
9/12/2005;986,99
9/13/2005;979,07
9/14/2005;982,48
9/15/2005;982,66
9/16/2005;990,18
9/19/2005;987,14
9/20/2005;992,17
9/21/2005;979,58
9/22/2005;975,39
9/23/2005;981,18
9/26/2005;998,19
9/27/2005;993,9
9/28/2005;1005,49
9/29/2005;1001,42
9/30/2005;1006,33
10/3/2005;1012,73
10/4/2005;1017,42
10/5/2005;1005,98
10/6/2005;995,69
10/7/2005;992,78
10/10/2005;994,82
10/11/2005;996,41
10/12/2005;988,9
10/13/2005;979,91
10/14/2005;984,26
10/17/2005;985,05
10/18/2005;979,18
10/19/2005;962,25
10/20/2005;963,75
10/21/2005;959,93
10/24/2005;970,58
10/25/2005;966,44
10/26/2005;969,7
10/27/2005;952,97
10/28/2005;953,58
10/31/2005;974,43
11/1/2005;973,71
11/2/2005;976,67
11/3/2005;988,1
11/4/2005;986,43
11/7/2005;989,46
11/8/2005;989,07
11/9/2005;987,96
11/10/2005;988,57
11/11/2005;1000,53
11/14/2005;1001,65
11/15/2005;1001,11
11/16/2005;995,73
11/17/2005;1000,28
11/18/2005;1006,58
11/21/2005;1011,61
11/22/2005;1011,89
11/23/2005;1017,81
11/24/2005;1014,91
11/25/2005;1017,34
11/28/2005;1013,56
11/29/2005;1016,63
11/30/2005;1012,3
12/1/2005;1027,04
12/2/2005;1031,92
12/5/2005;1027,27
12/6/2005;1032,82
12/7/2005;1030,82
12/8/2005;1032,76
12/9/2005;1030,76
12/12/2005;1033,95
12/13/2005;1036,26
12/14/2005;1034,19
12/15/2005;1034,93
12/16/2005;1043,82
12/19/2005;1042,64
12/20/2005;1044,14
12/21/2005;1053,08
12/22/2005;1052,98
12/23/2005;1055,5
12/26/2005;1055,5
12/27/2005;1059,49
12/28/2005;1057,86
12/29/2005;1061
12/30/2005;1051,57
1/2/2006;1058,8
1/3/2006;1062,56
1/4/2006;1073,47
1/5/2006;1072,55
1/6/2006;1077,53
1/9/2006;1079,46
1/10/2006;1073,03
1/11/2006;1080,49
1/12/2006;1081,24
1/13/2006;1070,68
1/16/2006;1074,85
1/17/2006;1065,52
1/18/2006;1055,39
1/19/2006;1063,05
1/20/2006;1051,72
1/23/2006;1050,11
1/24/2006;1048,13
1/25/2006;1060,16
1/26/2006;1076,35
1/27/2006;1089,89
1/30/2006;1088,78
1/31/2006;1090,91
2/1/2006;1101,99
2/2/2006;1088,75
2/3/2006;1090,32
2/6/2006;1093,08
2/7/2006;1093,2
2/8/2006;1090,53
2/9/2006;1104,66
2/10/2006;1097,02
2/13/2006;1105,22
2/14/2006;1106,32
2/15/2006;1105,2
2/16/2006;1112,04
2/17/2006;1115,66
2/20/2006;1116,17
2/21/2006;1119,83
2/22/2006;1130,08
2/23/2006;1129,22
2/24/2006;1132,82
2/27/2006;1137
2/28/2006;1118,98
3/1/2006;1128,29
3/2/2006;1116,93
3/3/2006;1110,75
3/6/2006;1117,44
3/7/2006;1112,99
3/8/2006;1106,06
3/9/2006;1116,12
3/10/2006;1127,2
3/13/2006;1135,89
3/14/2006;1137,6
3/15/2006;1140,67
3/16/2006;1140,5
3/17/2006;1141,02
3/20/2006;1144,24
3/21/2006;1145,86
3/22/2006;1150,22
3/23/2006;1149,03
3/24/2006;1152,75
3/27/2006;1141,81
3/28/2006;1136,28
3/29/2006;1140,76
3/30/2006;1154,01
3/31/2006;1148,96
4/3/2006;1155,95
4/4/2006;1149,58
4/5/2006;1153,15
4/6/2006;1153,89
4/7/2006;1144,18
4/10/2006;1149,13
4/11/2006;1132,55
4/12/2006;1128,77
4/13/2006;1129,77
4/14/2006;1129,77
4/17/2006;1129,77
4/18/2006;1126,78
4/19/2006;1141,82
4/20/2006;1152,18
4/21/2006;1160,67
4/24/2006;1153,2
4/25/2006;1154,92
4/26/2006;1159,56
4/27/2006;1153,28
4/28/2006;1145,78
5/1/2006;1145,78
5/2/2006;1152,26
5/3/2006;1142,17
5/4/2006;1148,53
5/5/2006;1157,65
5/8/2006;1159,82
5/9/2006;1163,51
5/10/2006;1156,78
5/11/2006;1149,02
5/12/2006;1123,76
5/15/2006;1110,03
5/16/2006;1112,82
5/17/2006;1078,07
5/18/2006;1076,15
5/19/2006;1080,51
5/22/2006;1051,7
5/23/2006;1076,28
5/24/2006;1063,71
5/25/2006;1079,26
5/26/2006;1097,99
5/29/2006;1093,87
5/30/2006;1068,68
5/31/2006;1080,33
6/1/2006;1084,29
6/2/2006;1083,39
6/5/2006;1074,25
6/6/2006;1049,83
6/7/2006;1057,88
6/8/2006;1029,46
6/9/2006;1045,27
6/12/2006;1034,5
6/13/2006;1012,4
6/14/2006;1013,65
6/15/2006;1037,98
6/16/2006;1030,65
6/19/2006;1039,08
6/20/2006;1044,83
6/21/2006;1047,34
6/22/2006;1053
6/23/2006;1054,57
6/26/2006;1052,3
6/27/2006;1044,43
6/28/2006;1043,3
6/29/2006;1064,05
6/30/2006;1083,12
7/3/2006;1087,18
7/4/2006;1088,89
7/5/2006;1074,35
7/6/2006;1084,9
7/7/2006;1081,56
7/10/2006;1086,4
7/11/2006;1072,95
7/12/2006;1077,41
7/13/2006;1058,33
7/14/2006;1043,19
7/17/2006;1037,92
7/18/2006;1035,54
7/19/2006;1061,87
7/20/2006;1064,79
7/21/2006;1053,28
7/24/2006;1074,11
7/25/2006;1074,11
7/26/2006;1076,91
7/27/2006;1089,43
7/28/2006;1096,93
7/31/2006;1093,34
8/1/2006;1081,29
8/2/2006;1096,05
8/3/2006;1087,94
8/4/2006;1101,25
8/7/2006;1085,1
8/8/2006;1087,53
8/9/2006;1097,13
8/10/2006;1087,83
8/11/2006;1087,58
8/14/2006;1099,48
8/15/2006;1111,6
8/16/2006;1119,23
8/17/2006;1122,76
8/18/2006;1120,64
8/21/2006;1116,34
8/22/2006;1120,97
8/23/2006;1112,53
8/24/2006;1119,29
8/25/2006;1119,75
8/28/2006;1126,77
8/29/2006;1127,34
8/30/2006;1132,37
8/31/2006;1129,99
9/1/2006;1134,2
9/4/2006;1139,4
9/5/2006;1134,01
9/6/2006;1121,63
9/7/2006;1112,4
9/8/2006;1116,07
9/11/2006;1113,48
9/12/2006;1127
9/13/2006;1131,49
9/14/2006;1130,1
9/15/2006;1134,92
9/18/2006;1134,41
9/19/2006;1126,6
9/20/2006;1142,14
9/21/2006;1145,8
9/22/2006;1133,1
9/25/2006;1134,36
9/26/2006;1148,78
9/27/2006;1157,64
9/28/2006;1158,23
9/29/2006;1159,36
10/2/2006;1157,2
10/3/2006;1153,58
10/4/2006;1162,18
10/5/2006;1169,48
10/6/2006;1169,44
10/9/2006;1170,51
10/10/2006;1177,53
10/11/2006;1179,49
10/12/2006;1188,86
10/13/2006;1188,9
10/16/2006;1190,33
10/17/2006;1175,63
10/18/2006;1187,49
10/19/2006;1186,82
10/20/2006;1190,15
10/23/2006;1195,91
10/24/2006;1194,96
10/25/2006;1197,94
10/26/2006;1199,15
10/27/2006;1196,11
10/30/2006;1192,24
10/31/2006;1192,58
11/1/2006;1196,29
11/2/2006;1186,12
11/3/2006;1191,69
11/6/2006;1206,3
11/7/2006;1212,96
11/8/2006;1213,09
11/9/2006;1213,28
11/10/2006;1211,96
11/13/2006;1217,94
11/14/2006;1217,05
11/15/2006;1225,21
11/16/2006;1225,8
11/17/2006;1217,3
11/20/2006;1220,62
11/21/2006;1222,42
11/22/2006;1224,1
11/23/2006;1221,27
11/24/2006;1211,47
11/27/2006;1191,22
11/28/2006;1188,13
11/29/2006;1203,78
11/30/2006;1193,13
12/1/2006;1179,05
12/4/2006;1187,67
12/5/2006;1199,83
12/6/2006;1199,49
12/7/2006;1206,1
12/8/2006;1206,46
12/11/2006;1215,16
12/12/2006;1216,81
12/13/2006;1226,45
12/14/2006;1232,59
12/15/2006;1239,28
12/18/2006;1238,18
12/19/2006;1229,78
12/20/2006;1235,58
12/21/2006;1234,02
12/22/2006;1223,13
12/25/2006;1223,13
12/26/2006;1223,13
12/27/2006;1239,34
12/28/2006;1239,04
12/29/2006;1238,31
1/1/2007;1238,31
1/2/2007;1255,1
1/3/2007;1255,97
1/4/2007;1252,3
1/5/2007;1240,25
1/8/2007;1240,27
1/9/2007;1242,68
1/10/2007;1232,57
1/11/2007;1253,79
1/12/2007;1257,41
1/15/2007;1262,04
1/16/2007;1256,99
1/17/2007;1252,29
1/18/2007;1250,96
1/19/2007;1261,57
1/22/2007;1253,73
1/23/2007;1252,57
1/24/2007;1265,81
1/25/2007;1262,22
1/26/2007;1254,96
1/29/2007;1260,7
1/30/2007;1267,28
1/31/2007;1262,69
2/1/2007;1272,77
2/2/2007;1277,87
2/5/2007;1277,92
2/6/2007;1279,16
2/7/2007;1285,09
2/8/2007;1277,86
2/9/2007;1283,89
2/12/2007;1273,68
2/13/2007;1280,73
2/14/2007;1290,7
2/15/2007;1290,35
2/16/2007;1288,63
2/19/2007;1294,6
2/20/2007;1290,76
2/21/2007;1285,15
2/22/2007;1287,98
2/23/2007;1289,36
2/26/2007;1296,33
2/27/2007;1258,82
2/28/2007;1240,58
3/1/2007;1224,78
3/2/2007;1220,15
3/5/2007;1208,71
3/6/2007;1217,6
3/7/2007;1223,52
3/8/2007;1241,47
3/9/2007;1244,04
3/12/2007;1238,87
3/13/2007;1224,49
3/14/2007;1192,72
3/15/2007;1216,88
3/16/2007;1217,03
3/19/2007;1237,11
3/20/2007;1244,33
3/21/2007;1245,68
3/22/2007;1269,02
3/23/2007;1276,64
3/26/2007;1264,37
3/27/2007;1265,98
3/28/2007;1258,11
3/29/2007;1273,97
3/30/2007;1274,38
4/2/2007;1278,13
4/3/2007;1293,82
4/4/2007;1298,4
4/5/2007;1300,4
4/6/2007;1300,4
4/9/2007;1300,4
4/10/2007;1309,37
4/11/2007;1307,02
4/12/2007;1302,93
4/13/2007;1312,4
4/16/2007;1329,73
4/17/2007;1329,7
4/18/2007;1322,21
4/19/2007;1317,56
4/20/2007;1338,28
4/23/2007;1333,98
4/24/2007;1323,18
4/25/2007;1334,42
4/26/2007;1337,82
4/27/2007;1329,99
4/30/2007;1331,58
5/1/2007;1331,67
5/2/2007;1338,12
5/3/2007;1340,84
5/4/2007;1348,86
5/7/2007;1349,67
5/8/2007;1338,57
5/9/2007;1342
5/10/2007;1332,73
5/11/2007;1340,49
5/14/2007;1338,38
5/15/2007;1346,14
5/16/2007;1342,94
5/17/2007;1345,65
5/18/2007;1360,67
5/21/2007;1357,91
5/22/2007;1360,09
5/23/2007;1369,03
5/24/2007;1356,82
5/25/2007;1358,28
5/28/2007;1361,6
5/29/2007;1362,52
5/30/2007;1359,87
5/31/2007;1373,83
6/1/2007;1386,09
6/4/2007;1381,16
6/5/2007;1373,08
6/6/2007;1348,21
6/7/2007;1332,08
6/8/2007;1330,17
6/11/2007;1343,03
6/12/2007;1333,82
6/13/2007;1338,86
6/14/2007;1363,38
6/15/2007;1382,61
6/18/2007;1377,27
6/19/2007;1374,64
6/20/2007;1380,29
6/21/2007;1364,11
6/22/2007;1360,11
6/25/2007;1357,52
6/26/2007;1346,51
6/27/2007;1339,23
6/28/2007;1354
6/29/2007;1363,2
7/2/2007;1358,7
7/3/2007;1370,55
7/4/2007;1375,81
7/5/2007;1366,28
7/6/2007;1375,81
7/9/2007;1378,75
7/10/2007;1363,21
7/11/2007;1356
7/12/2007;1376,24
7/13/2007;1382,43
7/16/2007;1385,88
7/17/2007;1379,11
7/18/2007;1361,66
7/19/2007;1375,95
7/20/2007;1354,95
7/23/2007;1364,78
7/24/2007;1344,21
7/25/2007;1330,81
7/26/2007;1296,72
7/27/2007;1291,69
7/30/2007;1290,61
7/31/2007;1314,14
8/1/2007;1292,58
8/2/2007;1304,87
8/3/2007;1288,67
8/6/2007;1279,09
8/7/2007;1296,04
8/8/2007;1321,68
8/9/2007;1296,54
8/10/2007;1262,42
8/13/2007;1288,9
8/14/2007;1274,68
8/15/2007;1270,83
8/16/2007;1230,97
8/17/2007;1254,5
8/20/2007;1261,72
8/21/2007;1264,24
8/22/2007;1282,72
8/23/2007;1283,83
8/24/2007;1289,22
8/27/2007;1290,51
8/28/2007;1270,35
8/29/2007;1278,3
8/30/2007;1293,05
8/31/2007;1308,38
9/3/2007;1310,56
9/4/2007;1318,13
9/5/2007;1292,44
9/6/2007;1297,37
9/7/2007;1268
9/10/2007;1258,41
9/11/2007;1276,96
9/12/2007;1280,02
9/13/2007;1292,09
9/14/2007;1283,16
9/17/2007;1270,07
9/18/2007;1292,71
9/19/2007;1329,09
9/20/2007;1322,16
9/21/2007;1326,65
9/24/2007;1324,17
9/25/2007;1313,92
9/26/2007;1325,3
9/27/2007;1333,51
9/28/2007;1331,99
10/1/2007;1341,71
10/2/2007;1347,05
10/3/2007;1347,67
10/4/2007;1346,66
10/5/2007;1358,14
10/8/2007;1354,09
10/9/2007;1359,24
10/10/2007;1358,99
10/11/2007;1368,67
10/12/2007;1369,23
10/15/2007;1355,78
10/16/2007;1350,47
10/17/2007;1358,33
10/18/2007;1351,55
10/19/2007;1348,21
10/22/2007;1330,93
10/23/2007;1340,24
10/24/2007;1332,71
10/25/2007;1349,72
10/26/2007;1358,27
10/29/2007;1367,21
10/30/2007;1362,85
10/31/2007;1372,63
11/1/2007;1351
11/2/2007;1347,99
11/5/2007;1340,94
11/6/2007;1345,63
11/7/2007;1340,7
11/8/2007;1329,96
11/9/2007;1311,13
11/12/2007;1312,91
11/13/2007;1314,12
11/14/2007;1321,65
11/15/2007;1309,03
11/16/2007;1301,78
11/19/2007;1280,78
11/20/2007;1294,22
11/21/2007;1266,03
11/22/2007;1269,8
11/23/2007;1288,04
11/26/2007;1280,77
11/27/2007;1276,49
11/28/2007;1306,48
11/29/2007;1313,44
11/30/2007;1328,99
12/3/2007;1322,06
12/4/2007;1309,26
12/5/2007;1330,03
12/6/2007;1331,96
12/7/2007;1340,96
12/10/2007;1347,84
12/11/2007;1343,76
12/12/2007;1347,61
12/13/2007;1318,14
12/14/2007;1322,71
12/17/2007;1300,97
12/18/2007;1300,83
12/19/2007;1297,13
12/20/2007;1300,89
12/21/2007;1320,91
12/24/2007;1322,73
12/25/2007;1322,73
12/26/2007;1322,73
12/27/2007;1325,45
12/28/2007;1326,62
12/31/2007;1325,54
1/1/2008;1325,54
1/2/2008;1309,24
1/3/2008;1305,12
1/4/2008;1285,09
1/7/2008;1286,78
1/8/2008;1291,59
1/9/2008;1277,97
1/10/2008;1269,38
1/11/2008;1265,92
1/14/2008;1270,57
1/15/2008;1238,6
1/16/2008;1226,89
1/17/2008;1216,48
1/18/2008;1199,79
1/21/2008;1119,67
1/22/2008;1134,13
1/23/2008;1086,59
1/24/2008;1155,01
1/25/2008;1150,28
1/28/2008;1144,99
1/29/2008;1161,04
1/30/2008;1153,33
1/31/2008;1151,35
2/1/2008;1173,57
2/4/2008;1175,43
2/5/2008;1130,62
2/6/2008;1141,9
2/7/2008;1123,31
2/8/2008;1123,69
2/11/2008;1116,56
2/12/2008;1153,73
2/13/2008;1155,73
2/14/2008;1155,13
2/15/2008;1132,8
2/18/2008;1154,15
2/19/2008;1158,27
2/20/2008;1143,97
2/21/2008;1150,17
2/22/2008;1138,25
2/25/2008;1156,15
2/26/2008;1172,79
2/27/2008;1172,57
2/28/2008;1151,66
2/29/2008;1134,06
3/3/2008;1119,65
3/4/2008;1100,34
3/5/2008;1123,16
3/6/2008;1104,55
3/7/2008;1091,95
3/10/2008;1080,75
3/11/2008;1096,8
3/12/2008;1108,83
3/13/2008;1093,43
3/14/2008;1084,15
3/17/2008;1043,81
3/18/2008;1079,31
3/19/2008;1070,62
3/20/2008;1065,3
3/21/2008;1065,3
3/24/2008;1065,3
3/25/2008;1101,84
3/26/2008;1097,7
3/27/2008;1109,01
3/28/2008;1105,72
3/31/2008;1102,41
4/1/2008;1138,31
4/2/2008;1150,76
4/3/2008;1143,75
4/4/2008;1149,5
4/7/2008;1159,2
4/8/2008;1152,19
4/9/2008;1143,31
4/10/2008;1137,85
4/11/2008;1121,86
4/14/2008;1113,29
4/15/2008;1118,44
4/16/2008;1136,55
4/17/2008;1129,75
4/18/2008;1154,43
4/21/2008;1143,2
4/22/2008;1133,78
4/23/2008;1142,84
4/24/2008;1142,27
4/25/2008;1152,93
4/28/2008;1159,47
4/29/2008;1152,34
4/30/2008;1161,18
5/1/2008;1161,18
5/2/2008;1177,88
5/5/2008;1176,74
5/6/2008;1168,9
5/7/2008;1177,53
5/8/2008;1173,37
5/9/2008;1158,71
5/12/2008;1162,63
5/13/2008;1163,63
5/14/2008;1174,74
5/15/2008;1174,59
5/16/2008;1178,77
5/19/2008;1186,94
5/20/2008;1167,13
5/21/2008;1157,61
5/22/2008;1157,64
5/23/2008;1137,74
5/26/2008;1137,01
5/27/2008;1133,09
5/28/2008;1144,18
5/29/2008;1146,06
5/30/2008;1154,21
6/2/2008;1136,77
6/3/2008;1141,81
6/4/2008;1129,48
6/5/2008;1126,64
6/6/2008;1100,58
6/9/2008;1098,51
6/10/2008;1090,55
6/11/2008;1070,61
6/12/2008;1079,98
6/13/2008;1084,85
6/16/2008;1077,18
6/17/2008;1083,96
6/18/2008;1068,58
6/19/2008;1061,38
6/20/2008;1042,62
6/23/2008;1040,96
6/24/2008;1032,48
6/25/2008;1049,4
6/26/2008;1021,08
6/27/2008;1014,42
6/30/2008;1018,1
7/1/2008;998,26
7/2/2008;995,22
7/3/2008;1005,77
7/4/2008;988,88
7/7/2008;1004,9
7/8/2008;989,5
7/9/2008;1005,84
7/10/2008;987,13
7/11/2008;960,07
7/14/2008;967,39
7/15/2008;945,13
7/16/2008;955,81
7/17/2008;981,8
7/18/2008;999,57
7/21/2008;1004,17
7/22/2008;1001,29
7/23/2008;1020,57
7/24/2008;1008,44
7/25/2008;1007,86
7/28/2008;995,6
7/29/2008;998,46
7/30/2008;1010,79
7/31/2008;1010,65
8/1/2008;995,16
8/4/2008;988,23
8/5/2008;1015,17
8/6/2008;1024,9
8/7/2008;1021,26
8/8/2008;1026,88
8/11/2008;1039,48
8/12/2008;1036,41
8/13/2008;1011,11
8/14/2008;1012,53
8/15/2008;1016,77
8/18/2008;1016,21
8/19/2008;990,34
8/20/2008;994,48
8/21/2008;980,59
8/22/2008;1000,5
8/25/2008;990,86
8/26/2008;995,21
8/27/2008;995,66
8/28/2008;1012,55
8/29/2008;1015,77
9/1/2008;1014,76
9/2/2008;1030,03
9/3/2008;1016,91
9/4/2008;987,88
9/5/2008;962,13
9/8/2008;991,73
9/9/2008;984,08
9/10/2008;977,52
9/11/2008;970,74
9/12/2008;986,89
9/15/2008;951,07
9/16/2008;933,31
9/17/2008;911,42
9/18/2008;904,37
9/19/2008;979
9/22/2008;958,58
9/23/2008;944,11
9/24/2008;938,24
9/25/2008;961,22
9/26/2008;944,84
9/29/2008;897,87
9/30/2008;906,55
10/1/2008;912,73
10/2/2008;896,12
10/3/2008;922,47
10/6/2008;850,58
10/7/2008;848,09
10/8/2008;796,51
10/9/2008;778,99
10/10/2008;720,27
10/13/2008;796,68
10/14/2008;818,96
10/15/2008;767,46
10/16/2008;723,92
10/17/2008;749,88
10/20/2008;771,72
10/21/2008;768,89
10/22/2008;727,32
10/23/2008;723,12
10/24/2008;689,7
10/27/2008;674,18
10/28/2008;696,76
10/29/2008;740,29
10/30/2008;748,61
10/31/2008;767,87
11/3/2008;773,28
11/4/2008;812,94
11/5/2008;798,86
11/6/2008;749,71
11/7/2008;766,23
11/10/2008;772,97
11/11/2008;735,03
11/12/2008;712,15
11/13/2008;717,7
11/14/2008;724,38
11/17/2008;699,04
11/18/2008;704,52
11/19/2008;676,78
11/20/2008;655,47
11/21/2008;639,34
11/24/2008;697,57
11/25/2008;700,09
11/26/2008;696,5
11/27/2008;712,34
11/28/2008;713,45
12/1/2008;674,05
12/2/2008;691,45
12/3/2008;695,35
12/4/2008;695,03
12/5/2008;662,27
12/8/2008;714,12
12/9/2008;723,9
12/10/2008;728,69
12/11/2008;725,39
12/12/2008;707,74
12/15/2008;705,08
12/16/2008;716
12/17/2008;715,51
12/18/2008;717,99
12/19/2008;714,47
12/22/2008;701,6
12/23/2008;699,09
12/24/2008;697,48
12/25/2008;697,48
12/26/2008;697,48
12/29/2008;701,36
12/30/2008;717,9
12/31/2008;717,31
1/1/2009;717,31
1/2/2009;743,15
1/5/2009;749,28
1/6/2009;757,56
1/7/2009;746,8
1/8/2009;740,4
1/9/2009;732,34
1/12/2009;721,29
1/13/2009;708,82
1/14/2009;677,24
1/15/2009;666,24
1/16/2009;672,5
1/19/2009;663,9
1/20/2009;649,96
1/21/2009;646,49
1/22/2009;638,27
1/23/2009;635,34
1/26/2009;657,25
1/27/2009;656,68
1/28/2009;683,08
1/29/2009;668,58
1/30/2009;661,35
2/2/2009;649,13
2/3/2009;661,38
2/4/2009;677,01
2/5/2009;675,36
2/6/2009;690,76
2/9/2009;693,96
2/10/2009;671,47
2/11/2009;672,11
2/12/2009;657,32
2/13/2009;661,64
2/16/2009;651,46
2/17/2009;629,39
2/18/2009;628,55
2/19/2009;628,63
2/20/2009;600,78
2/23/2009;593,99
2/24/2009;589,17
2/25/2009;585,05
2/26/2009;599,41
2/27/2009;588,4
3/2/2009;562,37
3/3/2009;555,66
3/4/2009;578,22
3/5/2009;552,37
3/6/2009;542,59
3/9/2009;539,93
3/10/2009;570,24
3/11/2009;574,59
3/12/2009;582,76
3/13/2009;584,12
3/16/2009;601,17
3/17/2009;595,41
3/18/2009;596,87
3/19/2009;601,8
3/20/2009;604,65
3/23/2009;624,19
3/24/2009;625,23
3/25/2009;632,81
3/26/2009;635,37
3/27/2009;625,43
3/30/2009;595,79
3/31/2009;613,85
4/1/2009;622,17
4/2/2009;656,08
4/3/2009;651,82
4/6/2009;647,16
4/7/2009;642,97
4/8/2009;648,81
4/9/2009;665,19
4/10/2009;665,19
4/13/2009;665,19
4/14/2009;673,6
4/15/2009;669,74
4/16/2009;682,03
4/17/2009;694,06
4/20/2009;668,01
4/21/2009;667,05
4/22/2009;678,65
4/23/2009;671,9
4/24/2009;688,39
4/27/2009;687,94
4/28/2009;677,13
4/29/2009;692,85
4/30/2009;703,2
5/1/2009;703,2
5/4/2009;718,24
5/5/2009;715,68
5/6/2009;724,46
5/7/2009;716,52
5/8/2009;732,14
5/11/2009;721,67
5/12/2009;718,64
5/13/2009;699,02
5/14/2009;698,42
5/15/2009;701,57
5/18/2009;717,62
5/19/2009;728,25
5/20/2009;735,91
5/21/2009;718,09
5/22/2009;719,83
5/25/2009;721,04
5/26/2009;728,61
5/27/2009;732,53
5/28/2009;724,65
5/29/2009;724
6/1/2009;747,27
6/2/2009;747,96
6/3/2009;733,69
6/4/2009;734,36
6/5/2009;738,9
6/8/2009;729,22
6/9/2009;732,27
6/10/2009;739,17
6/11/2009;744,94
6/12/2009;741,64
6/15/2009;720,11
6/16/2009;717,84
6/17/2009;704,99
6/18/2009;712,15
6/19/2009;718,45
6/22/2009;696,58
6/23/2009;696,47
6/24/2009;714,16
6/25/2009;710,94
6/26/2009;707,68
6/29/2009;721,36
6/30/2009;712,44
7/1/2009;726,26
7/2/2009;704,57
7/3/2009;705,54
7/6/2009;696,09
7/7/2009;689,99
7/8/2009;681,78
7/9/2009;687,37
7/10/2009;678,38
7/13/2009;695,75
7/14/2009;703,65
7/15/2009;725,46
7/16/2009;728,26
7/17/2009;731,5
7/20/2009;740,09
7/21/2009;746,1
7/22/2009;748,69
7/23/2009;764,29
7/24/2009;763,45
7/27/2009;767,78
7/28/2009;760,41
7/29/2009;768,79
7/30/2009;784,13
7/31/2009;780,87
8/3/2009;791,05
8/4/2009;790,2
8/5/2009;782,59
8/6/2009;787,36
8/7/2009;798,39
8/10/2009;795,13
8/11/2009;783,22
8/12/2009;793,43
8/13/2009;799,47
8/14/2009;790,02
8/17/2009;772,12
8/18/2009;779,64
8/19/2009;778,57
8/20/2009;790,06
8/21/2009;812,34
8/24/2009;821,72
8/25/2009;828,22
8/26/2009;825,89
8/27/2009;822,28
8/28/2009;829,68
8/31/2009;821,57
9/1/2009;805,06
9/2/2009;800,46
9/3/2009;799,35
9/4/2009;811,35
9/7/2009;823,59
9/8/2009;825,18
9/9/2009;835,25
9/10/2009;835,15
9/11/2009;840,32
9/14/2009;839,83
9/15/2009;843,95
9/16/2009;855,94
9/17/2009;860,17
9/18/2009;858,32
9/21/2009;853,07
9/22/2009;856,11
9/23/2009;857,44
9/24/2009;844,04
9/25/2009;841,7
9/28/2009;860,35
9/29/2009;858,74
9/30/2009;854,15
10/1/2009;837,48
10/2/2009;822,45
10/5/2009;830,69
10/6/2009;852,47
10/7/2009;849,4
10/8/2009;860,43
10/9/2009;859,52
10/12/2009;868,62
10/13/2009;859,25
10/14/2009;878,3
10/15/2009;875,58
10/16/2009;863,49
10/19/2009;878,26
10/20/2009;872,19
10/21/2009;874,64
10/22/2009;864,92
10/23/2009;860,26
10/26/2009;845,97
10/27/2009;844,76
10/28/2009;826,62
10/29/2009;840,77
10/30/2009;818,44
11/2/2009;823,58
11/3/2009;810,24
11/4/2009;825,84
11/5/2009;834,62
11/6/2009;834,55
11/9/2009;852,99
11/10/2009;850,78
11/11/2009;857,28
11/12/2009;856,26
11/13/2009;857,9
11/16/2009;870,08
11/17/2009;864,42
11/18/2009;865,61
11/19/2009;851,47
11/20/2009;843,23
11/23/2009;861,67
11/24/2009;855,87
11/25/2009;860,48
11/26/2009;832,12
11/27/2009;841,41
11/30/2009;831,28
12/1/2009;853,1
12/2/2009;855,54
12/3/2009;855,63
12/4/2009;865,43
12/7/2009;861,44
12/8/2009;847,5
12/9/2009;838,13
12/10/2009;847,13
12/11/2009;850,36
12/14/2009;857,25
12/15/2009;858,28
12/16/2009;868,58
12/17/2009;858,93
12/18/2009;852,99
12/21/2009;867,4
12/22/2009;873,04
12/23/2009;876,13
12/24/2009;876,27
12/25/2009;876,27
12/28/2009;882,49
12/29/2009;885,27
12/30/2009;878,8
12/31/2009;878,7
1/1/2010;878,7
1/4/2010;893,93
1/5/2010;893,41
1/6/2010;894
1/7/2010;892,85
1/8/2010;895,98
1/11/2010;894,61
1/12/2010;884,3
1/13/2010;885,68
1/14/2010;889,31
1/15/2010;875,92
1/18/2010;880,98
1/19/2010;888,31
1/20/2010;868,76
1/21/2010;854,37
1/22/2010;846,99
1/25/2010;838,6
1/26/2010;843,8
1/27/2010;832,55
1/28/2010;819,66
1/29/2010;831,08
2/1/2010;835,91
2/2/2010;846,06
2/3/2010;838,65
2/4/2010;811,04
2/5/2010;789,95
2/8/2010;797,75
2/9/2010;799,66
2/10/2010;808
2/11/2010;802,59
2/12/2010;799,91
2/15/2010;802,27
2/16/2010;812,57
2/17/2010;824,1
2/18/2010;828,48
2/19/2010;833,38
2/22/2010;829,17
2/23/2010;815,75
2/24/2010;816,73
2/25/2010;801,68
2/26/2010;814,28
3/1/2010;827,6
3/2/2010;835,29
3/3/2010;843,3
3/4/2010;842,23
3/5/2010;858,69
3/8/2010;859,4
3/9/2010;859,58
3/10/2010;867,83
3/11/2010;864,7
3/12/2010;865,79
3/15/2010;858,19
3/16/2010;867,9
3/17/2010;874,88
3/18/2010;870,35
3/19/2010;866,29
3/22/2010;864,49
3/23/2010;870,6
3/24/2010;868,87
3/25/2010;880,79
3/26/2010;878,79
3/29/2010;880,8
3/30/2010;877,9
3/31/2010;875,78
4/1/2010;889,42
4/2/2010;889,42
4/5/2010;889,42
4/6/2010;893,45
4/7/2010;889,32
4/8/2010;879,71
4/9/2010;894,61
4/12/2010;896,99
4/13/2010;893,48
4/14/2010;898,96
4/15/2010;900,02
4/16/2010;883,04
4/19/2010;879,69
4/20/2010;892,54
4/21/2010;883,46
4/22/2010;869,32
4/23/2010;876,32
4/26/2010;884,04
4/27/2010;853,38
4/28/2010;838,41
4/29/2010;851,03
4/30/2010;848,39
5/3/2010;849,26
5/4/2010;817,69
5/5/2010;807,43
5/6/2010;789,38
5/7/2010;757,45
5/10/2010;828,83
5/11/2010;821,83
5/12/2010;833,25
5/13/2010;833,83
5/14/2010;796,92
5/17/2010;796,44
5/18/2010;813,98
5/19/2010;791,01
5/20/2010;775,52
5/21/2010;776,38
5/24/2010;772,45
5/25/2010;751,13
5/26/2010;764,79
5/27/2010;790,34
5/28/2010;789,48
5/31/2010;789,01
6/1/2010;788,02
6/2/2010;787,41
6/3/2010;797,29
6/4/2010;774,8
6/7/2010;767,78
6/8/2010;761,48
6/9/2010;776,16
6/10/2010;791,9
6/11/2010;799,44
6/14/2010;811,73
6/15/2010;820,52
6/16/2010;820,76
6/17/2010;824,1
6/18/2010;827,47
6/21/2010;836,67
6/22/2010;830,93
6/23/2010;819,13
6/24/2010;802,09
6/25/2010;796,53
6/28/2010;807,86
6/29/2010;775,69
6/30/2010;779,28
7/1/2010;762,67
7/2/2010;763,89
7/5/2010;760,24
7/6/2010;780,75
7/7/2010;795,53
7/8/2010;804,36
7/9/2010;808,38
7/12/2010;810,03
7/13/2010;825,94
7/14/2010;826,25
7/15/2010;816,36
7/16/2010;800,17
7/19/2010;796,54
7/20/2010;794,21
7/21/2010;798,89
7/22/2010;820,78
7/23/2010;822,85
7/26/2010;829,54
7/27/2010;835,55
7/28/2010;834,06
7/29/2010;830,63
7/30/2010;827,34
8/2/2010;849,95
8/3/2010;850,18
8/4/2010;851,96
8/5/2010;850,27
8/6/2010;838,15
8/9/2010;851,07
8/10/2010;843,21
8/11/2010;821,52
8/12/2010;820,52
8/13/2010;817,68
8/16/2010;815,62
8/17/2010;827,69
8/18/2010;825,25
8/19/2010;810,22
8/20/2010;800,6
8/23/2010;805,36
8/24/2010;792,38
8/25/2010;784,74
8/26/2010;790,75
8/27/2010;797,6
8/30/2010;793,71
8/31/2010;795,54
9/1/2010;821,64
9/2/2010;822,26
9/3/2010;830,37
9/6/2010;832,88
9/7/2010;825,25
9/8/2010;832,68
9/9/2010;841,54
9/10/2010;841,48
9/13/2010;848,74
9/14/2010;849,41
9/15/2010;845,91
9/16/2010;842,55
9/17/2010;836,76
9/20/2010;849,41
9/21/2010;847,92
9/22/2010;836,09
9/23/2010;831,81
9/24/2010;847,25
9/27/2010;842,91
9/28/2010;842,12
9/29/2010;836,58
9/30/2010;835,21
10/1/2010;830,86
10/4/2010;822,02
10/5/2010;837,75
10/6/2010;844,27
10/7/2010;846,41
10/8/2010;846,04
10/11/2010;847,85
10/12/2010;844,39
10/13/2010;862,12
10/14/2010;860,85
10/15/2010;862,28
10/18/2010;864,81
10/19/2010;861,05
10/20/2010;864,74
10/21/2010;874,45
10/22/2010;873,09
10/25/2010;874,6
10/26/2010;869,63
10/27/2010;861,73
10/28/2010;866,37
10/29/2010;865,93
11/1/2010;863,34
11/2/2010;869,69
11/3/2010;862,06
11/4/2010;876,46
11/5/2010;873,93
11/8/2010;871,86
11/9/2010;879,54
11/10/2010;867,93
11/11/2010;863,62
11/12/2010;861,76
11/15/2010;869,48
11/16/2010;850,74
11/17/2010;856,65
11/18/2010;871,85
11/19/2010;870,06
11/22/2010;860,74
11/23/2010;840,22
11/24/2010;847,02
11/25/2010;850,06
11/26/2010;842,67
11/29/2010;822,71
11/30/2010;817,72
12/1/2010;838,98
12/2/2010;856,02
12/3/2010;856,66
12/6/2010;853,8
12/7/2010;863
12/8/2010;866,31
12/9/2010;870,47
12/10/2010;871,08
12/13/2010;875,62
12/14/2010;876,88
12/15/2010;871,2
12/16/2010;872,39
12/17/2010;865,64
12/20/2010;871,15
12/21/2010;882,16
12/22/2010;880,81
12/23/2010;879,33
12/24/2010;878,45
12/27/2010;868,02
12/28/2010;867,79
12/29/2010;872,61
12/30/2010;862,95
12/31/2010;858,94
1/3/2011;872,77
1/4/2011;873,89
1/5/2011;870,07
1/6/2011;870,87
1/7/2011;864,38
1/10/2011;851,21
1/11/2011;862,86
1/12/2011;884,81
1/13/2011;892,28
1/14/2011;893,45
1/17/2011;890,64
1/18/2011;901,01
1/19/2011;894,63
1/20/2011;893,1
1/21/2011;904,07
1/24/2011;906,03
1/25/2011;900,51
1/26/2011;904,73
1/27/2011;909,74
1/28/2011;900,35
1/31/2011;900,33
2/1/2011;915,57
2/2/2011;916,23
2/3/2011;911,76
2/4/2011;913,73
2/7/2011;922,04
2/8/2011;925,97
2/9/2011;923,94
2/10/2011;922,27
2/11/2011;922,28
2/14/2011;921,37
2/15/2011;924,26
2/16/2011;932,35
2/17/2011;932,63
2/18/2011;933,55
2/21/2011;917,95
2/22/2011;910,72
2/23/2011;901
2/24/2011;897,63
2/25/2011;908,89
2/28/2011;916,87
3/1/2011;909,38
3/2/2011;901,92
3/3/2011;904,51
3/4/2011;898,74
3/7/2011;894,49
3/8/2011;898,86
3/9/2011;897,06
3/10/2011;888,94
3/11/2011;881
3/14/2011;871,36
3/15/2011;850,59
3/16/2011;832,78
3/17/2011;850,95
3/18/2011;853,43
3/21/2011;872,59
3/22/2011;870,14
3/23/2011;874,65
3/24/2011;887,64
3/25/2011;887,84
3/28/2011;888,82
3/29/2011;888,39
3/30/2011;896,75
3/31/2011;889,62
4/1/2011;904,16
4/4/2011;903,41
4/5/2011;902,2
4/6/2011;907,81
4/7/2011;904,72
4/8/2011;909,86
4/11/2011;906,98
4/12/2011;894,5
4/13/2011;900,85
4/14/2011;891,98
4/15/2011;892,66
4/18/2011;872,13
4/19/2011;875,78
4/20/2011;894,69
4/21/2011;898,1
4/22/2011;898,1
4/25/2011;898,1
4/26/2011;903,46
4/27/2011;910,15
4/28/2011;917,97
4/29/2011;920,18
5/2/2011;920,34
5/3/2011;917,16
5/4/2011;902,93
5/5/2011;896,6
5/6/2011;905,49
5/9/2011;892,45
5/10/2011;902,75
5/11/2011;904,48
5/12/2011;897,29
5/13/2011;892,25
5/16/2011;888,47
5/17/2011;878,03
5/18/2011;883,14
5/19/2011;890,31
5/20/2011;880,05
5/23/2011;861,94
5/24/2011;864,59
5/25/2011;869,02
5/26/2011;864,22
5/27/2011;870,16
5/30/2011;868,91
5/31/2011;882,6
6/1/2011;872,94
6/2/2011;859,59
6/3/2011;861,24
6/6/2011;855,55
6/7/2011;857,42
6/8/2011;850
6/9/2011;858,4
6/10/2011;844,9
6/13/2011;845,33
6/14/2011;858,03
6/15/2011;844,67
6/16/2011;843,13
6/17/2011;852,56
6/20/2011;846,28
6/21/2011;862,15
6/22/2011;859,85
6/23/2011;842,42
6/24/2011;838,3
6/27/2011;839,84
6/28/2011;847,63
6/29/2011;863,3
6/30/2011;875,84
7/1/2011;883,05
7/4/2011;882,9
7/5/2011;878,06
7/6/2011;872,26
7/7/2011;876,2
7/8/2011;861,77
7/11/2011;838,49
7/12/2011;833,24
7/13/2011;840,27
7/14/2011;833,74
7/15/2011;829,66
7/18/2011;814,33
7/19/2011;823,98
7/20/2011;837,6
7/21/2011;853,03
7/22/2011;856,67
7/25/2011;850,1
7/26/2011;848,63
7/27/2011;835,43
7/28/2011;833,56
7/29/2011;827,18
8/1/2011;805,41
8/2/2011;789,66
8/3/2011;774,58
8/4/2011;746,85
8/5/2011;735,29
8/8/2011;705,7
8/9/2011;709,32
8/10/2011;672,02
8/11/2011;692
8/12/2011;719,27
8/15/2011;723,94
8/16/2011;722,05
8/17/2011;724,3
8/18/2011;685,98
8/19/2011;671,91
8/22/2011;678,07
8/23/2011;682,72
8/24/2011;694,47
8/25/2011;687,48
8/26/2011;680,79
8/29/2011;695,67
8/30/2011;696,24
8/31/2011;716,71
9/1/2011;717,02
9/2/2011;692,79
9/5/2011;659,26
9/6/2011;652,41
9/7/2011;675,11
9/8/2011;678,6
9/9/2011;651,94
9/12/2011;629,8
9/13/2011;640,31
9/14/2011;655,27
9/15/2011;675,57
9/16/2011;678,55
9/19/2011;659,69
9/20/2011;673,31
9/21/2011;661,18
9/22/2011;628,44
9/23/2011;635,52
9/26/2011;651,49
9/27/2011;684,95
9/28/2011;679,47
9/29/2011;688,79
9/30/2011;677,87
10/3/2011;665,21
10/4/2011;649,09
10/5/2011;675,2
10/6/2011;696,48
10/7/2011;701,36
10/10/2011;716,78
10/11/2011;715,2
10/12/2011;732,35
10/13/2011;721,51
10/14/2011;729,06
10/17/2011;717,05
10/18/2011;715,36
10/19/2011;721,06
10/20/2011;704,72
10/21/2011;725,13
10/24/2011;734,74
10/25/2011;728,02
10/26/2011;725,87
10/27/2011;766,35
10/28/2011;762,65
10/31/2011;739,01
11/1/2011;702,5
11/2/2011;712,29
11/3/2011;730,29
11/4/2011;714,9
11/7/2011;710,55
11/8/2011;717,45
11/9/2011;700,61
11/10/2011;701,88
11/11/2011;722,74
11/14/2011;712,07
11/15/2011;702,26
11/16/2011;704,95
11/17/2011;696,04
11/18/2011;693,14
11/21/2011;669,42
11/22/2011;662,41
11/23/2011;651,11
11/24/2011;649,33
11/25/2011;655,35
11/28/2011;687,57
11/29/2011;691,5
11/30/2011;720,86
12/1/2011;715,33
12/2/2011;723,17
12/5/2011;731,28
12/6/2011;726,67
12/7/2011;723,44
12/8/2011;706,89
12/9/2011;721,71
12/12/2011;700,77
12/13/2011;698,55
12/14/2011;681,94
12/15/2011;687,85
12/16/2011;682,61
12/19/2011;682,78
12/20/2011;701,23
12/21/2011;695,8
12/22/2011;704,27
12/23/2011;709,66
12/26/2011;709,66
12/27/2011;709,82
12/28/2011;700,01
12/29/2011;710,44
12/30/2011;717,28
1/2/2012;733,42
1/3/2012;739,42
1/4/2012;728,67
1/5/2012;719,39
1/6/2012;715,45
1/9/2012;712,11
1/10/2012;729,45
1/11/2012;727,12
1/12/2012;728,95
1/13/2012;726,32
1/16/2012;733,41
1/17/2012;743,78
1/18/2012;742,53
1/19/2012;755,28
1/20/2012;753,71
1/23/2012;758,14
1/24/2012;754,91
1/25/2012;752,24
1/26/2012;764,71
1/27/2012;757,39
1/30/2012;747,77
1/31/2012;751,87
2/1/2012;768,74
2/2/2012;771,02
2/3/2012;782,62
2/6/2012;779,95
2/7/2012;780,91
2/8/2012;780,61
2/9/2012;783,89
2/10/2012;772
2/13/2012;775,88
2/14/2012;774,58
2/15/2012;777,38
2/16/2012;775,74
2/17/2012;785,62
2/20/2012;795,13
2/21/2012;791,86
2/22/2012;785,22
2/23/2012;781,73
2/24/2012;785,96
2/27/2012;782,65
2/28/2012;784,89
2/29/2012;782,97
3/1/2012;793,58
3/2/2012;793,36
3/5/2012;788,64
3/6/2012;762,31
3/7/2012;767,71
3/8/2012;784,89
3/9/2012;786,67
3/12/2012;786,69
3/13/2012;799,92
3/14/2012;805,12
3/15/2012;810,57
3/16/2012;814,26
3/19/2012;814,2
3/20/2012;804,65
3/21/2012;802,58
3/22/2012;791,43
3/23/2012;791,06
3/26/2012;797,18
3/27/2012;792,91
3/28/2012;784,46
3/29/2012;771,29
3/30/2012;779,77
4/2/2012;788,07
4/3/2012;776,09
4/4/2012;755,82
4/5/2012;754,8
4/6/2012;754,8
4/9/2012;754,8
4/10/2012;733,38
4/11/2012;739,9
4/12/2012;744,64
4/13/2012;726,37
4/16/2012;729,24
4/17/2012;748,2
4/18/2012;736,58
4/19/2012;724,7
4/20/2012;731,02
4/23/2012;709,71
4/24/2012;721,56
4/25/2012;734,7
4/26/2012;735,36
4/27/2012;742,29
4/30/2012;732,11
5/1/2012;732,18
5/2/2012;727,75
5/3/2012;727,18
5/4/2012;714,72
5/7/2012;724,03
5/8/2012;710,12
5/9/2012;708,13
5/10/2012;713,4
5/11/2012;716,37
5/14/2012;699,98
5/15/2012;693,54
5/16/2012;692,04
5/17/2012;683,51
5/18/2012;680,61
5/21/2012;683,15
5/22/2012;696,37
5/23/2012;678,04
5/24/2012;684,09
5/25/2012;685,6
5/28/2012;682,29
5/29/2012;687,45
5/30/2012;674,05
5/31/2012;674,07
6/1/2012;657,8
6/4/2012;658,18
6/5/2012;661,13
6/6/2012;676,78
6/7/2012;680,23
6/8/2012;679,8
6/11/2012;677,84
6/12/2012;679,27
6/13/2012;678,62
6/14/2012;679,54
6/15/2012;689,25
6/18/2012;683,87
6/19/2012;697,04
6/20/2012;700,12
6/21/2012;697,07
6/22/2012;692,35
6/25/2012;676,14
6/26/2012;674,94
6/27/2012;686,45
6/28/2012;683,76
6/29/2012;716,22
7/2/2012;724,59
7/3/2012;732,89
7/4/2012;731,15
7/5/2012;723,06
7/6/2012;708,72
7/9/2012;706,56
7/10/2012;711,58
7/11/2012;711,73
7/12/2012;705,67
7/13/2012;715,63
7/16/2012;714,52
7/17/2012;714,44
7/18/2012;724,79
7/19/2012;731,18
7/20/2012;712,91
7/23/2012;693,89
7/24/2012;686,62
7/25/2012;688,89
7/26/2012;715,62
7/27/2012;731,05
7/30/2012;742,29
7/31/2012;737,39
8/1/2012;740,07
8/2/2012;719,92
8/3/2012;751,36
8/6/2012;759,58
8/7/2012;770,3
8/8/2012;768,24
8/9/2012;769,83
8/10/2012;765,99
8/13/2012;763,67
8/14/2012;768,78
8/15/2012;767,76
8/16/2012;775,48
8/17/2012;780,27
8/20/2012;777,85
8/21/2012;785,07
8/22/2012;774,18
8/23/2012;767,13
8/24/2012;768,2
8/27/2012;776,18
8/28/2012;770,48
8/29/2012;768,83
8/30/2012;759,17
8/31/2012;769,3
9/3/2012;776,48
9/4/2012;768,52
9/5/2012;769,92
9/6/2012;794,8
9/7/2012;798,89
9/10/2012;795,95
9/11/2012;803,55
9/12/2012;806,18
9/13/2012;799,9
9/14/2012;814,84
9/17/2012;811,16
9/18/2012;802,76
9/19/2012;807,4
9/20/2012;803,65
9/21/2012;810,78
9/24/2012;804,49
9/25/2012;807,97
9/26/2012;787,52
9/27/2012;790,13
9/28/2012;775,9
10/1/2012;789,75
10/2/2012;788,53
10/3/2012;788,28
10/4/2012;786,98
10/5/2012;799,91
10/8/2012;789,25
10/9/2012;782,5
10/10/2012;778,89
10/11/2012;787,64
10/12/2012;781,8
10/15/2012;786,76
10/16/2012;803,74
10/17/2012;809,9
10/18/2012;810,57
10/19/2012;801,63
10/22/2012;797,96
10/23/2012;781,8
10/24/2012;785,37
10/25/2012;783,86
10/26/2012;787,37
10/29/2012;782,52
10/30/2012;792,94
10/31/2012;789,35
11/1/2012;798,12
11/2/2012;802,46
11/5/2012;794,1
11/6/2012;799,62
11/7/2012;783,47
11/8/2012;781,98
11/9/2012;781,95
11/12/2012;780,57
11/13/2012;785,56
11/14/2012;779,32
11/15/2012;774,67
11/16/2012;764,1
11/19/2012;784,45
11/20/2012;788,96
11/21/2012;791,45
11/22/2012;796,96
11/23/2012;803,72
11/26/2012;799,43
11/27/2012;800,66
11/28/2012;801,75
11/29/2012;812,05
11/30/2012;810,78
12/3/2012;812,95
12/4/2012;814,72
12/5/2012;815,58
12/6/2012;819,94
12/7/2012;819,24
12/10/2012;818,09
12/11/2012;825,81
12/12/2012;827,64
12/13/2012;826,55
12/14/2012;827,6
12/17/2012;826,81
12/18/2012;831,35
12/19/2012;835,08
12/20/2012;835,78
12/21/2012;833,65
12/24/2012;832,92
12/25/2012;832,92
12/26/2012;832,92
12/27/2012;835,56
12/28/2012;826,9
12/31/2012;829,52
1/1/2013;829,52
1/2/2013;851,65
1/3/2013;849
1/4/2013;851,33
1/7/2013;846,98
1/8/2013;845,35
1/9/2013;850,43
1/10/2013;850,42
1/11/2013;852,55
1/14/2013;852,46
1/15/2013;849,43
1/16/2013;850,91
1/17/2013;856,79
1/18/2013;854,53
1/21/2013;859,02
1/22/2013;855,9
1/23/2013;854,26
1/24/2013;858,31
1/25/2013;864,71
1/28/2013;864,71
1/29/2013;866,37
1/30/2013;860,22
1/31/2013;851,94
2/1/2013;856,22
2/4/2013;831,37
2/5/2013;838,01
2/6/2013;828,75
2/7/2013;823,72
2/8/2013;833,25
2/11/2013;831,32
2/12/2013;838,09
2/13/2013;841,94
2/14/2013;836,45
2/15/2013;832,31
2/18/2013;832,68
2/19/2013;845,9
2/20/2013;840,81
2/21/2013;822,58
2/22/2013;836,17
2/25/2013;842,76
2/26/2013;820,1
2/27/2013;832,4
2/28/2013;839,82
3/1/2013;835,12
3/4/2013;835,6
3/5/2013;854,11
3/6/2013;853,79
3/7/2013;857,79
3/8/2013;868,68
3/11/2013;866,66
3/12/2013;865,28
3/13/2013;863,8
3/14/2013;875,04
3/15/2013;870,2
3/18/2013;865,36
3/19/2013;855,65
3/20/2013;865,82
3/21/2013;857,72
3/22/2013;856,88
3/25/2013;847,57
3/26/2013;846,6
3/27/2013;838,04
3/28/2013;840,76
3/29/2013;840,76
4/1/2013;840,76
4/2/2013;857,07
4/3/2013;845,66
4/4/2013;839,6
4/5/2013;827,24
4/8/2013;828,23
4/9/2013;829,41
4/10/2013;849,18
4/11/2013;853,9
4/12/2013;841,65
4/15/2013;837,82
4/16/2013;832,74
4/17/2013;816,05
4/18/2013;815,18
4/19/2013;820,9
4/22/2013;823,27
4/23/2013;847,83
4/24/2013;858,29
4/25/2013;860,19
4/26/2013;852,96
4/29/2013;862,8
4/30/2013;861,21
5/1/2013;861,15
5/2/2013;862,9
5/3/2013;876,78
5/6/2013;874,45
5/7/2013;879,05
5/8/2013;884,59
5/9/2013;881,88
5/10/2013;885,89
5/13/2013;883,99
5/14/2013;889,75
5/15/2013;894,51
5/16/2013;893,53
5/17/2013;896,38
5/20/2013;898,83
5/21/2013;898,91
5/22/2013;903,36
5/23/2013;884,99
5/24/2013;881,11
5/27/2013;889,4
5/28/2013;901,78
5/29/2013;886,77
5/30/2013;890,2
5/31/2013;880,9
6/3/2013;874,3
6/4/2013;876,15
6/5/2013;862,27
6/6/2013;852,52
6/7/2013;866,21
6/10/2013;865,88
6/11/2013;854,36
6/12/2013;848,97
6/13/2013;847,07
6/14/2013;849,77
6/17/2013;859,15
6/18/2013;859,17
6/19/2013;854,56
6/20/2013;825,37
6/21/2013;814,15
6/24/2013;801,63
6/25/2013;811,97
6/26/2013;828,41
6/27/2013;834,04
6/28/2013;828,94
7/1/2013;835,93
7/2/2013;830,22
7/3/2013;821
7/4/2013;844,05
7/5/2013;828,58
7/8/2013;844,49
7/9/2013;850,3
7/10/2013;849,41
7/11/2013;856,02
7/12/2013;853,56
7/15/2013;857,79
7/16/2013;851,55
7/17/2013;856,52
7/18/2013;866,85
7/19/2013;866,63
7/22/2013;868,42
7/23/2013;867,78
7/24/2013;876,73
7/25/2013;873,66
7/26/2013;873,38
7/29/2013;873,81
7/30/2013;878,69
7/31/2013;880,41
8/1/2013;893,7
8/2/2013;894,54
8/5/2013;894,35
8/6/2013;888,57
8/7/2013;888,57
8/8/2013;895,71
8/9/2013;899,21
8/12/2013;899,65
8/13/2013;904,32
8/14/2013;907,72
8/15/2013;902,3
8/16/2013;907,36
8/19/2013;898,61
8/20/2013;887,74
8/21/2013;884,09
8/22/2013;896,18
8/23/2013;900,02
8/26/2013;898,56
8/27/2013;876,4
8/28/2013;872,84
8/29/2013;877,92
8/30/2013;866,78
9/2/2013;882,83
9/3/2013;878,62
9/4/2013;879,79
9/5/2013;885,39
9/6/2013;892,8
9/9/2013;892,1
9/10/2013;908,44
9/11/2013;912,32
9/12/2013;911,7
9/13/2013;913,61
9/16/2013;922,31
9/17/2013;920,76
9/18/2013;926,41
9/19/2013;934,16
9/20/2013;931,96
9/23/2013;925,86
9/24/2013;930,13
9/25/2013;930,93
9/26/2013;930,09
9/27/2013;928,65
9/30/2013;921,41
10/1/2013;933,36
10/2/2013;928,17
10/3/2013;923,41
10/4/2013;930,08
10/7/2013;928,44
10/8/2013;922,59
10/9/2013;921,85
10/10/2013;941,27
10/11/2013;943,62
10/14/2013;944,41
10/15/2013;953,18
10/16/2013;957,17
10/17/2013;956,47
10/18/2013;964,53
10/21/2013;963,94
10/22/2013;969,13
10/23/2013;960,51
10/24/2013;965,96
10/25/2013;963,42
10/28/2013;960,03
10/29/2013;968,22
10/30/2013;966,86
10/31/2013;973,57
11/1/2013;968,88
11/4/2013;972,92
11/5/2013;966,22
11/6/2013;972,52
11/7/2013;969,8
11/8/2013;967,87
11/11/2013;973,33
11/12/2013;967,92
11/13/2013;963,99
11/14/2013;972,88
11/15/2013;973,41
11/18/2013;981,53
11/19/2013;972,57
11/20/2013;972,5
11/21/2013;971,62
11/22/2013;974,92
11/25/2013;980,54
11/26/2013;977,19
11/27/2013;983,49
11/28/2013;986,44
11/29/2013;985,47
12/2/2013;981,94
12/3/2013;962,03
12/4/2013;955,41
12/5/2013;944,6
12/6/2013;951,96
12/9/2013;955,01
12/10/2013;947,08
12/11/2013;942,62
12/12/2013;935,9
12/13/2013;934
12/16/2013;950,42
12/17/2013;939,75
12/18/2013;949,94
12/19/2013;966,68
12/20/2013;972,23
12/23/2013;979,27
12/24/2013;980,17
12/25/2013;980,17
12/26/2013;980,17
12/27/2013;992,21
12/30/2013;989,75
12/31/2013;992,09
1/1/2014;992,09
1/2/2014;977,85
1/3/2014;982,77
1/6/2014;981,25
1/7/2014;992,96
1/8/2014;993,46
1/9/2014;987,74
1/10/2014;992,32
1/13/2014;996,03
1/14/2014;997,86
1/15/2014;1013,21
1/16/2014;1009,25
1/17/2014;1010,89
1/20/2014;1010,27
1/21/2014;1009,95
1/22/2014;1009,37
1/23/2014;999,04
1/24/2014;971,46
1/27/2014;966,09
1/28/2014;974,05
1/29/2014;966,22
1/30/2014;969,6
1/31/2014;964,87
2/3/2014;950,37
2/4/2014;949,99
2/5/2014;950,18
2/6/2014;966,55
2/7/2014;974,51
2/10/2014;973,75
2/11/2014;987,87
2/12/2014;993,49
2/13/2014;994,99
2/14/2014;1001,59
2/17/2014;1002,17
2/18/2014;1001,23
2/19/2014;1002,3
2/20/2014;1001,42
2/21/2014;1004,61
2/24/2014;1011,73
2/25/2014;1011,48
2/26/2014;1007,81
2/27/2014;1003,39
2/28/2014;1007,66
3/3/2014;977,91
3/4/2014;1003,17
3/5/2014;1002,79
3/6/2014;1006,33
3/7/2014;991,32
3/10/2014;989,37
3/11/2014;989,09
3/12/2014;979,06
3/13/2014;964,99
3/14/2014;960,52
3/17/2014;973,84
3/18/2014;982,31
3/19/2014;982,77
3/20/2014;985,74
3/21/2014;987,33
3/24/2014;974,1
3/25/2014;987,91
3/26/2014;999,1
3/27/2014;1000,19
3/28/2014;1012,11
3/31/2014;1010,66
4/1/2014;1018,58
4/2/2014;1018,69
4/3/2014;1024,01
4/4/2014;1031,36
4/7/2014;1017,7
4/8/2014;1014,15
4/9/2014;1016,79
4/10/2014;1008,26
4/11/2014;996,32
4/14/2014;1000,62
4/15/2014;987,93
4/16/2014;1003,31
4/17/2014;1008,34
4/18/2014;1008,34
4/21/2014;1008,34
4/22/2014;1022,35
4/23/2014;1015,41
4/24/2014;1018,61
4/25/2014;1005,71
4/28/2014;1010,1
4/29/2014;1023,04
4/30/2014;1021,11
5/1/2014;1021,18
5/2/2014;1015,38
5/5/2014;1012,94
5/6/2014;1006,43
5/7/2014;1009,48
5/8/2014;1022,65
5/9/2014;1016,77
5/12/2014;1023,98
5/13/2014;1026,2
5/14/2014;1025,75
5/15/2014;1011,54
5/16/2014;1013,44
5/19/2014;1013,14
5/20/2014;1011,59
5/21/2014;1017,66
5/22/2014;1018,51
5/23/2014;1023,19
5/26/2014;1034,83
5/27/2014;1036,07
5/28/2014;1036,65
5/29/2014;1036,31
5/30/2014;1036,59
6/2/2014;1037,78
6/3/2014;1034,72
6/4/2014;1034,25
6/5/2014;1042,8
6/6/2014;1050,78
6/9/2014;1054,12
6/10/2014;1056,42
6/11/2014;1049,5
6/12/2014;1048,96
6/13/2014;1047,37
6/16/2014;1040,93
6/17/2014;1045,45
6/18/2014;1045,81
6/19/2014;1054,99
6/20/2014;1051,41
6/23/2014;1044,91
6/24/2014;1044,97
6/25/2014;1034,87
6/26/2014;1030,19
6/27/2014;1029,5
6/30/2014;1029,16
7/1/2014;1037,82
7/2/2014;1037,27
7/3/2014;1048,86
7/4/2014;1042,81
7/7/2014;1030,91
7/8/2014;1016,12
7/9/2014;1020,23
7/10/2014;1005,35
7/11/2014;1007,21
7/14/2014;1016,33
7/15/2014;1007,3
7/16/2014;1022,98
7/17/2014;1009,98
7/18/2014;1010,98
7/21/2014;1002,81
7/22/2014;1017,11
7/23/2014;1018,75
7/24/2014;1027,84
7/25/2014;1014,52
7/28/2014;1013,14
7/29/2014;1018,53
7/30/2014;1012,19
7/31/2014;995,19
8/1/2014;980,69
8/4/2014;980,05
8/5/2014;980,45
8/6/2014;973,2
8/7/2014;961,68
8/8/2014;959,3
8/11/2014;972,62
8/12/2014;965,79
8/13/2014;975,04
8/14/2014;976,4
8/15/2014;968,84
8/18/2014;981,8
8/19/2014;987,97
8/20/2014;986,79
8/21/2014;997,96
8/22/2014;990,61
8/25/2014;1009,6
8/26/2014;1019,36
8/27/2014;1019,06
8/28/2014;1009,8
8/29/2014;1012,5
9/1/2014;1012,59
9/2/2014;1014,44
9/3/2014;1026,15
9/4/2014;1042,78
9/5/2014;1042,68
9/8/2014;1041,11
9/9/2014;1034,82
9/10/2014;1034,2
9/11/2014;1031,82
9/12/2014;1030,17
9/15/2014;1029,5
9/16/2014;1026,05
9/17/2014;1031,18
9/18/2014;1041,33
9/19/2014;1041,95
9/22/2014;1036,44
9/23/2014;1020,86
9/24/2014;1031,43
9/25/2014;1018,77
9/26/2014;1023,84
9/29/2014;1014,62
9/30/2014;1025,3
10/1/2014;1015,41
10/2/2014;988,87
10/3/2014;996,57
10/6/2014;998,85
10/7/2014;982,39
10/8/2014;973,9
10/9/2014;970,84
10/10/2014;954,82
10/13/2014;955,77
10/14/2014;956,83
10/15/2014;924,36
10/16/2014;918,68
10/17/2014;946,37
10/20/2014;937,16
10/21/2014;957,48
10/22/2014;963,14
10/23/2014;973,5
10/24/2014;969,32
10/27/2014;960,45
10/28/2014;973,4
10/29/2014;970,61
10/30/2014;974,9
10/31/2014;997,37
11/3/2014;987,73
11/4/2014;973,67
11/5/2014;990,85
11/6/2014;994,11
11/7/2014;983,68
11/10/2014;992,19
11/11/2014;995,73
11/12/2014;978,87
11/13/2014;982,24
11/14/2014;983,61
11/17/2014;990,59
11/18/2014;1001,29
11/19/2014;1002,45
11/20/2014;997,1
11/21/2014;1024,6
11/24/2014;1030,08
11/25/2014;1035,13
11/26/2014;1034,93
11/27/2014;1041,31
11/28/2014;1043,23
12/1/2014;1037,98
12/2/2014;1040,08
12/3/2014;1043,45
12/4/2014;1027,37
12/5/2014;1052,67
12/8/2014;1043,98
12/9/2014;1017,88
12/10/2014;1014,02
12/11/2014;1016,21
12/12/2014;987,79
12/15/2014;961,89
12/16/2014;982,41
12/17/2014;982,46
12/18/2014;1013,06
12/19/2014;1011,33
12/22/2014;1016,38
12/23/2014;1027,31
12/24/2014;1025,27
12/25/2014;1025,27
12/26/2014;1025,27
12/29/2014;1025,49
12/30/2014;1011,32
12/31/2014;1014,62
1/1/2015;1014,62
1/2/2015;1011,83
1/5/2015;978,26
1/6/2015;973,99
1/7/2015;979,4
1/8/2015;1012,37
1/9/2015;987,33
1/12/2015;999,73
1/13/2015;1015,65
1/14/2015;1002,17
1/15/2015;1023,25
1/16/2015;1037,19
1/19/2015;1044,31
1/20/2015;1051,12
1/21/2015;1058,75
1/22/2015;1075,17
1/23/2015;1094,45
1/26/2015;1104,91
1/27/2015;1092,12
1/28/2015;1089,66
1/29/2015;1093,3
1/30/2015;1086,91
2/2/2015;1092,52
2/3/2015;1105,03
2/4/2015;1106,81
2/5/2015;1105,51
2/6/2015;1102,27
2/9/2015;1086,86
2/10/2015;1098,03
2/11/2015;1095,76
2/12/2015;1110,27
2/13/2015;1118,76
2/16/2015;1114,85
2/17/2015;1115,92
2/18/2015;1125,33
2/19/2015;1132,17
2/20/2015;1133,3
2/23/2015;1142,73
2/24/2015;1150,04
2/25/2015;1148,37
2/26/2015;1159,1
2/27/2015;1166,45
3/2/2015;1165,3
3/3/2015;1152,13
3/4/2015;1162,01
3/5/2015;1173,51
3/6/2015;1175,22
3/9/2015;1172,39
3/10/2015;1160,07
3/11/2015;1186,55
3/12/2015;1184,91
3/13/2015;1190,16
3/16/2015;1206,22
3/17/2015;1194,31
3/18/2015;1192,86
3/19/2015;1193,39
3/20/2015;1209,47
3/23/2015;1200,73
3/24/2015;1210,25
3/25/2015;1195,76
3/26/2015;1191,07
3/27/2015;1194
3/30/2015;1210,61
3/31/2015;1200,68
4/1/2015;1205,62
4/2/2015;1206,49
4/3/2015;1206,49
4/6/2015;1206,49
4/7/2015;1223,18
4/8/2015;1216,4
4/9/2015;1229,93
4/10/2015;1241,47
4/13/2015;1244,16
4/14/2015;1232,47
4/15/2015;1238,44
4/16/2015;1222,78
4/17/2015;1197,06
4/20/2015;1210,09
4/21/2015;1213,03
4/22/2015;1211,95
4/23/2015;1203,99
4/24/2015;1210,13
4/27/2015;1227,4
4/28/2015;1208,67
4/29/2015;1176,23
4/30/2015;1176,89
5/1/2015;1176,79
5/4/2015;1183,97
5/5/2015;1156,33
5/6/2015;1157,83
5/7/2015;1158,84
5/8/2015;1187,47
5/11/2015;1181,67
5/12/2015;1166,4
5/13/2015;1161
5/14/2015;1176,12
5/15/2015;1167,96
5/18/2015;1173,25
5/19/2015;1198,46
5/20/2015;1202,26
5/21/2015;1203,7
5/22/2015;1200,4
5/25/2015;1193,49
5/26/2015;1181,38
5/27/2015;1200,97
5/28/2015;1191,63
5/29/2015;1167,2
6/1/2015;1168,83
6/2/2015;1163,13
6/3/2015;1169,21
6/4/2015;1159,91
6/5/2015;1144,27
6/8/2015;1131,32
6/9/2015;1127,57
6/10/2015;1150,03
6/11/2015;1158,18
6/12/2015;1142,69
6/15/2015;1122,47
6/16/2015;1127,62
6/17/2015;1119,46
6/18/2015;1127,09
6/19/2015;1128,92
6/22/2015;1171,42
6/23/2015;1181,45
6/24/2015;1175,76
6/25/2015;1175,53
6/26/2015;1179,03
6/29/2015;1132,93
6/30/2015;1118,58
7/1/2015;1141,14
7/2/2015;1131,05
7/3/2015;1124,89
7/6/2015;1102,05
7/7/2015;1079,42
7/8/2015;1088,8
7/9/2015;1117,67
7/10/2015;1150,86
7/13/2015;1170,09
7/14/2015;1174,99
7/15/2015;1180,38
7/16/2015;1197,59
7/17/2015;1196,01
7/20/2015;1202,07
7/21/2015;1190,23
7/22/2015;1185,88
7/23/2015;1184,8
7/24/2015;1173,47
7/27/2015;1145,75
7/28/2015;1158,63
7/29/2015;1163,9
7/30/2015;1166,71
7/31/2015;1171,97
8/3/2015;1183,91
8/4/2015;1180,6
8/5/2015;1197,58
8/6/2015;1194,66
8/7/2015;1184,97
8/10/2015;1195,94
8/11/2015;1173,07
8/12/2015;1134,53
8/13/2015;1145,43
8/14/2015;1139,47
8/17/2015;1140,58
8/18/2015;1140,11
8/19/2015;1119,35
8/20/2015;1094,25
8/21/2015;1060,64
8/24/2015;1005,68
8/25/2015;1051,17
8/26/2015;1036,79
8/27/2015;1071,39
8/28/2015;1072,79
8/31/2015;1068,15
9/1/2015;1041,97
9/2/2015;1044,5
9/3/2015;1067,9
9/4/2015;1039,15
9/7/2015;1044,83
9/8/2015;1056,8
9/9/2015;1068,42
9/10/2015;1053,63
9/11/2015;1042,92
9/14/2015;1038,29
9/15/2015;1048,11
9/16/2015;1062,47
9/17/2015;1064,65
9/18/2015;1035,59
9/21/2015;1042,81
9/22/2015;1007,17
9/23/2015;1008,54
9/24/2015;988,42
9/25/2015;1018,38
9/28/2015;995,2
9/29/2015;991,54
9/30/2015;1014,71
10/1/2015;1005,1
10/2/2015;1011,43
10/5/2015;1044,11
10/6/2015;1054,12
10/7/2015;1057,05
10/8/2015;1058,1
10/9/2015;1066,03
10/12/2015;1064,79
10/13/2015;1056,07
10/14/2015;1046,3
10/15/2015;1061,24
10/16/2015;1067,99
10/19/2015;1070,95
10/20/2015;1065,35
10/21/2015;1069,82
10/22/2015;1094,5
10/23/2015;1118,35
10/26/2015;1115,39
10/27/2015;1103,83
10/28/2015;1116,84
10/29/2015;1115,2
10/30/2015;1117
11/2/2015;1123,17
11/3/2015;1125,39
11/4/2015;1123,7
11/5/2015;1126,45
11/6/2015;1133,25
11/9/2015;1116,52
11/10/2015;1118,79
11/11/2015;1127,1
11/12/2015;1107,73
11/13/2015;1099,51
11/16/2015;1100,14
11/17/2015;1128,12
11/18/2015;1123,32
11/19/2015;1130,09
11/20/2015;1130,94
11/23/2015;1128,87
11/24/2015;1115,44
11/25/2015;1132,66
11/26/2015;1145,04
11/27/2015;1142,57
11/30/2015;1147,76
12/1/2015;1138,63
12/2/2015;1135,08
12/3/2015;1096,96
12/4/2015;1093,63
12/7/2015;1102,78
12/8/2015;1082,97
12/9/2015;1075,87
12/10/2015;1073,79
12/11/2015;1051,58
12/14/2015;1031,2
12/15/2015;1063,36
12/16/2015;1065,67
12/17/2015;1085,14
12/18/2015;1071,08
12/21/2015;1055,89
12/22/2015;1057,05
12/23/2015;1080,96
12/24/2015;1080,76
12/25/2015;1080,76
12/28/2015;1071,99
12/29/2015;1090,41
12/30/2015;1082,5
12/31/2015;1076,35
1/1/2016;1076,35
1/4/2016;1043,54
1/5/2016;1048,13
1/6/2016;1035,13
1/7/2016;1016,45
1/8/2016;1000,96
1/11/2016;999,12
1/12/2016;1011,77
1/13/2016;1013,86
1/14/2016;996,47
1/15/2016;972,64
1/18/2016;966,9
1/19/2016;982,41
1/20/2016;951,04
1/21/2016;971,79
1/22/2016;997,78
1/25/2016;991,38
1/26/2016;1001,26
1/27/2016;1005,11
1/28/2016;985,14
1/29/2016;1007,65
2/1/2016;1001,11
2/2/2016;979,48
2/3/2016;962,22
2/4/2016;963,51
2/5/2016;954,69
2/8/2016;921,71
2/9/2016;906,74
2/10/2016;923,35
2/11/2016;888,64
2/12/2016;911,81
2/15/2016;938,61
2/16/2016;934,51
2/17/2016;959,97
2/18/2016;959,89
2/19/2016;952,52
2/22/2016;972,6
2/23/2016;958,49
2/24/2016;935,99
2/25/2016;954,27
2/26/2016;969,8
2/29/2016;974,93
3/1/2016;992,99
3/2/2016;999,28
3/3/2016;997,01
3/4/2016;1004,03
3/7/2016;998,66
3/8/2016;991,94
3/9/2016;996,93
3/10/2016;982
3/11/2016;1014,62
3/14/2016;1021,65
3/15/2016;1013,5
3/16/2016;1012,75
3/17/2016;1007,17
3/18/2016;1012,62
3/21/2016;1009,9
3/22/2016;1010,96
3/23/2016;1009,3
3/24/2016;991,51
3/25/2016;991,51
3/28/2016;991,48
3/29/2016;997,38
3/30/2016;1010,71
3/31/2016;997,71
4/1/2016;982,2
4/4/2016;984,27
4/5/2016;962,3
4/6/2016;968,33
4/7/2016;956,64
4/8/2016;969,69
4/11/2016;973,54
4/12/2016;978,78
4/13/2016;1008,43
4/14/2016;1015,15
4/15/2016;1012,63
4/18/2016;1016,19
4/19/2016;1032,24
4/20/2016;1040,4
4/21/2016;1040,5
4/22/2016;1036,66
4/25/2016;1028,89
4/26/2016;1030,15
4/27/2016;1033,99
4/28/2016;1032,81
4/29/2016;1004,19
5/2/2016;1006,06
5/3/2016;987,55
5/4/2016;976,82
5/5/2016;978,17
5/6/2016;977,46
5/9/2016;983,55
5/10/2016;991,23
5/11/2016;983,84
5/12/2016;977,26
5/13/2016;983,05
5/16/2016;981,79
5/17/2016;977,28
5/18/2016;982,98
5/19/2016;972,11
5/20/2016;986
5/23/2016;977,64
5/24/2016;1000,77
5/25/2016;1015,85
5/26/2016;1020,3
5/27/2016;1021,87
5/30/2016;1025,5
5/31/2016;1018,03
6/1/2016;1010,96
6/2/2016;1010,24
6/3/2016;998,34
6/6/2016;1000
6/7/2016;1012,83
6/8/2016;1006,05
6/9/2016;995,9
6/10/2016;970,67
6/13/2016;951,71
6/14/2016;934,38
6/15/2016;943,5
6/16/2016;938,87
6/17/2016;948,29
6/20/2016;979,46
6/21/2016;986,03
6/22/2016;989,23
6/23/2016;1008,03
6/24/2016;928,35
6/27/2016;899,83
6/28/2016;920,24
6/29/2016;943,63
6/30/2016;953,6
7/1/2016;961,09
7/4/2016;953,78
7/5/2016;937,55
7/6/2016;921,37
7/7/2016;927,42
7/8/2016;946,08
7/11/2016;961,52
7/12/2016;976,08
7/13/2016;973,81
7/14/2016;984,56
7/15/2016;983,1
7/18/2016;981,7
7/19/2016;976
7/20/2016;988,09
7/21/2016;988,46
7/22/2016;990,06
7/25/2016;991,46
7/26/2016;993,48
7/27/2016;1000,54
7/28/2016;990,34
7/29/2016;998,8
8/1/2016;992,12
8/2/2016;972,81
8/3/2016;973,46
8/4/2016;980,16
8/5/2016;994,46
8/8/2016;997,27
8/9/2016;1012,47
8/10/2016;1009,46
8/11/2016;1019,7
8/12/2016;1018,67
8/15/2016;1020,13
8/16/2016;1011,36
8/17/2016;1000,35
8/18/2016;1005,37
8/19/2016;997,33
8/22/2016;994,91
8/23/2016;1005,1
8/24/2016;1009,05
8/25/2016;1002,7
8/26/2016;1009,57
8/29/2016;1006,25
8/30/2016;1015,09
8/31/2016;1012,41
9/1/2016;1011,41
9/2/2016;1030,77
9/5/2016;1030,54
9/6/2016;1027,55
9/7/2016;1034,45
9/8/2016;1031,26
9/9/2016;1020,1
9/12/2016;1007,46
9/13/2016;997,26
9/14/2016;994,22
9/15/2016;998,07
9/16/2016;986,53
9/19/2016;997,26
9/20/2016;996,89
9/21/2016;1002,56
9/22/2016;1023,89
9/23/2016;1017,76
9/26/2016;999,67
9/27/2016;997,97
9/28/2016;1004,92
9/29/2016;1005,5
9/30/2016;1009,74
10/3/2016;1008,88
10/4/2016;1018,73
10/5/2016;1016,76
10/6/2016;1015,23
10/7/2016;1006,88
10/10/2016;1018,09
10/11/2016;1013,67
10/12/2016;1010,04
10/13/2016;999,51
10/14/2016;1015,53
10/17/2016;1010,76
10/18/2016;1023,71
10/19/2016;1026,55
10/20/2016;1032,76
10/21/2016;1032,5
10/24/2016;1038,05
10/25/2016;1034,64
10/26/2016;1032,76
10/27/2016;1034,1
10/28/2016;1032,95
10/31/2016;1025,57
11/1/2016;1014,71
11/2/2016;1000,24
11/3/2016;998,03
11/4/2016;991,47
11/7/2016;1008,52
11/8/2016;1013,36
11/9/2016;1023,09
11/10/2016;1017,58
11/11/2016;1013,2
11/14/2016;1015
11/15/2016;1019,02
11/16/2016;1012,48
11/17/2016;1017,25
11/18/2016;1011,42
11/21/2016;1014,4
11/22/2016;1018,34
11/23/2016;1014,61
11/24/2016;1017,07
11/25/2016;1019,7
11/28/2016;1009,47
11/29/2016;1016,21
11/30/2016;1021,64
12/1/2016;1014,64
12/2/2016;1009,63
12/5/2016;1020,52
12/6/2016;1035,69
12/7/2016;1050,04
12/8/2016;1064,3
12/9/2016;1068,19
12/12/2016;1068,07
12/13/2016;1079,68
12/14/2016;1072
12/15/2016;1084,36
12/16/2016;1087,73
12/19/2016;1087,28
12/20/2016;1093,97
12/21/2016;1091,97
12/22/2016;1090,74
12/23/2016;1092,58
12/26/2016;1092,58
12/27/2016;1094,26
12/28/2016;1093,8
12/29/2016;1091,15
12/30/2016;1095,1
1/2/2017;1102,68
1/3/2017;1105,01
1/4/2017;1104,56
1/5/2017;1104,79
1/6/2017;1105,87
1/9/2017;1101,7
1/10/2017;1101,4
1/11/2017;1102,92
1/12/2017;1095,53
1/13/2017;1107,68
1/16/2017;1098,8
1/17/2017;1095,54
1/18/2017;1098,29
1/19/2017;1098,07
1/20/2017;1100,49
1/23/2017;1092,5
1/24/2017;1096,31
1/25/2017;1110,57
1/26/2017;1108,74
1/27/2017;1104,37
1/30/2017;1090,42
1/31/2017;1080,64
2/1/2017;1089,12
2/2/2017;1089,32
2/3/2017;1095,63
2/6/2017;1083,57
2/7/2017;1083
2/8/2017;1083,71
2/9/2017;1094,99
2/10/2017;1094,2
2/13/2017;1105,35
2/14/2017;1106,52
2/15/2017;1110,91
2/16/2017;1107,19
2/17/2017;1106,36
2/20/2017;1107,31
2/21/2017;1115,26
2/22/2017;1115,12
2/23/2017;1113,28
2/24/2017;1103,46
2/27/2017;1105,19
2/28/2017;1108,25
3/1/2017;1130,26
3/2/2017;1128,93
3/3/2017;1133,7
3/6/2017;1128,46
3/7/2017;1127,44
3/8/2017;1128,65
3/9/2017;1135,36
3/10/2017;1138,04
3/13/2017;1138,67
3/14/2017;1134,28
3/15/2017;1137,77
3/16/2017;1146,78
3/17/2017;1150,09
3/20/2017;1146,67
3/21/2017;1143,06
3/22/2017;1140,06
3/23/2017;1150,1
3/24/2017;1149,19
3/27/2017;1146,54
3/28/2017;1156,06
3/29/2017;1158,75
3/30/2017;1161,95
3/31/2017;1167,78
4/3/2017;1160,06
4/4/2017;1162,84
4/5/2017;1160,1
4/6/2017;1164,97
4/7/2017;1166,56
4/10/2017;1162,31
4/11/2017;1158,57
4/12/2017;1158,02
4/13/2017;1152,01
4/14/2017;1152,01
4/17/2017;1151,97
4/18/2017;1139,57
4/19/2017;1144,73
4/20/2017;1150,47
4/21/2017;1150,27
4/24/2017;1192,85
4/25/2017;1195,27
4/26/2017;1195,34
4/27/2017;1190,26
4/28/2017;1189,47
5/1/2017;1189,46
5/2/2017;1195,83
5/3/2017;1197,79
5/4/2017;1211,85
5/5/2017;1222,25
5/8/2017;1217,26
5/9/2017;1219,68
5/10/2017;1219,53
5/11/2017;1212,69
5/12/2017;1216,99
5/15/2017;1218,92
5/16/2017;1218,96
5/17/2017;1200,29
5/18/2017;1193,12
5/19/2017;1201,56
5/22/2017;1198,1
5/23/2017;1203,96
5/24/2017;1202,3
5/25/2017;1202,01
5/26/2017;1200,22
5/29/2017;1198,67
5/30/2017;1194,36
5/31/2017;1192,79
6/1/2017;1197,66
6/2/2017;1205,11
6/5/2017;1200,94
6/6/2017;1193,2
6/7/2017;1193
6/8/2017;1196,82
6/9/2017;1204,32
6/12/2017;1191,4
6/13/2017;1196,68
6/14/2017;1194
6/15/2017;1186,74
6/16/2017;1193,55
6/19/2017;1204,69
6/20/2017;1198,57
6/21/2017;1196,18
6/22/2017;1195,46
6/23/2017;1190,93
6/26/2017;1196,66
6/27/2017;1188,45
6/28/2017;1188,33
6/29/2017;1167,61
6/30/2017;1159,5
7/3/2017;1175,54
7/4/2017;1172,34
7/5/2017;1172,77
7/6/2017;1167,97
7/7/2017;1167,79
7/10/2017;1172,32
7/11/2017;1167,73
7/12/2017;1184,18
7/13/2017;1188,6
7/14/2017;1188,47
7/17/2017;1186,46
7/18/2017;1174,08
7/19/2017;1181,03
7/20/2017;1179,98
7/21/2017;1164,22
7/24/2017;1163,97
7/25/2017;1170,81
7/26/2017;1177,02
7/27/2017;1177,5
7/28/2017;1167,56
7/31/2017;1162,53
8/1/2017;1171,29
8/2/2017;1165,57
8/3/2017;1168,55
8/4/2017;1181,83
8/7/2017;1182,08
8/8/2017;1184,87
8/9/2017;1170,3
8/10/2017;1159,4
8/11/2017;1150,19
8/14/2017;1164,33
8/15/2017;1167,51
8/16/2017;1175,46
8/17/2017;1168,53
8/18/2017;1162,9
8/21/2017;1155,8
8/22/2017;1165,71
8/23/2017;1160,02
8/24/2017;1161,47
8/25/2017;1159,59
8/28/2017;1154,22
8/29/2017;1142,35
8/30/2017;1148,14
8/31/2017;1154,25
9/1/2017;1161,13
9/4/2017;1156,55
9/5/2017;1154,44
9/6/2017;1157,9
9/7/2017;1161,8
9/8/2017;1162,45
9/11/2017;1177,84
9/12/2017;1183,53
9/13/2017;1186,16
9/14/2017;1186,29
9/15/2017;1183,02
9/18/2017;1186,64
9/19/2017;1187,23
9/20/2017;1185,31
9/21/2017;1189,22
9/22/2017;1189,5
9/25/2017;1187,77
9/26/2017;1187,87
9/27/2017;1194,41
9/28/2017;1196,95
9/29/2017;1205,77
10/2/2017;1208,72
10/3/2017;1210,14
10/4/2017;1206,15
10/5/2017;1212,43
10/6/2017;1208,83
10/9/2017;1210,93
10/10/2017;1208,05
10/11/2017;1211,6
10/12/2017;1211,35
10/13/2017;1211,55
10/16/2017;1211,22
10/17/2017;1211,8
10/18/2017;1216,2
10/19/2017;1210,42
10/20/2017;1212,8
10/23/2017;1214,04
10/24/2017;1214,8
10/25/2017;1209,05
10/26/2017;1223,73
10/27/2017;1227,54
10/30/2017;1230,31
10/31/2017;1233,27
11/1/2017;1241,56
11/2/2017;1239,45
11/3/2017;1238,93
11/6/2017;1237,38
11/7/2017;1230,25
11/8/2017;1230,08
11/9/2017;1216,91
11/10/2017;1211,57
11/13/2017;1204,9
11/14/2017;1198,34
11/15/2017;1194,46
11/16/2017;1201,26
11/17/2017;1195,87
11/20/2017;1200,67
11/21/2017;1206,43
11/22/2017;1201,06
11/23/2017;1204,14
11/24/2017;1206,83
11/27/2017;1201,03
11/28/2017;1207,34
11/29/2017;1209,91
11/30/2017;1204,88
12/1/2017;1191,62
12/4/2017;1207,29
12/5/2017;1206,38
12/6/2017;1203,91
12/7/2017;1208,06
12/8/2017;1215,3
12/11/2017;1212,77
12/12/2017;1218,14
12/13/2017;1211,58
12/14/2017;1203,53
12/15/2017;1203,49
12/18/2017;1219,52
12/19/2017;1212,89
12/20/2017;1203,23
12/21/2017;1209,02
12/22/2017;1204,14
12/25/2017;1204,14
12/26/2017;1204,08
12/27/2017;1203,56
12/28/2017;1196,35
12/29/2017;1189,96
1/1/2018;1189,96
1/2/2018;1186,59
1/3/2018;1194,03
1/4/2018;1213,31
1/5/2018;1226,13
1/8/2018;1229,29
1/9/2018;1234,49
1/10/2018;1230,28
1/11/2018;1226,62
1/12/2018;1231,05
1/15/2018;1230,28
1/16/2018;1232,91
1/17/2018;1229,89
1/18/2018;1233,21
1/19/2018;1242,48
1/22/2018;1247,08
1/23/2018;1249,08
1/24/2018;1239,37
1/25/2018;1235,14
1/26/2018;1241,54
1/29/2018;1239,43
1/30/2018;1228,26
1/31/2018;1228,73
2/1/2018;1220,17
2/2/2018;1201,74
2/5/2018;1186,51
2/6/2018;1158,55
2/7/2018;1179,83
2/8/2018;1154,6
2/9/2018;1139,33
2/12/2018;1153,54
2/13/2018;1144,23
2/14/2018;1155,09
2/15/2018;1161,45
2/16/2018;1174,22
2/19/2018;1167,7
2/20/2018;1176,33
2/21/2018;1175,7
2/22/2018;1176
2/23/2018;1178,77
2/26/2018;1185,35
2/27/2018;1183,6
2/28/2018;1179,01
3/1/2018;1164,71
3/2/2018;1140,08
3/5/2018;1149,93
3/6/2018;1152,72
3/7/2018;1159,43
3/8/2018;1171,77
3/9/2018;1174,55
3/12/2018;1177,88
3/13/2018;1167,23
3/14/2018;1164,38
3/15/2018;1172,09
3/16/2018;1177,16
3/19/2018;1163,59
3/20/2018;1170,04
3/21/2018;1167,62
3/22/2018;1149,88
3/23/2018;1134,08
3/26/2018;1127,34
3/27/2018;1140,43
3/28/2018;1144,72
3/29/2018;1154,26
3/30/2018;1154,26
4/2/2018;1154,01
4/3/2018;1149,94
4/4/2018;1146,88
4/5/2018;1176,31
4/6/2018;1170,08
4/9/2018;1172,47
4/10/2018;1180,98
4/11/2018;1173,97
4/12/2018;1181,48
4/13/2018;1182,83
4/16/2018;1180,66
4/17/2018;1192,37
4/18/2018;1195,86
4/19/2018;1194,58
4/20/2018;1195,63
4/23/2018;1200,3
4/24/2018;1199,54
4/25/2018;1191,31
4/26/2018;1199,22
4/27/2018;1203,05
4/30/2018;1207,29
5/1/2018;1207,2
5/2/2018;1214,35
5/3/2018;1205,26
5/4/2018;1213
5/7/2018;1217,84
5/8/2018;1216,33
5/9/2018;1219,31
5/10/2018;1220,26
5/11/2018;1219,96
5/14/2018;1220,95
5/15/2018;1220,63
5/16/2018;1218,85
5/17/2018;1228,26
5/18/2018;1222,13
5/21/2018;1222,75
5/22/2018;1227,89
5/23/2018;1212,51
5/24/2018;1205,85
5/25/2018;1204,6
5/28/2018;1195,16
5/29/2018;1176,48
5/30/2018;1181,42
5/31/2018;1171,46
6/1/2018;1184,96
6/4/2018;1189,9
6/5/2018;1187,09
6/6/2018;1188,51
6/7/2018;1187,57
6/8/2018;1183,45
6/11/2018;1193,96
6/12/2018;1192,38
6/13/2018;1193,72
6/14/2018;1208,05
6/15/2018;1200,84
6/18/2018;1188,54
6/19/2018;1178,21
6/20/2018;1178,93
6/21/2018;1166,41
6/22/2018;1177,27
6/25/2018;1153,28
6/26/2018;1152,93
6/27/2018;1161,81
6/28/2018;1151,6
6/29/2018;1161,32
7/2/2018;1152,96
7/3/2018;1162,94
7/4/2018;1164,03
7/5/2018;1174,59
7/6/2018;1177,51
7/9/2018;1182,21
7/10/2018;1186,73
7/11/2018;1169,88
7/12/2018;1178,11
7/13/2018;1181,45
7/16/2018;1179,77
7/17/2018;1183,83
7/18/2018;1192,38
7/19/2018;1187,27
7/20/2018;1182,87
7/23/2018;1180,53
7/24/2018;1189,8
7/25/2018;1184,02
7/26/2018;1195,84
7/27/2018;1201,55
7/30/2018;1196,94
7/31/2018;1199,94
8/1/2018;1194,69
8/2/2018;1182,83
8/3/2018;1188,59
8/6/2018;1187,77
8/7/2018;1194,53
8/8/2018;1191,66
8/9/2018;1192,26
8/10/2018;1170,96
8/13/2018;1166,43
8/14/2018;1165,94
8/15/2018;1149,62
8/16/2018;1154,81
8/17/2018;1152,87
8/20/2018;1160,62
8/21/2018;1166,6
8/22/2018;1167,98
8/23/2018;1166,67
8/24/2018;1169,2
8/27/2018;1179,24
8/28/2018;1177,53
8/29/2018;1180,46
8/30/2018;1172,9
8/31/2018;1160,5
9/3/2018;1161,24
9/4/2018;1150,76
9/5/2018;1136,1
9/6/2018;1129,39
9/7/2018;1129,35
9/10/2018;1135,32
9/11/2018;1134,89
9/12/2018;1140,04
9/13/2018;1141,86
9/14/2018;1146,2
9/17/2018;1146,72
9/18/2018;1151,06
9/19/2018;1155,58
9/20/2018;1166,18
9/21/2018;1174,14
9/24/2018;1166,67
9/25/2018;1168,92
9/26/2018;1171,73
9/27/2018;1176,64
9/28/2018;1160,1
10/1/2018;1163,57
10/2/2018;1156,7
10/3/2018;1161,97
10/4/2018;1151,24
10/5/2018;1141,73
10/8/2018;1129,23
10/9/2018;1132,76
10/10/2018;1112,67
10/11/2018;1092,87
10/12/2018;1089,09
10/15/2018;1093,08
10/16/2018;1110,23
10/17/2018;1104,41
10/18/2018;1094,81
10/19/2018;1092,39
10/22/2018;1085,94
10/23/2018;1069,37
10/24/2018;1063,11
10/25/2018;1074,93
10/26/2018;1065,73
10/29/2018;1073,43
10/30/2018;1071,9
10/31/2018;1088,62
11/1/2018;1093,12
11/2/2018;1098,81
11/5/2018;1097,7
11/6/2018;1094,5
11/7/2018;1107,67
11/8/2018;1105,19
11/9/2018;1101,85
11/12/2018;1089,91
11/13/2018;1100,95
11/14/2018;1095,96
11/15/2018;1090,47
11/16/2018;1088,56
11/19/2018;1080,22
11/20/2018;1064,86
11/21/2018;1077,67
11/22/2018;1069,14
11/23/2018;1072,77
11/26/2018;1086,15
11/27/2018;1084,54
11/28/2018;1084,29
11/29/2018;1085,83
11/30/2018;1084,15
12/3/2018;1098,19
12/4/2018;1087,51
12/5/2018;1075,43
12/6/2018;1041,42
12/7/2018;1044,9
12/10/2018;1029,61
12/11/2018;1042,79
12/12/2018;1061,5
12/13/2018;1062,3
12/14/2018;1055,25
12/17/2018;1043,51
12/18/2018;1036,41
12/19/2018;1040,5
12/20/2018;1022,78
12/21/2018;1020,98
12/24/2018;1012,64
12/25/2018;1012,64
12/26/2018;1013,14
12/27/2018;999,73
12/28/2018;1015,45
12/31/2018;1020,82
1/1/2019;1020,82
1/2/2019;1018,53
1/3/2019;1006,4
1/4/2019;1036,13
1/7/2019;1033,96
1/8/2019;1041,46
1/9/2019;1048,15
1/10/2019;1049,6
1/11/2019;1047,78
1/14/2019;1042,86
1/15/2019;1047,59
1/16/2019;1052,08
1/17/2019;1050,28
1/18/2019;1070,91
1/21/2019;1067,46
1/22/2019;1062,57
1/23/2019;1064,03
1/24/2019;1069,78
1/25/2019;1082,12
1/28/2019;1073,46
1/29/2019;1078,52
1/30/2019;1080,86
1/31/2019;1080,08
2/1/2019;1081,66
2/4/2019;1080,34
2/5/2019;1097,93
2/6/2019;1099,29
2/7/2019;1076,94
2/8/2019;1069,03
2/11/2019;1078,99
2/12/2019;1087,49
2/13/2019;1091,44
2/14/2019;1086,09
2/15/2019;1105,14
2/18/2019;1107,81
2/19/2019;1105,95
2/20/2019;1113,19
2/21/2019;1112,62
2/22/2019;1114,54
2/25/2019;1118,51
2/26/2019;1120,52
2/27/2019;1117,33
2/28/2019;1122,99
3/1/2019;1128,68
3/4/2019;1130,13
3/5/2019;1132,78
3/6/2019;1131,19
3/7/2019;1125,75
3/8/2019;1117,15
3/11/2019;1125
3/12/2019;1124,16
3/13/2019;1129,9
3/14/2019;1136,27
3/15/2019;1148,84
3/18/2019;1150,64
3/19/2019;1157,69
3/20/2019;1145,57
3/21/2019;1144,24
3/22/2019;1124,22
3/25/2019;1121,65
3/26/2019;1129,21
3/27/2019;1130,48
3/28/2019;1128,04
3/29/2019;1137,23
4/1/2019;1150,11
4/2/2019;1153,99
4/3/2019;1166,7
4/4/2019;1168,08
4/5/2019;1169,58
4/8/2019;1166,59
4/9/2019;1159,6
4/10/2019;1161,77
4/11/2019;1165,95
4/12/2019;1171,24
4/15/2019;1172,69
4/16/2019;1177,71
4/17/2019;1182,62
4/18/2019;1187,86
4/19/2019;1187,86
4/22/2019;1187,6
4/23/2019;1188,3
4/24/2019;1187,03
4/25/2019;1183,86
4/26/2019;1186,68
4/29/2019;1187,54
4/30/2019;1191,34
5/1/2019;1191,21
5/2/2019;1183,76
5/3/2019;1186,98
5/6/2019;1173,74
5/7/2019;1156,21
5/8/2019;1159,93
5/9/2019;1138,04
5/10/2019;1140,85
5/13/2019;1125,48
5/14/2019;1139,29
5/15/2019;1145,68
5/16/2019;1161,42
5/17/2019;1156,15
5/20/2019;1138,68
5/21/2019;1145,02
5/22/2019;1144,1
5/23/2019;1124,41
5/24/2019;1131,74
5/27/2019;1136,35
5/28/2019;1132,5
5/29/2019;1115,21
5/30/2019;1121,81
5/31/2019;1108,85
6/3/2019;1114,27
6/4/2019;1124,91
6/5/2019;1126,46
6/6/2019;1123,74
6/7/2019;1136,15
6/10/2019;1139,59
6/11/2019;1146,15
6/12/2019;1140,75
6/13/2019;1142,63
6/14/2019;1137,48
6/17/2019;1138,04
6/18/2019;1160,58
6/19/2019;1162,35
6/20/2019;1165,37
6/21/2019;1164,16
6/24/2019;1160,1
6/25/2019;1155,69
6/26/2019;1155,31
6/27/2019;1156,06
6/28/2019;1165,58
7/1/2019;1173,84
7/2/2019;1176,76
7/3/2019;1188,8
7/4/2019;1191,08
7/5/2019;1184,54
7/8/2019;1182,21
7/9/2019;1176,41
7/10/2019;1174,09
7/11/2019;1172,72
7/12/2019;1173,61
7/15/2019;1176,03
7/16/2019;1181,85
7/17/2019;1175,2
7/18/2019;1169,56
7/19/2019;1168,23
7/22/2019;1171,85
7/23/2019;1186,03
7/24/2019;1188,42
7/25/2019;1181,48
7/26/2019;1184,78
7/29/2019;1183,24
7/30/2019;1162,91
7/31/2019;1164,55
8/1/2019;1172,17
8/2/2019;1137,46
8/5/2019;1113,65
8/6/2019;1109,1
8/7/2019;1114,19
8/8/2019;1134,27
8/9/2019;1120,22
8/12/2019;1116,08
8/13/2019;1124,3
8/14/2019;1101,89
8/15/2019;1098,58
8/16/2019;1114,7
8/19/2019;1128,29
8/20/2019;1120,36
8/21/2019;1135,8
8/22/2019;1129,44
8/23/2019;1116,76
8/26/2019;1121,29
8/27/2019;1128,65
8/28/2019;1126,41
8/29/2019;1140,98
8/30/2019;1147,67
9/2/2019;1150,29
9/3/2019;1146,59
9/4/2019;1158,23
9/5/2019;1170,25
9/6/2019;1173,04
9/9/2019;1173,99
9/10/2019;1175,8
9/11/2019;1181,04
9/12/2019;1187,15
9/13/2019;1190,95
9/16/2019;1180,37
9/17/2019;1179,83
9/18/2019;1181,66
9/19/2019;1189,12
9/20/2019;1193,02
9/23/2019;1181,76
9/24/2019;1179,47
9/25/2019;1173,12
9/26/2019;1179,45
9/27/2019;1183,96
9/30/2019;1190,81
10/1/2019;1175,75
10/2/2019;1142,46
10/3/2019;1143,73
10/4/2019;1153,36
10/7/2019;1160,8
10/8/2019;1147,95
10/9/2019;1156,98
10/10/2019;1166,31
10/11/2019;1190,32
10/14/2019;1186,86
10/15/2019;1199,7
10/16/2019;1199,82
10/17/2019;1197,11
10/18/2019;1193,08
10/21/2019;1200,27
10/22/2019;1201,22
10/23/2019;1200,31
10/24/2019;1205,01
10/25/2019;1206,78
10/28/2019;1208,28
10/29/2019;1207,35
10/30/2019;1206,78
10/31/2019;1202,04
11/1/2019;1209,95
11/4/2019;1223,95
11/5/2019;1228,29
11/6/2019;1231,45
11/7/2019;1237,94
11/8/2019;1234,39
11/11/2019;1233,37
11/12/2019;1238,17
11/13/2019;1232,15
11/14/2019;1228,53
11/15/2019;1236,14
11/18/2019;1233,63
11/19/2019;1231,23
11/20/2019;1227,09
11/21/2019;1224,14
11/22/2019;1227,5
11/25/2019;1234,9
11/26/2019;1234,9
11/27/2019;1236,95
11/28/2019;1233,69
11/29/2019;1232,09
12/2/2019;1208,6
12/3/2019;1202,74
12/4/2019;1217,76
12/5/2019;1214,65
12/6/2019;1228,57
12/9/2019;1222,39
12/10/2019;1221,49
12/11/2019;1226,08
12/12/2019;1232,59
12/13/2019;1239,4
12/16/2019;1253,31
12/17/2019;1246,68
12/18/2019;1245,04
12/19/2019;1245,51
12/20/2019;1256,14
12/23/2019;1255,99
12/24/2019;1255,62
12/25/2019;1255,62
12/26/2019;1255,57
12/27/2019;1257,83
12/30/2019;1246,95
12/31/2019;1245,23
1/1/2020;1245,23
1/2/2020;1261,19
1/3/2020;1255,61
1/6/2020;1249,23
1/7/2020;1252,32
1/8/2020;1257,28
1/9/2020;1264,32
1/10/2020;1262,98
1/13/2020;1260,71
1/14/2020;1261,03
1/15/2020;1259,04
1/16/2020;1261,18
1/17/2020;1272,04
1/20/2020;1270,07
1/21/2020;1265,98
1/22/2020;1260,68
1/23/2020;1251,13
1/24/2020;1263,97
1/27/2020;1231,51
1/28/2020;1245,56
1/29/2020;1250,73
1/30/2020;1236,33
1/31/2020;1220,59
2/3/2020;1226,43
2/4/2020;1247,89
2/5/2020;1264,26
2/6/2020;1274,59
2/7/2020;1271,76
2/10/2020;1270,03
2/11/2020;1280,68
2/12/2020;1291,16
2/13/2020;1288,14
2/14/2020;1286,72
2/17/2020;1290,07
2/18/2020;1283,61
2/19/2020;1294,05
2/20/2020;1281,02
2/21/2020;1272,26
2/24/2020;1221,98
2/25/2020;1198,12
2/26/2020;1200,21
2/27/2020;1159,48
2/28/2020;1119,37
3/2/2020;1122,48
3/3/2020;1131,89
3/4/2020;1148
3/5/2020;1128,08
3/6/2020;1086,26
3/9/2020;996,37
3/10/2020;980,93
3/11/2020;977,71
3/12/2020;855,21
3/13/2020;869,4
3/16/2020;819,98
3/17/2020;842,36
3/18/2020;797,84
3/19/2020;821,71
3/20/2020;851,91
3/23/2020;830,89
3/24/2020;904,1
3/25/2020;930,89
3/26/2020;948,31
3/27/2020;910,26
3/30/2020;918,21
3/31/2020;927,04
4/1/2020;893,12
4/2/2020;896,87
4/3/2020;887,12
4/6/2020;930,03
4/7/2020;949,94
4/8/2020;949,83
4/9/2020;964,21
4/10/2020;964,21
4/13/2020;964,06
4/14/2020;970,59
4/15/2020;934,47
4/16/2020;937,67
4/17/2020;961,22
4/20/2020;966,51
4/21/2020;929,95
4/22/2020;946,12
4/23/2020;953,07
4/24/2020;939,74
4/27/2020;963,31
4/28/2020;978,06
4/29/2020;1000,53
4/30/2020;979,43
5/1/2020;978,97
5/4/2020;942,13
5/5/2020;961,84
5/6/2020;953
5/7/2020;965,85
5/8/2020;976,01
5/11/2020;968,28
5/12/2020;967,83
5/13/2020;944,65
5/14/2020;928,09
5/15/2020;929,77
5/18/2020;975,76
5/19/2020;971,9
5/20/2020;985,09
5/21/2020;973,47
5/22/2020;974,87
5/25/2020;995,54
5/26/2020;1008,16
5/27/2020;1024,57
5/28/2020;1037,88
5/29/2020;1021,69
6/1/2020;1030,94
6/2/2020;1054,3
6/3/2020;1088,26
6/4/2020;1086,08
6/5/2020;1119,14
6/8/2020;1114,3
6/9/2020;1099,9
6/10/2020;1092,83
6/11/2020;1046,53
6/12/2020;1049,52
6/15/2020;1045,42
6/16/2020;1078,81
6/17/2020;1086,06
6/18/2020;1078,08
6/19/2020;1083,12
6/22/2020;1074,97
6/23/2020;1092,57
6/24/2020;1059,67
6/25/2020;1067,22
6/26/2020;1062,86
6/29/2020;1070,45
6/30/2020;1072,12
7/1/2020;1070,42
7/2/2020;1098,17
7/3/2020;1090,24
7/6/2020;1108,27
7/7/2020;1099,59
7/8/2020;1090,3
7/9/2020;1081,93
7/10/2020;1093,13
7/13/2020;1109,18
7/14/2020;1098,95
7/15/2020;1116,09
7/16/2020;1112,6
7/17/2020;1112,57
7/20/2020;1121,71
7/21/2020;1126,82
7/22/2020;1116,53
7/23/2020;1117,47
7/24/2020;1096,89
7/27/2020;1094,07
7/28/2020;1094,36
7/29/2020;1094,3
7/30/2020;1065,09
7/31/2020;1053,86
8/3/2020;1077,14
8/4/2020;1078,42
8/5/2020;1083,13
8/6/2020;1073,8
8/7/2020;1077,28
8/10/2020;1079,02
8/11/2020;1101,67
8/12/2020;1113,36
8/13/2020;1107,29
8/14/2020;1094,25
8/17/2020;1096,21
8/18/2020;1090,89
8/19/2020;1099,06
8/20/2020;1085,09
8/21/2020;1081,34
8/24/2020;1103,91
8/25/2020;1103,8
8/26/2020;1113,69
8/27/2020;1105,41
8/28/2020;1100,96
8/31/2020;1087,86
9/1/2020;1089,1
9/2/2020;1107,37
9/3/2020;1094,76
9/4/2020;1081,32
9/7/2020;1098,54
9/8/2020;1084,61
