Dates;MSCI_EM
9/1/2000;423,72
9/4/2000;427,74
9/5/2000;426,93
9/6/2000;424,64
9/7/2000;420,77
9/8/2000;419,29
9/11/2000;414,47
9/12/2000;411,15
9/13/2000;411,81
9/14/2000;410,13
9/15/2000;405,85
9/18/2000;390,6
9/19/2000;387,91
9/20/2000;392,51
9/21/2000;387,78
9/22/2000;377,62
9/25/2000;386,62
9/26/2000;385,84
9/27/2000;385,77
9/28/2000;385,67
9/29/2000;386,03
10/2/2000;380,94
10/3/2000;381,39
10/4/2000;380,76
10/5/2000;382,64
10/6/2000;383,29
10/9/2000;376,5
10/10/2000;374,48
10/11/2000;365,17
10/12/2000;358,27
10/13/2000;355,18
10/16/2000;358,6
10/17/2000;353,03
10/18/2000;346,36
10/19/2000;350,91
10/20/2000;358,51
10/23/2000;355,93
10/24/2000;359,64
10/25/2000;356,64
10/26/2000;355,09
10/27/2000;357,06
10/30/2000;354,29
10/31/2000;357,85
11/1/2000;363,26
11/2/2000;367,46
11/3/2000;369,45
11/6/2000;370,15
11/7/2000;372,38
11/8/2000;370,66
11/9/2000;367,11
11/10/2000;365,18
11/13/2000;353,95
11/14/2000;359,67
11/15/2000;360,15
11/16/2000;355,9
11/17/2000;353,97
11/20/2000;346,49
11/21/2000;346,74
11/22/2000;338,76
11/23/2000;334,76
11/24/2000;338,9
11/27/2000;343,23
11/28/2000;336,64
11/29/2000;332,62
11/30/2000;326,36
12/1/2000;329,31
12/4/2000;328,09
12/5/2000;338,08
12/6/2000;343,64
12/7/2000;342,54
12/8/2000;348,24
12/11/2000;351,64
12/12/2000;349,03
12/13/2000;349,46
12/14/2000;346,89
12/15/2000;340,92
12/18/2000;342,18
12/19/2000;339,99
12/20/2000;332,52
12/21/2000;328,5
12/22/2000;330,81
12/25/2000;331,14
12/26/2000;329,25
12/27/2000;329,99
12/28/2000;333,27
12/29/2000;333,79
1/1/2001;333,46
1/2/2001;333,35
1/3/2001;335,52
1/4/2001;347,23
1/5/2001;348,56
1/8/2001;348,12
1/9/2001;351,87
1/10/2001;349,46
1/11/2001;350,26
1/12/2001;353,23
1/15/2001;354,72
1/16/2001;356,39
1/17/2001;360,19
1/18/2001;365,01
1/19/2001;370,48
1/22/2001;370,36
1/23/2001;372,29
1/24/2001;371,82
1/25/2001;372,2
1/26/2001;370,79
1/29/2001;369,83
1/30/2001;373,27
1/31/2001;379,02
2/1/2001;377,64
2/2/2001;376,73
2/5/2001;370,33
2/6/2001;371,5
2/7/2001;365,51
2/8/2001;367,76
2/9/2001;368,18
2/12/2001;368,65
2/13/2001;370,43
2/14/2001;369,06
2/15/2001;372,71
2/16/2001;369,21
2/19/2001;365,83
2/20/2001;366,33
2/21/2001;357,03
2/22/2001;350,42
2/23/2001;348,09
2/26/2001;351,24
2/27/2001;350,1
2/28/2001;349,02
3/1/2001;347,34
3/2/2001;344,01
3/5/2001;345,75
3/6/2001;348,58
3/7/2001;349,53
3/8/2001;350,59
3/9/2001;346,43
3/12/2001;335,08
3/13/2001;332,02
3/14/2001;328,62
3/15/2001;328,96
3/16/2001;326,44
3/19/2001;323,25
3/20/2001;322,48
3/21/2001;322,22
3/22/2001;315
3/23/2001;317,19
3/26/2001;322,4
3/27/2001;321,88
3/28/2001;319,33
3/29/2001;313,62
3/30/2001;313,14
4/2/2001;308,08
4/3/2001;300,85
4/4/2001;297,01
4/5/2001;302,06
4/6/2001;304,98
4/9/2001;303,4
4/10/2001;306,43
4/11/2001;310,72
4/12/2001;312,45
4/13/2001;312,83
4/16/2001;310,32
4/17/2001;310,02
4/18/2001;319,49
4/19/2001;324,23
4/20/2001;319,11
4/23/2001;317,57
4/24/2001;317,98
4/25/2001;318,98
4/26/2001;322,33
4/27/2001;323,73
4/30/2001;327,71
5/1/2001;327,66
5/2/2001;331,06
5/3/2001;331,43
5/4/2001;329,55
5/7/2001;330,06
5/8/2001;328,56
5/9/2001;328,33
5/10/2001;328,15
5/11/2001;326,97
5/14/2001;323,23
5/15/2001;321,62
5/16/2001;323,19
5/17/2001;332,06
5/18/2001;333,5
5/21/2001;335,4
5/22/2001;337,03
5/23/2001;338,32
5/24/2001;337,12
5/25/2001;335,56
5/28/2001;335,38
5/29/2001;334,58
5/30/2001;331,16
5/31/2001;330,54
6/1/2001;329,44
6/4/2001;330,48
6/5/2001;329,2
6/6/2001;330,71
6/7/2001;331,38
6/8/2001;334,64
6/11/2001;332,67
6/12/2001;331,57
6/13/2001;331,01
6/14/2001;329,13
6/15/2001;326,99
6/18/2001;320,52
6/19/2001;320,42
6/20/2001;319,31
6/21/2001;321,9
6/22/2001;322,63
6/25/2001;322,28
6/26/2001;320,88
6/27/2001;321,25
6/28/2001;319,27
6/29/2001;322,89
7/2/2001;323,54
7/3/2001;320,84
7/4/2001;318,23
7/5/2001;316,43
7/6/2001;311,42
7/9/2001;309,33
7/10/2001;307,2
7/11/2001;300,91
7/12/2001;303,53
7/13/2001;301,84
7/16/2001;299,16
7/17/2001;299,22
7/18/2001;297,38
7/19/2001;297,98
7/20/2001;297,69
7/23/2001;297,55
7/24/2001;295,56
7/25/2001;295,72
7/26/2001;298,64
7/27/2001;299,95
7/30/2001;300,77
7/31/2001;301,67
8/1/2001;303,43
8/2/2001;306,95
8/3/2001;306,89
8/6/2001;304,75
8/7/2001;302,82
8/8/2001;303,18
8/9/2001;300,5
8/10/2001;301,69
8/13/2001;302,85
8/14/2001;305,93
8/15/2001;305,69
8/16/2001;304,97
8/17/2001;300,45
8/20/2001;297,4
8/21/2001;297,65
8/22/2001;298,57
8/23/2001;298,25
8/24/2001;298,74
8/27/2001;302,38
8/28/2001;301,35
8/29/2001;301,87
8/30/2001;300,11
8/31/2001;298,17
9/3/2001;295,38
9/4/2001;297,06
9/5/2001;294,99
9/6/2001;291,19
9/7/2001;290,16
9/10/2001;287,61
9/11/2001;278,11
9/12/2001;270,76
9/13/2001;267,31
9/14/2001;260,87
9/17/2001;256,59
9/18/2001;257,86
9/19/2001;259,71
9/20/2001;252,36
9/21/2001;245,64
9/24/2001;248,39
9/25/2001;247,28
9/26/2001;247,49
9/27/2001;247,52
9/28/2001;251,4
10/1/2001;250,29
10/2/2001;248,33
10/3/2001;247,05
10/4/2001;251,93
10/5/2001;252,79
10/8/2001;249,87
10/9/2001;254,21
10/10/2001;257,17
10/11/2001;264,2
10/12/2001;262,86
10/15/2001;261,74
10/16/2001;264,25
10/17/2001;266,36
10/18/2001;263,37
10/19/2001;264,01
10/22/2001;265,11
10/23/2001;266,97
10/24/2001;270,25
10/25/2001;270,15
10/26/2001;271,53
10/29/2001;270,75
10/30/2001;265,63
10/31/2001;266,86
11/1/2001;268,1
11/2/2001;269,96
11/5/2001;274,96
11/6/2001;275,79
11/7/2001;275,3
11/8/2001;278,85
11/9/2001;279,98
11/12/2001;279,63
11/13/2001;283,29
11/14/2001;287,81
11/15/2001;291,45
11/16/2001;291,64
11/19/2001;296,6
11/20/2001;292,78
11/21/2001;292,88
11/22/2001;294,26
11/23/2001;297,73
11/26/2001;303,02
11/27/2001;301,8
11/28/2001;295,13
11/29/2001;293,08
11/30/2001;294,43
12/3/2001;298,39
12/4/2001;301,56
12/5/2001;310,42
12/6/2001;315,26
12/7/2001;317,15
12/10/2001;313,84
12/11/2001;312,16
12/12/2001;315,96
12/13/2001;310,69
12/14/2001;309
12/17/2001;308,82
12/18/2001;308,51
12/19/2001;308,07
12/20/2001;308,24
12/21/2001;305,38
12/24/2001;307,12
12/25/2001;308,72
12/26/2001;309,49
12/27/2001;311,75
12/28/2001;315,22
12/31/2001;317,4
1/1/2002;317,45
1/2/2002;321,94
1/3/2002;326,08
1/4/2002;332,53
1/7/2002;335,57
1/8/2002;333,19
1/9/2002;333,18
1/10/2002;328,15
1/11/2002;325,83
1/14/2002;325,55
1/15/2002;322,35
1/16/2002;318,86
1/17/2002;321,01
1/18/2002;320,6
1/21/2002;323,01
1/22/2002;322,24
1/23/2002;324,95
1/24/2002;326,33
1/25/2002;328,45
1/28/2002;329,62
1/29/2002;327,76
1/30/2002;323,1
1/31/2002;327,75
2/1/2002;327,03
2/4/2002;325,44
2/5/2002;325,78
2/6/2002;327,39
2/7/2002;324,17
2/8/2002;324,85
2/11/2002;324,32
2/12/2002;325,63
2/13/2002;327,76
2/14/2002;334,75
2/15/2002;334,42
2/18/2002;334,45
2/19/2002;330,81
2/20/2002;327,18
2/21/2002;327,04
2/22/2002;326,82
2/25/2002;327,58
2/26/2002;329,12
2/27/2002;335,04
2/28/2002;332,77
3/1/2002;336,7
3/4/2002;344,46
3/5/2002;346,27
3/6/2002;347,84
3/7/2002;346,86
3/8/2002;346,71
3/11/2002;348,52
3/12/2002;348,65
3/13/2002;347,59
3/14/2002;347,6
3/15/2002;346,7
3/18/2002;348,66
3/19/2002;349,97
3/20/2002;350,55
3/21/2002;350,01
3/22/2002;351,31
3/25/2002;348,12
3/26/2002;348,72
3/27/2002;350,75
3/28/2002;351,46
3/29/2002;351,43
4/1/2002;350,27
4/2/2002;353,63
4/3/2002;353,28
4/4/2002;352,54
4/5/2002;354,58
4/8/2002;351,76
4/9/2002;350,52
4/10/2002;350,4
4/11/2002;350,85
4/12/2002;352,31
4/15/2002;354,55
4/16/2002;357,17
4/17/2002;363,98
4/18/2002;364,08
4/19/2002;363,42
4/22/2002;363,58
4/23/2002;363,83
4/24/2002;363,58
4/25/2002;358,32
4/26/2002;358,17
4/29/2002;353,17
4/30/2002;352,84
5/1/2002;352,75
5/2/2002;352,96
5/3/2002;354,06
5/6/2002;349,23
5/7/2002;349,53
5/8/2002;354,14
5/9/2002;351,95
5/10/2002;349,25
5/13/2002;349,25
5/14/2002;352,47
5/15/2002;356,51
5/16/2002;357,14
5/17/2002;360,73
5/20/2002;357,99
5/21/2002;353,25
5/22/2002;355,83
5/23/2002;353,14
5/24/2002;356,52
5/27/2002;356,17
5/28/2002;355,14
5/29/2002;353,16
5/30/2002;351,03
5/31/2002;346,28
6/3/2002;348,06
6/4/2002;348,17
6/5/2002;346,49
6/6/2002;345,06
6/7/2002;340,31
6/10/2002;342,93
6/11/2002;341,49
6/12/2002;339,52
6/13/2002;339,68
6/14/2002;336,24
6/17/2002;335,14
6/18/2002;336,08
6/19/2002;328,73
6/20/2002;326,27
6/21/2002;324,11
6/24/2002;321,54
6/25/2002;320,68
6/26/2002;309,44
6/27/2002;313,65
6/28/2002;319,75
7/1/2002;318,64
7/2/2002;316,87
7/3/2002;316,56
7/4/2002;321,05
7/5/2002;326,21
7/8/2002;328,12
7/9/2002;331,22
7/10/2002;327,68
7/11/2002;321,35
7/12/2002;328,12
7/15/2002;326,02
7/16/2002;323,52
7/17/2002;324,74
7/18/2002;326,08
7/19/2002;321,25
7/22/2002;310,72
7/23/2002;310,28
7/24/2002;302,08
7/25/2002;302,16
7/26/2002;292,32
7/29/2002;293,44
7/30/2002;298,18
7/31/2002;294,62
8/1/2002;293,47
8/2/2002;293,25
8/5/2002;282,57
8/6/2002;280,98
8/7/2002;287,55
8/8/2002;291,46
8/9/2002;292,81
8/12/2002;292,03
8/13/2002;292,19
8/14/2002;294,77
8/15/2002;296,46
8/16/2002;298,2
8/19/2002;298,59
8/20/2002;300,66
8/21/2002;302,34
8/22/2002;303,03
8/23/2002;301,54
8/26/2002;300,98
8/27/2002;301,28
8/28/2002;297,98
8/29/2002;296,45
8/30/2002;298,89
9/2/2002;298,57
9/3/2002;293,72
9/4/2002;291,34
9/5/2002;289,56
9/6/2002;289,1
9/9/2002;290,37
9/10/2002;295,22
9/11/2002;297,64
9/12/2002;297,7
9/13/2002;292,52
9/16/2002;286,95
9/17/2002;291,52
9/18/2002;284,61
9/19/2002;282,23
9/20/2002;281,26
9/23/2002;274,73
9/24/2002;272,25
9/25/2002;269,67
9/26/2002;272,24
9/27/2002;270,7
9/30/2002;266,11
10/1/2002;269
10/2/2002;269,59
10/3/2002;268,71
10/4/2002;269,62
10/7/2002;262,68
10/8/2002;263,04
10/9/2002;259,36
10/10/2002;254,79
10/11/2002;255,98
10/14/2002;258,4
10/15/2002;265,25
10/16/2002;267,57
10/17/2002;271,95
10/18/2002;276,85
10/21/2002;276,1
10/22/2002;274,08
10/23/2002;280,03
10/24/2002;279,91
10/25/2002;279,99
10/28/2002;283,57
10/29/2002;280,27
10/30/2002;279,37
10/31/2002;283,16
11/1/2002;282,09
11/4/2002;287,65
11/5/2002;286,53
11/6/2002;290,02
11/7/2002;292,23
11/8/2002;292,75
11/11/2002;288,8
11/12/2002;287,15
11/13/2002;286,43
11/14/2002;287,24
11/15/2002;292,44
11/18/2002;293,63
11/19/2002;291,48
11/20/2002;291,42
11/21/2002;295,52
11/22/2002;297,33
11/25/2002;299,42
11/26/2002;297,28
11/27/2002;298,34
11/28/2002;299,99
11/29/2002;302,36
12/2/2002;304,42
12/3/2002;304,86
12/4/2002;300,28
12/5/2002;300,2
12/6/2002;299,28
12/9/2002;299,93
12/10/2002;297,61
12/11/2002;297,04
12/12/2002;298,99
12/13/2002;298,58
12/16/2002;297,39
12/17/2002;299,8
12/18/2002;299,44
12/19/2002;300,03
12/20/2002;301,89
12/23/2002;299,24
12/24/2002;297,13
12/25/2002;296,8
12/26/2002;297,39
12/27/2002;295,99
12/30/2002;291,95
12/31/2002;292,09
1/1/2003;292,2
1/2/2003;294,09
1/3/2003;299,98
1/6/2003;303,36
1/7/2003;301,38
1/8/2003;302,09
1/9/2003;301,4
1/10/2003;302,86
1/13/2003;307,11
1/14/2003;307,62
1/15/2003;308,01
1/16/2003;305,99
1/17/2003;301,96
1/20/2003;300,88
1/21/2003;298,36
1/22/2003;296,08
1/23/2003;297,76
1/24/2003;293,9
1/27/2003;288,79
1/28/2003;290,18
1/29/2003;289,05
1/30/2003;289,85
1/31/2003;290,44
2/3/2003;291,89
2/4/2003;291,57
2/5/2003;291,48
2/6/2003;287,81
2/7/2003;284,59
2/10/2003;282,16
2/11/2003;282,63
2/12/2003;283,76
2/13/2003;279,39
2/14/2003;279,25
2/17/2003;286,24
2/18/2003;286,82
2/19/2003;285,38
2/20/2003;285,97
2/21/2003;286,75
2/24/2003;287,92
2/25/2003;282,38
2/26/2003;281,67
2/27/2003;281,61
2/28/2003;281,29
3/3/2003;284,66
3/4/2003;281,54
3/5/2003;278,24
3/6/2003;276,21
3/7/2003;274,43
3/10/2003;271,69
3/11/2003;269,71
3/12/2003;269,71
3/13/2003;272,29
3/14/2003;275,25
3/17/2003;269,88
3/18/2003;276,83
3/19/2003;276,81
3/20/2003;281,07
3/21/2003;282,19
3/24/2003;279,26
3/25/2003;277,98
3/26/2003;278,74
3/27/2003;277,43
3/28/2003;277,32
3/31/2003;272,27
4/1/2003;273,66
4/2/2003;276,15
4/3/2003;277,75
4/4/2003;281,02
4/7/2003;287,2
4/8/2003;285,74
4/9/2003;283,49
4/10/2003;283,68
4/11/2003;284,7
4/14/2003;286,32
4/15/2003;290,74
4/16/2003;294,29
4/17/2003;294,46
4/18/2003;297,28
4/21/2003;297,38
4/22/2003;293,88
4/23/2003;294,13
4/24/2003;290,03
4/25/2003;285,77
4/28/2003;287,67
4/29/2003;294,1
4/30/2003;295,17
5/1/2003;295,29
5/2/2003;296,71
5/5/2003;299,46
5/6/2003;299,38
5/7/2003;302,19
5/8/2003;300,21
5/9/2003;302,46
5/12/2003;305,9
5/13/2003;305,68
5/14/2003;305
5/15/2003;305,23
5/16/2003;303,02
5/19/2003;300,5
5/20/2003;299,84
5/21/2003;300,25
5/22/2003;302,12
5/23/2003;307,08
5/26/2003;310,8
5/27/2003;309,11
5/28/2003;312,9
5/29/2003;314,84
5/30/2003;315,44
6/2/2003;319,47
6/3/2003;318,19
6/4/2003;319,85
6/5/2003;322,71
6/6/2003;324,48
6/9/2003;325,73
6/10/2003;325,05
6/11/2003;325,35
6/12/2003;328,98
6/13/2003;330,16
6/16/2003;331,69
6/17/2003;337,56
6/18/2003;335,59
6/19/2003;337,3
6/20/2003;336,28
6/23/2003;331,64
6/24/2003;329,68
6/25/2003;332,69
6/26/2003;332,52
6/27/2003;333,57
6/30/2003;332,68
7/1/2003;336,75
7/2/2003;341,33
7/3/2003;343,23
7/4/2003;344,82
7/7/2003;349,76
7/8/2003;351,53
7/9/2003;349,71
7/10/2003;346,82
7/11/2003;346,42
7/14/2003;353,43
7/15/2003;352,01
7/16/2003;350,35
7/17/2003;346,22
7/18/2003;344,54
7/21/2003;343,65
7/22/2003;344,92
7/23/2003;344,19
7/24/2003;347,6
7/25/2003;350,41
7/28/2003;354,46
7/29/2003;353,35
7/30/2003;351,26
7/31/2003;352,62
8/1/2003;353,23
8/4/2003;351,95
8/5/2003;350,15
8/6/2003;347,05
8/7/2003;349,72
8/8/2003;349,61
8/11/2003;352,33
8/12/2003;352,78
8/13/2003;357,54
8/14/2003;360,92
8/15/2003;362,18
8/18/2003;364,59
8/19/2003;365,88
8/20/2003;366,43
8/21/2003;371,42
8/22/2003;372,85
8/25/2003;371,34
8/26/2003;369,32
8/27/2003;371,08
8/28/2003;371,56
8/29/2003;375,52
9/1/2003;378,9
9/2/2003;378,7
9/3/2003;381,62
9/4/2003;382,8
9/5/2003;384,73
9/8/2003;386,1
9/9/2003;384,81
9/10/2003;383,48
9/11/2003;384,03
9/12/2003;383,97
9/15/2003;380,49
9/16/2003;383,68
9/17/2003;384,77
9/18/2003;384,31
9/19/2003;382,83
9/22/2003;378,86
9/23/2003;380,46
9/24/2003;383,3
9/25/2003;379,63
9/26/2003;376,66
9/29/2003;377
9/30/2003;377,63
10/1/2003;381,67
10/2/2003;387,05
10/3/2003;390,32
10/6/2003;393,78
10/7/2003;395,94
10/8/2003;398,57
10/9/2003;403,69
10/10/2003;407,88
10/13/2003;410,49
10/14/2003;408,72
10/15/2003;407,81
10/16/2003;411,61
10/17/2003;409,65
10/20/2003;411,1
10/21/2003;410,05
10/22/2003;408,94
10/23/2003;400,73
10/24/2003;400,68
10/27/2003;400,97
10/28/2003;407,08
10/29/2003;408,79
10/30/2003;409,89
10/31/2003;409,11
11/3/2003;415,49
11/4/2003;417,48
11/5/2003;417,58
11/6/2003;413,77
11/7/2003;416,47
11/10/2003;414,11
11/11/2003;409,64
11/12/2003;412,51
11/13/2003;417,6
11/14/2003;417,67
11/17/2003;410,3
11/18/2003;410,77
11/19/2003;404,27
11/20/2003;401,15
11/21/2003;403,72
11/24/2003;401,04
11/25/2003;405,5
11/26/2003;408,9
11/27/2003;408,63
11/28/2003;413,33
12/1/2003;421,29
12/2/2003;422,68
12/3/2003;423,65
12/4/2003;421,19
12/5/2003;419,68
12/8/2003;418,73
12/9/2003;423,1
12/10/2003;421,77
12/11/2003;423,51
12/12/2003;426,37
12/15/2003;429,6
12/16/2003;425,65
12/17/2003;421,97
12/18/2003;425,78
12/19/2003;427,76
12/22/2003;430,57
12/23/2003;430,64
12/24/2003;432,37
12/25/2003;432,43
12/26/2003;433,36
12/29/2003;436,3
12/30/2003;441,63
12/31/2003;442,78
1/1/2004;443,14
1/2/2004;450,7
1/5/2004;462,29
1/6/2004;460,95
1/7/2004;459,84
1/8/2004;461,86
1/9/2004;468,07
1/12/2004;467,36
1/13/2004;467,66
1/14/2004;464,13
1/15/2004;458,75
1/16/2004;459,11
1/19/2004;462,46
1/20/2004;467,07
1/21/2004;465,47
1/22/2004;465,64
1/23/2004;467,9
1/26/2004;469,77
1/27/2004;471,44
1/28/2004;468,84
1/29/2004;459,23
1/30/2004;457,19
2/2/2004;456,76
2/3/2004;457,28
2/4/2004;455,68
2/5/2004;453,64
2/6/2004;459,98
2/9/2004;467,95
2/10/2004;468,95
2/11/2004;472,08
2/12/2004;477,17
2/13/2004;480,05
2/16/2004;479,63
2/17/2004;483,69
2/18/2004;483,19
2/19/2004;478,54
2/20/2004;475,48
2/23/2004;473,38
2/24/2004;470,44
2/25/2004;470,96
2/26/2004;472,6
2/27/2004;477,73
3/1/2004;485,28
3/2/2004;488,37
3/3/2004;482,41
3/4/2004;485,45
3/5/2004;488,31
3/8/2004;486,31
3/9/2004;485,25
3/10/2004;476,34
3/11/2004;469,34
3/12/2004;466,8
3/15/2004;464,25
3/16/2004;464,57
3/17/2004;470,02
3/18/2004;474,64
3/19/2004;476,81
3/22/2004;468,37
3/23/2004;465,32
3/24/2004;465,21
3/25/2004;463,31
3/26/2004;466,63
3/29/2004;473
3/30/2004;476,44
3/31/2004;482,06
4/1/2004;485,34
4/2/2004;487,02
4/5/2004;490,44
4/6/2004;493,09
4/7/2004;494,83
4/8/2004;495,86
4/9/2004;493,89
4/12/2004;497,26
4/13/2004;494,44
4/14/2004;487,4
4/15/2004;483,5
4/16/2004;482,35
4/19/2004;481,58
4/20/2004;482,16
4/21/2004;476,9
4/22/2004;472,81
4/23/2004;478,23
4/26/2004;474,38
4/27/2004;471,37
4/28/2004;463,16
4/29/2004;449,88
4/30/2004;441,3
5/3/2004;440,68
5/4/2004;447,49
5/5/2004;446,13
5/6/2004;438,8
5/7/2004;433,52
5/10/2004;412,97
5/11/2004;415,85
5/12/2004;421,86
5/13/2004;416,96
5/14/2004;409,14
5/17/2004;395,93
5/18/2004;402,82
5/19/2004;419,5
5/20/2004;414,24
5/21/2004;419,41
5/24/2004;423,2
5/25/2004;422,51
5/26/2004;426,19
5/27/2004;433,11
5/28/2004;434,13
5/31/2004;431,26
6/1/2004;431,66
6/2/2004;430,03
6/3/2004;420,2
6/4/2004;422,33
6/7/2004;434,71
6/8/2004;434,55
6/9/2004;430,33
6/10/2004;426,69
6/11/2004;419,24
6/14/2004;412,17
6/15/2004;415,05
6/16/2004;414,91
6/17/2004;418,71
6/18/2004;417,14
6/21/2004;419,28
6/22/2004;417,53
6/23/2004;420,26
6/24/2004;427,77
6/25/2004;431,17
6/28/2004;428,74
6/29/2004;428,15
6/30/2004;432,2
7/1/2004;433,11
7/2/2004;429,97
7/5/2004;429,54
7/6/2004;429,34
7/7/2004;431,92
7/8/2004;427,05
7/9/2004;429,25
7/12/2004;430,01
7/13/2004;430,34
7/14/2004;426,38
7/15/2004;424,76
7/16/2004;428,58
7/19/2004;430,44
7/20/2004;426,46
7/21/2004;428,1
7/22/2004;423,74
7/23/2004;421,41
7/26/2004;418,51
7/27/2004;419,81
7/28/2004;419,9
7/29/2004;419,03
7/30/2004;423,14
8/2/2004;420,9
8/3/2004;421,82
8/4/2004;420,64
8/5/2004;423,86
8/6/2004;421,28
8/9/2004;422,47
8/10/2004;423,13
8/11/2004;419,25
8/12/2004;420,6
8/13/2004;421,79
8/16/2004;422,15
8/17/2004;424,02
8/18/2004;425,83
8/19/2004;432,05
8/20/2004;432,2
8/23/2004;431,6
8/24/2004;431,95
8/25/2004;433,9
8/26/2004;437,59
8/27/2004;438,12
8/30/2004;438,84
8/31/2004;439,75
9/1/2004;443,39
9/2/2004;445,47
9/3/2004;442,46
9/6/2004;444,58
9/7/2004;444,94
9/8/2004;445,63
9/9/2004;446,4
9/10/2004;450,56
9/13/2004;454,32
9/14/2004;457,67
9/15/2004;455,99
9/16/2004;460,17
9/17/2004;460,68
9/20/2004;463,51
9/21/2004;466,57
9/22/2004;462,68
9/23/2004;462,07
9/24/2004;461,29
9/27/2004;459,09
9/28/2004;460,5
9/29/2004;461,74
9/30/2004;464,15
10/1/2004;470,55
10/4/2004;480,4
10/5/2004;480,26
10/6/2004;480,4
10/7/2004;481,49
10/8/2004;481,7
10/11/2004;480,08
10/12/2004;471,92
10/13/2004;467,62
10/14/2004;464,58
10/15/2004;466,45
10/18/2004;467,23
10/19/2004;469,46
10/20/2004;463,38
10/21/2004;465,96
10/22/2004;468,15
10/25/2004;464,38
10/26/2004;465,98
10/27/2004;469,74
10/28/2004;472,46
10/29/2004;474,27
11/1/2004;475,87
11/2/2004;479
11/3/2004;485,76
11/4/2004;486,64
11/5/2004;490,35
11/8/2004;487,81
11/9/2004;489,25
11/10/2004;491,81
11/11/2004;492,52
11/12/2004;497,78
11/15/2004;501,63
11/16/2004;500,33
11/17/2004;508,05
11/18/2004;508,64
11/19/2004;505,8
11/22/2004;501,37
11/23/2004;504,49
11/24/2004;508,5
11/25/2004;510,76
11/26/2004;511,7
11/29/2004;515,04
11/30/2004;517,95
12/1/2004;518,55
12/2/2004;521,54
12/3/2004;520,82
12/6/2004;521,69
12/7/2004;518,39
12/8/2004;511,07
12/9/2004;507,14
12/10/2004;503,92
12/13/2004;507,48
12/14/2004;512,6
12/15/2004;519,15
12/16/2004;521,48
12/17/2004;520,91
12/20/2004;524,93
12/21/2004;527,49
12/22/2004;527,91
12/23/2004;530,14
12/24/2004;531,6
12/27/2004;532,81
12/28/2004;534,4
12/29/2004;536,37
12/30/2004;538,84
12/31/2004;542,17
1/3/2005;542,22
1/4/2005;532,89
1/5/2005;525,2
1/6/2005;518,25
1/7/2005;518,96
1/10/2005;519,86
1/11/2005;521,77
1/12/2005;522,25
1/13/2005;525
1/14/2005;528,16
1/17/2005;531,68
1/18/2005;528,23
1/19/2005;529,18
1/20/2005;524,32
1/21/2005;525,49
1/24/2005;527,31
1/25/2005;527,85
1/26/2005;532,79
1/27/2005;533,86
1/28/2005;535,71
1/31/2005;542,28
2/1/2005;541,82
2/2/2005;543,43
2/3/2005;546,2
2/4/2005;549,46
2/7/2005;551,27
2/8/2005;549,41
2/9/2005;551,93
2/10/2005;551,48
2/11/2005;553,84
2/14/2005;561,08
2/15/2005;562,76
2/16/2005;562,49
2/17/2005;563,98
2/18/2005;566,62
2/21/2005;567,84
2/22/2005;571,84
2/23/2005;571,27
2/24/2005;577,45
2/25/2005;581,73
2/28/2005;588,68
3/1/2005;586,9
3/2/2005;580,37
3/3/2005;582,03
3/4/2005;585,26
3/7/2005;587,48
3/8/2005;586,91
3/9/2005;587,37
3/10/2005;581,79
3/11/2005;585,03
3/14/2005;577,29
3/15/2005;567,43
3/16/2005;565,97
3/17/2005;564,08
3/18/2005;564,03
3/21/2005;559,81
3/22/2005;557,28
3/23/2005;547,41
3/24/2005;546,14
3/25/2005;548,44
3/28/2005;545,38
3/29/2005;538,63
3/30/2005;540,13
3/31/2005;548,69
4/1/2005;555,86
4/4/2005;550,39
4/5/2005;551
4/6/2005;553,59
4/7/2005;555,66
4/8/2005;555,44
4/11/2005;554,1
4/12/2005;552,83
4/13/2005;554,58
4/14/2005;543,55
4/15/2005;535,99
4/18/2005;526,39
4/19/2005;533,07
4/20/2005;534,11
4/21/2005;535,58
4/22/2005;537,62
4/25/2005;540,31
4/26/2005;542,18
4/27/2005;537,57
4/28/2005;531,23
4/29/2005;531,99
5/2/2005;533,61
5/3/2005;533,93
5/4/2005;542,89
5/5/2005;548,02
5/6/2005;550,78
5/9/2005;550,21
5/10/2005;547,23
5/11/2005;543,33
5/12/2005;540,04
5/13/2005;537,3
5/16/2005;536,59
5/17/2005;535,79
5/18/2005;540,53
5/19/2005;545,81
5/20/2005;544,38
5/23/2005;542,91
5/24/2005;544,94
5/25/2005;543,31
5/26/2005;544,15
5/27/2005;550,5
5/30/2005;552,74
5/31/2005;548,15
6/1/2005;546,59
6/2/2005;551,4
6/3/2005;555,79
6/6/2005;555,16
6/7/2005;553,76
6/8/2005;555,57
6/9/2005;552,48
6/10/2005;556,16
6/13/2005;556,73
6/14/2005;558,15
6/15/2005;562,58
6/16/2005;565,07
6/17/2005;569,96
6/20/2005;569,29
6/21/2005;567,36
6/22/2005;572,22
6/23/2005;570,31
6/24/2005;567,25
6/27/2005;565,97
6/28/2005;566,91
6/29/2005;565,45
6/30/2005;565,17
7/1/2005;568,16
7/4/2005;565,94
7/5/2005;563,17
7/6/2005;565,5
7/7/2005;562,6
7/8/2005;564,09
7/11/2005;574,18
7/12/2005;582,21
7/13/2005;583,42
7/14/2005;587,53
7/15/2005;582,83
7/18/2005;583,93
7/19/2005;586,41
7/20/2005;589,18
7/21/2005;593,23
7/22/2005;596,12
7/25/2005;595,77
7/26/2005;591,28
7/27/2005;594,09
7/28/2005;600,39
7/29/2005;602,56
8/1/2005;607,06
8/2/2005;614,64
8/3/2005;618,27
8/4/2005;618,68
8/5/2005;615,71
8/8/2005;615,76
8/9/2005;616,95
8/10/2005;622,6
8/11/2005;623,49
8/12/2005;621,3
8/15/2005;620,93
8/16/2005;617,84
8/17/2005;615,83
8/18/2005;608,15
8/19/2005;604,18
8/22/2005;612,43
8/23/2005;609,62
8/24/2005;604,27
8/25/2005;605,42
8/26/2005;604,76
8/29/2005;599,37
8/30/2005;600,45
8/31/2005;606,23
9/1/2005;616,83
9/2/2005;624
9/5/2005;624,86
9/6/2005;626,47
9/7/2005;628,17
9/8/2005;629,6
9/9/2005;633,59
9/12/2005;635,83
9/13/2005;633,52
9/14/2005;635,55
9/15/2005;637,86
9/16/2005;640,21
9/19/2005;642,73
9/20/2005;647,17
9/21/2005;650,73
9/22/2005;645,64
9/23/2005;640,73
9/26/2005;645,35
9/27/2005;647,89
9/28/2005;650,42
9/29/2005;655,74
9/30/2005;661,32
10/3/2005;661,51
10/4/2005;663,75
10/5/2005;652,81
10/6/2005;637,24
10/7/2005;637,9
10/10/2005;642,57
10/11/2005;646,35
10/12/2005;636,78
10/13/2005;622,37
10/14/2005;618,36
10/17/2005;621,44
10/18/2005;616,36
10/19/2005;603,73
10/20/2005;605,67
10/21/2005;607,83
10/24/2005;612,86
10/25/2005;612,86
10/26/2005;615,59
10/27/2005;608,02
10/28/2005;605,69
10/31/2005;617,41
11/1/2005;626,6
11/2/2005;634,65
11/3/2005;639,35
11/4/2005;637,38
11/7/2005;636,94
11/8/2005;635,83
11/9/2005;640,54
11/10/2005;641,59
11/11/2005;646,64
11/14/2005;647,82
11/15/2005;645,46
11/16/2005;648,71
11/17/2005;654,86
11/18/2005;657,74
11/21/2005;658,81
11/22/2005;653,12
11/23/2005;663,99
11/24/2005;666,58
11/25/2005;667,16
11/28/2005;668,24
11/29/2005;665,58
11/30/2005;667,99
12/1/2005;672,36
12/2/2005;679,1
12/5/2005;682,63
12/6/2005;687,52
12/7/2005;689,09
12/8/2005;684,81
12/9/2005;683,73
12/12/2005;688,56
12/13/2005;691,38
12/14/2005;692,13
12/15/2005;690,19
12/16/2005;689,64
12/19/2005;693,92
12/20/2005;693,5
12/21/2005;699,04
12/22/2005;700,08
12/23/2005;703,32
12/26/2005;703,16
12/27/2005;705,77
12/28/2005;701,81
12/29/2005;707,68
12/30/2005;706,48
1/2/2006;707,01
1/3/2006;721,13
1/4/2006;734,94
1/5/2006;737,87
1/6/2006;744,63
1/9/2006;751,99
1/10/2006;748,98
1/11/2006;753,24
1/12/2006;757,38
1/13/2006;756,75
1/16/2006;761,85
1/17/2006;751,47
1/18/2006;738,7
1/19/2006;753,54
1/20/2006;754,22
1/23/2006;752,09
1/24/2006;762,14
1/25/2006;769,91
1/26/2006;772,46
1/27/2006;779,37
1/30/2006;778,35
1/31/2006;783,77
2/1/2006;786,12
2/2/2006;778,76
2/3/2006;767,59
2/6/2006;779,61
2/7/2006;773,41
2/8/2006;761,18
2/9/2006;768,86
2/10/2006;771,21
2/13/2006;760,64
2/14/2006;761,94
2/15/2006;762,25
2/16/2006;768,46
2/17/2006;778,56
2/20/2006;785,28
2/21/2006;782,51
2/22/2006;779,07
2/23/2006;784,88
2/24/2006;786,06
2/27/2006;790,32
2/28/2006;782,11
3/1/2006;787,23
3/2/2006;791,85
3/3/2006;784,85
3/6/2006;781,97
3/7/2006;758,38
3/8/2006;749,47
3/9/2006;749,97
3/10/2006;752,45
3/13/2006;762,19
3/14/2006;763,59
3/15/2006;773,78
3/16/2006;778,65
3/17/2006;782,39
3/20/2006;784,61
3/21/2006;776,37
3/22/2006;770,53
3/23/2006;772,57
3/24/2006;774,14
3/27/2006;777,99
3/28/2006;771,46
3/29/2006;772,32
3/30/2006;783,83
3/31/2006;787,8
4/3/2006;801,69
4/4/2006;808,46
4/5/2006;812,06
4/6/2006;817,21
4/7/2006;814,06
4/10/2006;810,84
4/11/2006;807,73
4/12/2006;803,92
4/13/2006;803,62
4/14/2006;809,06
4/17/2006;816,37
4/18/2006;827,79
4/19/2006;838,24
4/20/2006;839,73
4/21/2006;843,6
4/24/2006;840,73
4/25/2006;836,4
4/26/2006;844,86
4/27/2006;839,48
4/28/2006;841,58
5/1/2006;845,02
5/2/2006;856,8
5/3/2006;860,24
5/4/2006;864,63
5/5/2006;870,38
5/8/2006;881,51
5/9/2006;881,24
5/10/2006;879,34
5/11/2006;873,29
5/12/2006;856,95
5/15/2006;820,11
5/16/2006;817,37
5/17/2006;816,15
5/18/2006;791,7
5/19/2006;786,47
5/22/2006;750,01
5/23/2006;763,24
5/24/2006;748,69
5/25/2006;751,03
5/26/2006;769,7
5/29/2006;773,74
5/30/2006;757,5
5/31/2006;751
6/1/2006;751,87
6/2/2006;767,11
6/5/2006;759,54
6/6/2006;743,98
6/7/2006;726,3
6/8/2006;697,33
6/9/2006;706,1
6/12/2006;695,1
6/13/2006;665,27
6/14/2006;673,3
6/15/2006;688,87
6/16/2006;706,75
6/19/2006;701,94
6/20/2006;692,96
6/21/2006;698,41
6/22/2006;702,82
6/23/2006;699,76
6/26/2006;699,85
6/27/2006;706,51
6/28/2006;708,37
6/29/2006;723,52
6/30/2006;747,54
7/3/2006;759,05
7/4/2006;762,89
7/5/2006;745,81
7/6/2006;749,57
7/7/2006;751,51
7/10/2006;755,98
7/11/2006;752,8
7/12/2006;752,7
7/13/2006;734,56
7/14/2006;722,67
7/17/2006;710,33
7/18/2006;711,65
7/19/2006;722,12
7/20/2006;734,99
7/21/2006;729,88
7/24/2006;731,34
7/25/2006;739,41
7/26/2006;740,47
7/27/2006;755,89
7/28/2006;755,4
7/31/2006;755,84
8/1/2006;748,66
8/2/2006;756,12
8/3/2006;756,69
8/4/2006;763,4
8/7/2006;760,83
8/8/2006;764,79
8/9/2006;772,14
8/10/2006;767,98
8/11/2006;768,47
8/14/2006;766,58
8/15/2006;769,3
8/16/2006;780,41
8/17/2006;783,47
8/18/2006;777,22
8/21/2006;772
8/22/2006;776,54
8/23/2006;769,95
8/24/2006;764,88
8/25/2006;766
8/28/2006;765,63
8/29/2006;771,03
8/30/2006;776,86
8/31/2006;773,12
9/1/2006;778,57
9/4/2006;789,96
9/5/2006;789,34
9/6/2006;780,72
9/7/2006;770,73
9/8/2006;770,11
9/11/2006;754,72
9/12/2006;759,73
9/13/2006;767,25
9/14/2006;769,13
9/15/2006;771,51
9/18/2006;782,27
9/19/2006;781,7
9/20/2006;777,83
9/21/2006;774,48
9/22/2006;764,86
9/25/2006;762,84
9/26/2006;768,1
9/27/2006;776,01
9/28/2006;780,55
9/29/2006;778,16
10/2/2006;781,09
10/3/2006;775,75
10/4/2006;774,38
10/5/2006;784,87
10/6/2006;783,79
10/9/2006;782,43
10/10/2006;786,23
10/11/2006;785,83
10/12/2006;790,49
10/13/2006;803,67
10/16/2006;808,57
10/17/2006;803,1
10/18/2006;806,01
10/19/2006;807,48
10/20/2006;807,13
10/23/2006;804,16
10/24/2006;807,24
10/25/2006;811,65
10/26/2006;816,6
10/27/2006;814,83
10/30/2006;806,16
10/31/2006;814,44
11/1/2006;822,12
11/2/2006;821,25
11/3/2006;826,91
11/6/2006;831,61
11/7/2006;838,02
11/8/2006;835,99
11/9/2006;842,1
11/10/2006;842,7
11/13/2006;840,78
11/14/2006;847,9
11/15/2006;848,24
11/16/2006;851,17
11/17/2006;843,76
11/20/2006;844,1
11/21/2006;850,76
11/22/2006;859,93
11/23/2006;861,55
11/24/2006;862,97
11/27/2006;863,13
11/28/2006;853,03
11/29/2006;866,53
11/30/2006;874,08
12/1/2006;875,71
12/4/2006;879,31
12/5/2006;888,38
12/6/2006;891,28
12/7/2006;891,42
12/8/2006;885,44
12/11/2006;881,67
12/12/2006;875,41
12/13/2006;876,02
12/14/2006;886,75
12/15/2006;891,64
12/18/2006;895,31
12/19/2006;881,43
12/20/2006;892,43
12/21/2006;892,77
12/22/2006;892,95
12/25/2006;891,75
12/26/2006;893,42
12/27/2006;905,33
12/28/2006;910,19
12/29/2006;912,65
1/1/2007;912,77
1/2/2007;926,18
1/3/2007;920,77
1/4/2007;906,71
1/5/2007;893,96
1/8/2007;888,97
1/9/2007;877,59
1/10/2007;867,13
1/11/2007;873,86
1/12/2007;884,53
1/15/2007;896,71
1/16/2007;895,05
1/17/2007;893,71
1/18/2007;896,85
1/19/2007;896,78
1/22/2007;903,7
1/23/2007;905,81
1/24/2007;915,88
1/25/2007;912,78
1/26/2007;901,99
1/29/2007;894,71
1/30/2007;899,42
1/31/2007;901,48
2/1/2007;912,68
2/2/2007;919,62
2/5/2007;922,04
2/6/2007;928,65
2/7/2007;928,6
2/8/2007;924,93
2/9/2007;924,16
2/12/2007;911,84
2/13/2007;915,24
2/14/2007;928,43
2/15/2007;935,21
2/16/2007;937,11
2/19/2007;939,21
2/20/2007;936,43
2/21/2007;937,59
2/22/2007;943,88
2/23/2007;940,24
2/26/2007;940,41
2/27/2007;911,53
2/28/2007;895,54
3/1/2007;882,15
3/2/2007;877,6
3/5/2007;844,18
3/6/2007;864,71
3/7/2007;866,25
3/8/2007;882,69
3/9/2007;889,33
3/12/2007;895,37
3/13/2007;888,88
3/14/2007;872,26
3/15/2007;883,82
3/16/2007;882,88
3/19/2007;893,74
3/20/2007;898,41
3/21/2007;909,22
3/22/2007;921,66
3/23/2007;923,44
3/26/2007;925,35
3/27/2007;922,04
3/28/2007;913,77
3/29/2007;924,67
3/30/2007;929,03
4/2/2007;928,13
4/3/2007;937,11
4/4/2007;947,44
4/5/2007;950,29
4/6/2007;950,45
4/9/2007;956,9
4/10/2007;960,33
4/11/2007;963,62
4/12/2007;963,34
4/13/2007;968,99
4/16/2007;980,67
4/17/2007;978,44
4/18/2007;975,68
4/19/2007;964,33
4/20/2007;979,57
4/23/2007;980,86
4/24/2007;980,16
4/25/2007;982,72
4/26/2007;983,51
4/27/2007;975,81
4/30/2007;969,93
5/1/2007;969,15
5/2/2007;975,12
5/3/2007;986,5
5/4/2007;995,29
5/7/2007;999,54
5/8/2007;993,15
5/9/2007;998,77
5/10/2007;993,9
5/11/2007;990,84
5/14/2007;998,01
5/15/2007;992,52
5/16/2007;1003,9
5/17/2007;1003,16
5/18/2007;1005,71
5/21/2007;1014,06
5/22/2007;1017,43
5/23/2007;1015,96
5/24/2007;1003,4
5/25/2007;1004,87
5/28/2007;1008,01
5/29/2007;1006,1
5/30/2007;999,32
5/31/2007;1014,79
6/1/2007;1031,52
6/4/2007;1034,45
6/5/2007;1035,55
6/6/2007;1024,03
6/7/2007;1019,64
6/8/2007;1006,86
6/11/2007;1014,24
6/12/2007;1014,13
6/13/2007;1015,26
6/14/2007;1036,43
6/15/2007;1049,36
6/18/2007;1061,79
6/19/2007;1061,79
6/20/2007;1064,28
6/21/2007;1066,99
6/22/2007;1064,22
6/25/2007;1057,32
6/26/2007;1051,1
6/27/2007;1045
6/28/2007;1056,39
6/29/2007;1059,69
7/2/2007;1072,89
7/3/2007;1088,94
7/4/2007;1095,53
7/5/2007;1097,32
7/6/2007;1105,99
7/9/2007;1119,3
7/10/2007;1116,29
7/11/2007;1113,77
7/12/2007;1130,17
7/13/2007;1146,12
7/16/2007;1140,3
7/17/2007;1140,11
7/18/2007;1132,2
7/19/2007;1144,11
7/20/2007;1151,04
7/23/2007;1163,13
7/24/2007;1156,68
7/25/2007;1147,59
7/26/2007;1121,38
7/27/2007;1085,33
7/30/2007;1094,58
7/31/2007;1112,77
8/1/2007;1074,65
8/2/2007;1080,9
8/3/2007;1080,33
8/6/2007;1058,72
8/7/2007;1063,42
8/8/2007;1093,45
8/9/2007;1079,36
8/10/2007;1043,57
8/13/2007;1054,14
8/14/2007;1038,97
8/15/2007;1014,01
8/16/2007;956,86
8/17/2007;957,96
8/20/2007;993,69
8/21/2007;991,87
8/22/2007;1017,42
8/23/2007;1035,28
8/24/2007;1039,79
8/27/2007;1059,35
8/28/2007;1050,4
8/29/2007;1047,95
8/30/2007;1061,67
8/31/2007;1086,98
9/3/2007;1091,95
9/4/2007;1090,91
9/5/2007;1085,15
9/6/2007;1093,9
9/7/2007;1088,49
9/10/2007;1075,4
9/11/2007;1087,93
9/12/2007;1089,75
9/13/2007;1101,36
9/14/2007;1107,74
9/17/2007;1098,63
9/18/2007;1108,01
9/19/2007;1145,65
9/20/2007;1153,68
9/21/2007;1161,14
9/24/2007;1174,71
9/25/2007;1170,09
9/26/2007;1181,42
9/27/2007;1202,89
9/28/2007;1204,9
10/1/2007;1218,05
10/2/2007;1244,23
10/3/2007;1233,37
10/4/2007;1226,06
10/5/2007;1246,04
10/8/2007;1250,18
10/9/2007;1260,52
10/10/2007;1271,44
10/11/2007;1289,46
10/12/2007;1276,5
10/15/2007;1290,46
10/16/2007;1274,63
10/17/2007;1279,87
10/18/2007;1279,07
10/19/2007;1263,26
10/22/2007;1234,29
10/23/2007;1268,7
10/24/2007;1265,33
10/25/2007;1284
10/26/2007;1311,52
10/29/2007;1338,49
10/30/2007;1331,97
10/31/2007;1337,45
11/1/2007;1327,89
11/2/2007;1310,15
11/5/2007;1286,14
11/6/2007;1304,68
11/7/2007;1303,26
11/8/2007;1282,06
11/9/2007;1278,03
11/12/2007;1232
11/13/2007;1240,25
11/14/2007;1279,91
11/15/2007;1264,67
11/16/2007;1245,8
11/19/2007;1227,05
11/20/2007;1228,45
11/21/2007;1188,45
11/22/2007;1185,38
11/23/2007;1186,06
11/26/2007;1200,94
11/27/2007;1187,93
11/28/2007;1203,67
11/29/2007;1226,75
11/30/2007;1242,06
12/3/2007;1243,17
12/4/2007;1246,81
12/5/2007;1269,44
12/6/2007;1280,52
12/7/2007;1282,74
12/10/2007;1276,9
12/11/2007;1279,18
12/12/2007;1272,12
12/13/2007;1242,3
12/14/2007;1224,65
12/17/2007;1183,93
12/18/2007;1189,49
12/19/2007;1197,03
12/20/2007;1196
12/21/2007;1215,99
12/24/2007;1237,68
12/25/2007;1237,9
12/26/2007;1243,66
12/27/2007;1248,52
12/28/2007;1247,07
12/31/2007;1245,59
1/1/2008;1245,95
1/2/2008;1235,23
1/3/2008;1227,51
1/4/2008;1225,03
1/7/2008;1207,47
1/8/2008;1220,31
1/9/2008;1227
1/10/2008;1221,29
1/11/2008;1213,7
1/14/2008;1218
1/15/2008;1196,16
1/16/2008;1147,47
1/17/2008;1140,76
1/18/2008;1136,25
1/21/2008;1069,83
1/22/2008;1041,06
1/23/2008;1055,18
1/24/2008;1083,34
1/25/2008;1111,14
1/28/2008;1087,71
1/29/2008;1102,82
1/30/2008;1091,35
1/31/2008;1088,72
2/1/2008;1120
2/4/2008;1142,47
2/5/2008;1127,76
2/6/2008;1104,86
2/7/2008;1095,5
2/8/2008;1095,37
2/11/2008;1084,16
2/12/2008;1101,26
2/13/2008;1111,51
2/14/2008;1135,79
2/15/2008;1133,82
2/18/2008;1141,7
2/19/2008;1153,72
2/20/2008;1139,53
2/21/2008;1154,56
2/22/2008;1150,3
2/25/2008;1161,46
2/26/2008;1172,3
2/27/2008;1190,89
2/28/2008;1192,04
2/29/2008;1167,66
3/3/2008;1144,87
3/4/2008;1136,2
3/5/2008;1142,17
3/6/2008;1144,28
3/7/2008;1117,5
3/10/2008;1093,94
3/11/2008;1118,4
3/12/2008;1131,16
3/13/2008;1099,82
3/14/2008;1092,54
3/17/2008;1044,63
3/18/2008;1065,17
3/19/2008;1065,94
3/20/2008;1045,94
3/21/2008;1052,01
3/24/2008;1072,74
3/25/2008;1104,35
3/26/2008;1107,6
3/27/2008;1106,66
3/28/2008;1112,76
3/31/2008;1104,58
4/1/2008;1113,77
4/2/2008;1137,69
4/3/2008;1142,9
4/4/2008;1145,21
4/7/2008;1160,63
4/8/2008;1153,56
4/9/2008;1150,37
4/10/2008;1158,78
4/11/2008;1160,36
4/14/2008;1145,26
4/15/2008;1150,83
4/16/2008;1164,99
4/17/2008;1174,26
4/18/2008;1175,85
4/21/2008;1187
4/22/2008;1189,74
4/23/2008;1192,1
4/24/2008;1187,15
4/25/2008;1189,01
4/28/2008;1194,38
4/29/2008;1180,17
4/30/2008;1191,53
5/1/2008;1192,83
5/2/2008;1207,46
5/5/2008;1209,8
5/6/2008;1215,43
5/7/2008;1206,03
5/8/2008;1196,44
5/9/2008;1188,61
5/12/2008;1194,11
5/13/2008;1205,59
5/14/2008;1207,58
5/15/2008;1221,4
5/16/2008;1240,31
5/19/2008;1249,73
5/20/2008;1233,67
5/21/2008;1233,11
5/22/2008;1221,95
5/23/2008;1207,96
5/26/2008;1193,38
5/27/2008;1191,98
5/28/2008;1195,46
5/29/2008;1201,86
5/30/2008;1210,04
6/2/2008;1207,75
6/3/2008;1190,64
6/4/2008;1173,46
6/5/2008;1184,5
6/6/2008;1182,84
6/9/2008;1167,55
6/10/2008;1138,08
6/11/2008;1131,43
6/12/2008;1123,12
6/13/2008;1120,03
6/16/2008;1132,98
6/17/2008;1143,87
6/18/2008;1138,79
6/19/2008;1126,75
6/20/2008;1110,48
6/23/2008;1099,7
6/24/2008;1091,56
6/25/2008;1106,21
6/26/2008;1099,71
6/27/2008;1084,79
6/30/2008;1087,12
7/1/2008;1068,75
7/2/2008;1057,15
7/3/2008;1033,48
7/4/2008;1030,32
7/7/2008;1038,29
7/8/2008;1022,61
7/9/2008;1036,97
7/10/2008;1036,53
7/11/2008;1043
7/14/2008;1043,04
7/15/2008;1016,17
7/16/2008;1015,9
7/17/2008;1031,4
7/18/2008;1022,16
7/21/2008;1041,5
7/22/2008;1035,64
7/23/2008;1049,92
7/24/2008;1042,77
7/25/2008;1024,52
7/28/2008;1024,4
7/29/2008;1015,79
7/30/2008;1038,96
7/31/2008;1041,86
8/1/2008;1029,81
8/4/2008;1008,34
8/5/2008;999,5
8/6/2008;1012,18
8/7/2008;1008,14
8/8/2008;990,02
8/11/2008;990,59
8/12/2008;982,52
8/13/2008;973,88
8/14/2008;983,94
8/15/2008;971,89
8/18/2008;960,07
8/19/2008;942,88
8/20/2008;961,47
8/21/2008;957,14
8/22/2008;956,22
8/25/2008;950,25
8/26/2008;938,5
8/27/2008;953,74
8/28/2008;956,96
8/29/2008;956,25
9/1/2008;934,63
9/2/2008;928,6
9/3/2008;911,96
9/4/2008;893,27
9/5/2008;873,68
9/8/2008;902,5
9/9/2008;868,58
9/10/2008;858,94
9/11/2008;839,81
9/12/2008;855,47
9/15/2008;825,35
9/16/2008;784,61
9/17/2008;768,92
9/18/2008;767,84
9/19/2008;845,56
9/22/2008;854,48
9/23/2008;830,32
9/24/2008;831,3
9/25/2008;838,29
9/26/2008;823,69
9/29/2008;775,06
9/30/2008;786,92
10/1/2008;786,17
10/2/2008;759,5
10/3/2008;741,73
10/6/2008;671,18
10/7/2008;659,09
10/8/2008;605,84
10/9/2008;618,9
10/10/2008;591,9
10/13/2008;635,66
10/14/2008;673,75
10/15/2008;623,3
10/16/2008;576,5
10/17/2008;567,92
10/20/2008;590,59
10/21/2008;580,2
10/22/2008;534,69
10/23/2008;514,29
10/24/2008;473,98
10/27/2008;454,34
10/28/2008;484,93
10/29/2008;507,55
10/30/2008;561,34
10/31/2008;570,52
11/3/2008;584,36
11/4/2008;603,14
11/5/2008;600,18
11/6/2008;557,66
11/7/2008;564,76
11/10/2008;583,02
11/11/2008;555,62
11/12/2008;533,49
11/13/2008;524,12
11/14/2008;530,28
11/17/2008;520,1
11/18/2008;500,48
11/19/2008;489,59
11/20/2008;464,31
11/21/2008;467,63
11/24/2008;485,52
11/25/2008;500,37
11/26/2008;513,26
11/27/2008;525,95
11/28/2008;526,97
12/1/2008;513,39
12/2/2008;501,23
12/3/2008;503,38
12/4/2008;501,77
12/5/2008;497,51
12/8/2008;537,09
12/9/2008;537,55
12/10/2008;562,44
12/11/2008;568,89
12/12/2008;551,71
12/15/2008;562,67
12/16/2008;571,85
12/17/2008;586,15
12/18/2008;590,3
12/19/2008;582,06
12/22/2008;567,34
12/23/2008;555,82
12/24/2008;553,68
12/25/2008;552,45
12/26/2008;551,58
12/29/2008;557,47
12/30/2008;565,78
12/31/2008;567,04
1/1/2009;568,21
1/2/2009;580,96
1/5/2009;598,94
1/6/2009;607,4
1/7/2009;595,21
1/8/2009;578,4
1/9/2009;571,25
1/12/2009;553,22
1/13/2009;550,89
1/14/2009;542,85
1/15/2009;526,64
1/16/2009;537,84
1/19/2009;533,84
1/20/2009;517,54
1/21/2009;515,16
1/22/2009;514,36
1/23/2009;507,29
1/26/2009;515,88
1/27/2009;518,93
1/28/2009;533,11
1/29/2009;532,18
1/30/2009;529,53
2/2/2009;517,14
2/3/2009;525,35
2/4/2009;535,97
2/5/2009;536,57
2/6/2009;557,53
2/9/2009;564,81
2/10/2009;561,38
2/11/2009;553,54
2/12/2009;542,69
2/13/2009;554,31
2/16/2009;547,55
2/17/2009;520,87
2/18/2009;516,33
2/19/2009;521,4
2/20/2009;502,51
2/23/2009;510,14
2/24/2009;502,74
2/25/2009;505,42
2/26/2009;505,84
2/27/2009;499,3
3/2/2009;475,08
3/3/2009;476,16
3/4/2009;493,47
3/5/2009;488,15
3/6/2009;488,31
3/9/2009;485,29
3/10/2009;502,7
3/11/2009;512,5
3/12/2009;515,97
3/13/2009;527,98
3/16/2009;539,66
3/17/2009;541,92
3/18/2009;543,88
3/19/2009;557,46
3/20/2009;552,99
3/23/2009;579,31
3/24/2009;581,51
3/25/2009;587,45
3/26/2009;599,73
3/27/2009;591,32
3/30/2009;561,46
3/31/2009;569,97
4/1/2009;580,76
4/2/2009;613,07
4/3/2009;617,11
4/6/2009;623,03
4/7/2009;615,89
4/8/2009;610,22
4/9/2009;632,63
4/10/2009;636,04
4/13/2009;640,6
4/14/2009;645,56
4/15/2009;643,86
4/16/2009;648,39
4/17/2009;643,4
4/20/2009;633,48
4/21/2009;627,24
4/22/2009;629,23
4/23/2009;639,75
4/24/2009;647,84
4/27/2009;633,52
4/28/2009;623,72
4/29/2009;645,56
4/30/2009;662,73
5/1/2009;662,83
5/4/2009;700,99
5/5/2009;704,29
5/6/2009;712,05
5/7/2009;714,91
5/8/2009;725,13
5/11/2009;723,58
5/12/2009;721,13
5/13/2009;709,87
5/14/2009;699,39
5/15/2009;707,93
5/18/2009;728,49
5/19/2009;745,82
5/20/2009;756,07
5/21/2009;740,96
5/22/2009;746,42
5/25/2009;747,09
5/26/2009;739,62
5/27/2009;754,18
5/28/2009;761,74
5/29/2009;773,12
6/1/2009;802,21
6/2/2009;795,59
6/3/2009;784,22
6/4/2009;781,76
6/5/2009;786,96
6/8/2009;772,25
6/9/2009;771,18
6/10/2009;789,13
6/11/2009;791,03
6/12/2009;790,19
6/15/2009;769,94
6/16/2009;764,63
6/17/2009;749,02
6/18/2009;743,72
6/19/2009;750,47
6/22/2009;736,48
6/23/2009;723,72
6/24/2009;741,8
6/25/2009;750,22
6/26/2009;761,92
6/29/2009;764,68
6/30/2009;761,3
7/1/2009;773,07
7/2/2009;766,14
7/3/2009;766,32
7/6/2009;751,34
7/7/2009;750,72
7/8/2009;739,45
7/9/2009;741,75
7/10/2009;736,02
7/13/2009;723,05
7/14/2009;739,58
7/15/2009;766,05
7/16/2009;773,41
7/17/2009;782,68
7/20/2009;807,02
7/21/2009;810,46
7/22/2009;806,55
7/23/2009;822,11
7/24/2009;823,71
7/27/2009;833,66
7/28/2009;836,59
7/29/2009;822,44
7/30/2009;833,54
7/31/2009;844,02
8/3/2009;864,73
8/4/2009;860,62
8/5/2009;854,54
8/6/2009;855,52
8/7/2009;852,93
8/10/2009;854,78
8/11/2009;844,9
8/12/2009;840,24
8/13/2009;855,64
8/14/2009;852,74
8/17/2009;819,83
8/18/2009;825,19
8/19/2009;822,86
8/20/2009;837,12
8/21/2009;845,51
8/24/2009;861,37
8/25/2009;858,26
8/26/2009;851,88
8/27/2009;843,99
8/28/2009;851,46
8/31/2009;839,46
9/1/2009;842,11
9/2/2009;831,04
9/3/2009;840,99
9/4/2009;853,32
9/7/2009;864,98
9/8/2009;880,79
9/9/2009;879,94
9/10/2009;887,05
9/11/2009;894,3
9/14/2009;884,59
9/15/2009;894
9/16/2009;913,51
9/17/2009;919,89
9/18/2009;918,9
9/21/2009;910,71
9/22/2009;922,31
9/23/2009;918,56
9/24/2009;908,13
9/25/2009;908,07
9/28/2009;904,54
9/29/2009;913,19
9/30/2009;914,05
10/1/2009;911,26
10/2/2009;901,39
10/5/2009;907,02
10/6/2009;925,95
10/7/2009;928,89
10/8/2009;939,91
10/9/2009;946,29
10/12/2009;950,34
10/13/2009;950,99
10/14/2009;972,1
10/15/2009;975,79
10/16/2009;966,04
10/19/2009;976,97
10/20/2009;972,19
10/21/2009;968,28
10/22/2009;961,45
10/23/2009;967,95
10/26/2009;966,42
10/27/2009;946,95
10/28/2009;916,64
10/29/2009;921,34
10/30/2009;914,26
11/2/2009;911,16
11/3/2009;903,46
11/4/2009;926,14
11/5/2009;930,09
11/6/2009;936,36
11/9/2009;959,66
11/10/2009;963,09
11/11/2009;972,09
11/12/2009;958,88
11/13/2009;962,51
11/16/2009;982,43
11/17/2009;980,41
11/18/2009;981,79
11/19/2009;968,46
11/20/2009;965,08
11/23/2009;977,2
11/24/2009;972,18
11/25/2009;978,65
11/26/2009;957,98
11/27/2009;941,01
11/30/2009;953,13
12/1/2009;973,31
12/2/2009;981,57
12/3/2009;986,07
12/4/2009;983,32
12/7/2009;980,34
12/8/2009;969,19
12/9/2009;962,6
12/10/2009;965,26
12/11/2009;972,79
12/14/2009;979,21
12/15/2009;975,01
12/16/2009;973,42
12/17/2009;954,93
12/18/2009;950,21
12/21/2009;946,42
12/22/2009;953,92
12/23/2009;964,41
12/24/2009;973,86
12/25/2009;974,19
12/28/2009;981,14
12/29/2009;980,58
12/30/2009;980,61
12/31/2009;989,47
1/1/2010;989,47
1/4/2010;1004,51
1/5/2010;1015,26
1/6/2010;1021,75
1/7/2010;1014,42
1/8/2010;1016,41
1/11/2010;1028,07
1/12/2010;1021,18
1/13/2010;1012,09
1/14/2010;1013,29
1/15/2010;1010,77
1/18/2010;1012,55
1/19/2010;1013,41
1/20/2010;997,49
1/21/2010;981,17
1/22/2010;963,85
1/25/2010;959,06
1/26/2010;938,06
1/27/2010;928,71
1/28/2010;940,07
1/29/2010;933,59
2/1/2010;934,22
2/2/2010;940,43
2/3/2010;952,26
2/4/2010;926,41
2/5/2010;897,7
2/8/2010;894,07
2/9/2010;908,67
2/10/2010;912,49
2/11/2010;922,91
2/12/2010;921,75
2/15/2010;924,73
2/16/2010;932,55
2/17/2010;945,09
2/18/2010;943,11
2/19/2010;933,35
2/22/2010;943,3
2/23/2010;940,21
2/24/2010;933,23
2/25/2010;922,93
2/26/2010;935,93
3/1/2010;947,9
3/2/2010;959,66
3/3/2010;966,43
3/4/2010;961,34
3/5/2010;974,92
3/8/2010;986,08
3/9/2010;986,15
3/10/2010;993,44
3/11/2010;989,83
3/12/2010;992,68
3/15/2010;983,04
3/16/2010;991,48
3/17/2010;1005,77
3/18/2010;1001,51
3/19/2010;997,94
3/22/2010;989,93
3/23/2010;994,12
3/24/2010;992
3/25/2010;989,95
3/26/2010;993,08
3/29/2010;1003,67
3/30/2010;1009,33
3/31/2010;1010,33
4/1/2010;1027,27
4/2/2010;1028,54
4/5/2010;1036,62
4/6/2010;1039,27
4/7/2010;1042,99
4/8/2010;1036,31
4/9/2010;1044
4/12/2010;1041,38
4/13/2010;1033,81
4/14/2010;1046,44
4/15/2010;1047,51
4/16/2010;1032,08
4/19/2010;1011,29
4/20/2010;1022,86
4/21/2010;1026,89
4/22/2010;1020,67
4/23/2010;1024,07
4/26/2010;1035,22
4/27/2010;1020,24
4/28/2010;1005,27
4/29/2010;1014,08
4/30/2010;1020,03
5/3/2010;1008,31
5/4/2010;990,64
5/5/2010;970,24
5/6/2010;948,54
5/7/2010;927,04
5/10/2010;967,23
5/11/2010;958,83
5/12/2010;968
5/13/2010;975,56
5/14/2010;959,81
5/17/2010;939,74
5/18/2010;939,78
5/19/2010;910,55
5/20/2010;882,42
5/21/2010;886,66
5/24/2010;891,5
5/25/2010;855,52
5/26/2010;883,18
5/27/2010;904,18
5/28/2010;917,05
5/31/2010;926,4
6/1/2010;907,13
6/2/2010;908,55
6/3/2010;924,67
6/4/2010;913,49
6/7/2010;889,66
6/8/2010;891,12
6/9/2010;895,21
6/10/2010;906,98
6/11/2010;917,18
6/14/2010;930,3
6/15/2010;937,68
6/16/2010;943,36
6/17/2010;947,2
6/18/2010;953,48
6/21/2010;978,59
6/22/2010;967,61
6/23/2010;960,21
6/24/2010;952,13
6/25/2010;947,56
6/28/2010;951,81
6/29/2010;924,81
6/30/2010;917,99
7/1/2010;909,3
7/2/2010;913,55
7/5/2010;913,11
7/6/2010;930,46
7/7/2010;930,2
7/8/2010;940,75
7/9/2010;951,85
7/12/2010;952,49
7/13/2010;957,22
7/14/2010;961,51
7/15/2010;957,14
7/16/2010;948,92
7/19/2010;945,06
7/20/2010;953,68
7/21/2010;964,65
7/22/2010;973,39
7/23/2010;981,42
7/26/2010;985,48
7/27/2010;991,04
7/28/2010;991,29
7/29/2010;993,84
7/30/2010;991,41
8/2/2010;1012,94
8/3/2010;1009,67
8/4/2010;1011,48
8/5/2010;1011,72
8/6/2010;1010,95
8/9/2010;1015,99
8/10/2010;1001,7
8/11/2010;982,23
8/12/2010;976,18
8/13/2010;980,47
8/16/2010;985,24
8/17/2010;993,79
8/18/2010;994,1
8/19/2010;994,25
8/20/2010;988,16
8/23/2010;986,3
8/24/2010;973,58
8/25/2010;962,64
8/26/2010;966,05
8/27/2010;970,04
8/30/2010;972,29
8/31/2010;970,05
9/1/2010;989,76
9/2/2010;995,28
9/3/2010;1003,75
9/6/2010;1011,73
9/7/2010;1006,14
9/8/2010;1004,55
9/9/2010;1009,09
9/10/2010;1012,98
9/13/2010;1033,64
9/14/2010;1035,51
9/15/2010;1038,11
9/16/2010;1031,06
9/17/2010;1035,94
9/20/2010;1044,18
9/21/2010;1043,95
9/22/2010;1047,95
9/23/2010;1047,16
9/24/2010;1053,27
9/27/2010;1061,57
9/28/2010;1061,32
9/29/2010;1070,38
9/30/2010;1075,53
10/1/2010;1086,09
10/4/2010;1090,76
10/5/2010;1096,86
10/6/2010;1106,75
10/7/2010;1102,82
10/8/2010;1101,27
10/11/2010;1107,67
10/12/2010;1098,95
10/13/2010;1117,69
10/14/2010;1127,19
10/15/2010;1121,43
10/18/2010;1112,42
10/19/2010;1097,66
10/20/2010;1101,28
10/21/2010;1106,23
10/22/2010;1105,19
10/25/2010;1115,3
10/26/2010;1116,61
10/27/2010;1098,93
10/28/2010;1102,82
10/29/2010;1105,75
11/1/2010;1120,85
11/2/2010;1124,19
11/3/2010;1132,44
11/4/2010;1151,08
11/5/2010;1155,94
11/8/2010;1154,18
11/9/2010;1154,62
11/10/2010;1147,95
11/11/2010;1138,84
11/12/2010;1121,17
11/15/2010;1115,05
11/16/2010;1100,57
11/17/2010;1093,82
11/18/2010;1110,98
11/19/2010;1112,02
11/22/2010;1113,65
11/23/2010;1090,01
11/24/2010;1096,72
11/25/2010;1099,06
11/26/2010;1081,06
11/29/2010;1080,69
11/30/2010;1075,85
12/1/2010;1097,5
12/2/2010;1114,03
12/3/2010;1121,78
12/6/2010;1126,43
12/7/2010;1130,48
12/8/2010;1115,25
12/9/2010;1116,56
12/10/2010;1114,79
12/13/2010;1122,85
12/14/2010;1128,89
12/15/2010;1120,29
12/16/2010;1111,85
12/17/2010;1115,42
12/20/2010;1111,01
12/21/2010;1124,34
12/22/2010;1126,49
12/23/2010;1127,78
12/24/2010;1126,83
12/27/2010;1124,96
12/28/2010;1125,9
12/29/2010;1136,89
12/30/2010;1145,79
12/31/2010;1151,38
1/3/2011;1163,5
1/4/2011;1165,05
1/5/2011;1160,98
1/6/2011;1154,99
1/7/2011;1147,14
1/10/2011;1136,2
1/11/2011;1143,14
1/12/2011;1163,07
1/13/2011;1163,03
1/14/2011;1160,03
1/17/2011;1154,55
1/18/2011;1159
1/19/2011;1161,19
1/20/2011;1143,16
1/21/2011;1136,65
1/24/2011;1136,69
1/25/2011;1135,92
1/26/2011;1142,49
1/27/2011;1141,82
1/28/2011;1126,29
1/31/2011;1119,08
2/1/2011;1130,74
2/2/2011;1135,32
2/3/2011;1133,12
2/4/2011;1129,69
2/7/2011;1128,27
2/8/2011;1126,94
2/9/2011;1110,32
2/10/2011;1089,28
2/11/2011;1091,16
2/14/2011;1105,58
2/15/2011;1104,1
2/16/2011;1108,58
2/17/2011;1111,92
2/18/2011;1122,01
2/21/2011;1120,48
2/22/2011;1101,66
2/23/2011;1096
2/24/2011;1087,1
2/25/2011;1099,46
2/28/2011;1107,77
3/1/2011;1112,15
3/2/2011;1113,31
3/3/2011;1127,45
3/4/2011;1138,47
3/7/2011;1132,02
3/8/2011;1135,77
3/9/2011;1135,67
3/10/2011;1115,69
3/11/2011;1108,52
3/14/2011;1116,91
3/15/2011;1092,65
3/16/2011;1096,33
3/17/2011;1091,45
3/18/2011;1098,6
3/21/2011;1110,15
3/22/2011;1120,09
3/23/2011;1123,62
3/24/2011;1134,71
3/25/2011;1143,94
3/28/2011;1138,36
3/29/2011;1142,56
3/30/2011;1159,52
3/31/2011;1170,87
4/1/2011;1185,12
4/4/2011;1193,13
4/5/2011;1194,83
4/6/2011;1203,47
4/7/2011;1202,24
4/8/2011;1206,03
4/11/2011;1200,24
4/12/2011;1177,31
4/13/2011;1185,32
4/14/2011;1182,21
4/15/2011;1181,57
4/18/2011;1162,08
4/19/2011;1166,41
4/20/2011;1194,99
4/21/2011;1205,9
4/22/2011;1205,96
4/25/2011;1203,75
4/26/2011;1203,33
4/27/2011;1202,43
4/28/2011;1200,71
4/29/2011;1204,03
5/2/2011;1206,49
5/3/2011;1185,76
5/4/2011;1170,93
5/5/2011;1161,68
5/6/2011;1163,34
5/9/2011;1161,94
5/10/2011;1166,64
5/11/2011;1165,91
5/12/2011;1147,58
5/13/2011;1144,69
5/16/2011;1136,66
5/17/2011;1133,39
5/18/2011;1142,47
5/19/2011;1140,42
5/20/2011;1140,55
5/23/2011;1113,8
5/24/2011;1124,62
5/25/2011;1118,02
5/26/2011;1133,37
5/27/2011;1147,82
5/30/2011;1148,15
5/31/2011;1167,97
6/1/2011;1166,72
6/2/2011;1158,96
6/3/2011;1155,51
6/6/2011;1149
6/7/2011;1152,56
6/8/2011;1145,47
6/9/2011;1142,24
6/10/2011;1128,85
6/13/2011;1124,67
6/14/2011;1134,4
6/15/2011;1127,8
6/16/2011;1107,43
6/17/2011;1103,74
6/20/2011;1098,33
6/21/2011;1113,03
6/22/2011;1116,25
6/23/2011;1105,31
6/24/2011;1115,67
6/27/2011;1112,54
6/28/2011;1121,14
6/29/2011;1132,79
6/30/2011;1146,22
7/1/2011;1156,74
7/4/2011;1169,49
7/5/2011;1166,2
7/6/2011;1161,17
7/7/2011;1167,61
7/8/2011;1163,93
7/11/2011;1142,82
7/12/2011;1121,27
7/13/2011;1137,88
7/14/2011;1135,42
7/15/2011;1135,6
7/18/2011;1122,39
7/19/2011;1129
7/20/2011;1136,79
7/21/2011;1143,29
7/22/2011;1153,18
7/25/2011;1148,18
7/26/2011;1156,56
7/27/2011;1148,99
7/28/2011;1145,4
7/29/2011;1137,73
8/1/2011;1147,6
8/2/2011;1126,97
8/3/2011;1102,59
8/4/2011;1073,02
8/5/2011;1041,07
8/8/2011;990,18
8/9/2011;968,51
8/10/2011;980,74
8/11/2011;989,95
8/12/2011;989,74
8/15/2011;1013,41
8/16/2011;1018,64
8/17/2011;1024,45
8/18/2011;995,44
8/19/2011;970,16
8/22/2011;966,06
8/23/2011;985,8
8/24/2011;978,21
8/25/2011;973,05
8/26/2011;975,92
8/29/2011;1004,57
8/30/2011;1013,68
8/31/2011;1033,15
9/1/2011;1038
9/2/2011;1021,88
9/5/2011;989,59
9/6/2011;988,05
9/7/2011;1009,75
9/8/2011;1013,53
9/9/2011;992,31
9/12/2011;969,97
9/13/2011;964,43
9/14/2011;952,55
9/15/2011;963,72
9/16/2011;976,84
9/19/2011;949,39
9/20/2011;951,15
9/21/2011;940,02
9/22/2011;880,64
9/23/2011;861,53
9/26/2011;851,51
9/27/2011;893,47
9/28/2011;891,05
9/29/2011;894,48
9/30/2011;880,43
10/3/2011;852,24
10/4/2011;831,22
10/5/2011;836,54
10/6/2011;864,08
10/7/2011;883,9
10/10/2011;898,27
10/11/2011;909,43
10/12/2011;923,15
10/13/2011;930,47
10/14/2011;935,5
10/17/2011;941,02
10/18/2011;925,13
10/19/2011;932,95
10/20/2011;907,71
10/21/2011;920,07
10/24/2011;949,39
10/25/2011;955,28
10/26/2011;960,38
10/27/2011;993,81
10/28/2011;1010,12
10/31/2011;995
11/1/2011;968,69
11/2/2011;977,11
11/3/2011;973,99
11/4/2011;989,63
11/7/2011;990,29
11/8/2011;990,56
11/9/2011;980,01
11/10/2011;953,95
11/11/2011;971,15
11/14/2011;976,86
11/15/2011;969,2
11/16/2011;960,05
11/17/2011;951,97
11/18/2011;934,08
11/21/2011;909,84
11/22/2011;909,34
11/23/2011;885,26
11/24/2011;888,24
11/25/2011;877,4
11/28/2011;902,28
11/29/2011;909,48
11/30/2011;928,32
12/1/2011;959,12
12/2/2011;960,83
12/5/2011;966,19
12/6/2011;953,5
12/7/2011;959,33
12/8/2011;947,59
12/9/2011;934,18
12/12/2011;924,91
12/13/2011;916,86
12/14/2011;903,95
12/15/2011;896,68
12/16/2011;904,09
12/19/2011;888,77
12/20/2011;900,79
12/21/2011;916,2
12/22/2011;919,55
12/23/2011;927,7
12/26/2011;927,63
12/27/2011;924,28
12/28/2011;913,11
12/29/2011;914,21
12/30/2011;916,39
1/2/2012;917,08
1/3/2012;939,91
1/4/2012;937,54
1/5/2012;932,44
1/6/2012;927,06
1/9/2012;930,87
1/10/2012;948,82
1/11/2012;948,65
1/12/2012;953,48
1/13/2012;952,92
1/16/2012;951,83
1/17/2012;972,35
1/18/2012;980,93
1/19/2012;991,38
1/20/2012;995,08
1/23/2012;999,64
1/24/2012;997,6
1/25/2012;999,6
1/26/2012;1014,98
1/27/2012;1016,61
1/30/2012;1006,17
1/31/2012;1019,39
2/1/2012;1029,85
2/2/2012;1043,96
2/3/2012;1048,36
2/6/2012;1047,22
2/7/2012;1048,56
2/8/2012;1060,7
2/9/2012;1061,68
2/10/2012;1042,15
2/13/2012;1053
2/14/2012;1046,96
2/15/2012;1058,47
2/16/2012;1049,24
2/17/2012;1062,46
2/20/2012;1066,51
2/21/2012;1064,41
2/22/2012;1064,56
2/23/2012;1059,26
2/24/2012;1067,56
2/27/2012;1056,51
2/28/2012;1068,82
2/29/2012;1079,44
3/1/2012;1076,42
3/2/2012;1079,94
3/5/2012;1065,3
3/6/2012;1041,2
3/7/2012;1037,71
3/8/2012;1052,69
3/9/2012;1060,01
3/12/2012;1050,5
3/13/2012;1066,54
3/14/2012;1066,83
3/15/2012;1065,45
3/16/2012;1063,34
3/19/2012;1061,31
3/20/2012;1049,79
3/21/2012;1047,62
3/22/2012;1040,58
3/23/2012;1041,96
3/26/2012;1044,31
3/27/2012;1055,42
3/28/2012;1043,9
3/29/2012;1032,6
3/30/2012;1041,45
4/2/2012;1047,72
4/3/2012;1055,63
4/4/2012;1037,33
4/5/2012;1037,26
4/6/2012;1036,71
4/9/2012;1026,29
4/10/2012;1016,17
4/11/2012;1016,21
4/12/2012;1024,9
4/13/2012;1027,31
4/16/2012;1020
4/17/2012;1020,08
4/18/2012;1023,75
4/19/2012;1023,49
4/20/2012;1021,51
4/23/2012;1007,96
4/24/2012;1011,13
4/25/2012;1011,54
4/26/2012;1015,94
4/27/2012;1019,5
4/30/2012;1026,02
5/1/2012;1025,56
5/2/2012;1029,83
5/3/2012;1024,27
5/4/2012;1012,96
5/7/2012;1001,85
5/8/2012;992,55
5/9/2012;977,9
5/10/2012;980,69
5/11/2012;971,01
5/14/2012;952
5/15/2012;946,1
5/16/2012;924,26
5/17/2012;920,78
5/18/2012;906,61
5/21/2012;913,39
5/22/2012;919,28
5/23/2012;896,96
5/24/2012;902,09
5/25/2012;902,13
5/28/2012;909,42
5/29/2012;921,71
5/30/2012;907,88
5/31/2012;906,3
6/1/2012;893,86
6/4/2012;882,46
6/5/2012;886,41
6/6/2012;902,57
6/7/2012;913,18
6/8/2012;905,17
6/11/2012;914,87
6/12/2012;913
6/13/2012;919,47
6/14/2012;913,54
6/15/2012;925,22
6/18/2012;934,06
6/19/2012;943,44
6/20/2012;948,27
6/21/2012;932,36
6/22/2012;917,18
6/25/2012;904,15
6/26/2012;906,85
6/27/2012;913,17
6/28/2012;906,71
6/29/2012;937,35
7/2/2012;941,4
7/3/2012;956,77
7/4/2012;956,26
7/5/2012;955,18
7/6/2012;946,01
7/9/2012;935,66
7/10/2012;934,25
7/11/2012;932,38
7/12/2012;914,07
7/13/2012;926,13
7/16/2012;926,73
7/17/2012;933,14
7/18/2012;930,9
7/19/2012;941,13
7/20/2012;936,87
7/23/2012;912,47
7/24/2012;909,43
7/25/2012;905,65
7/26/2012;916,44
7/27/2012;941,76
7/30/2012;948,97
7/31/2012;952,49
8/1/2012;954,22
8/2/2012;944,94
8/3/2012;952,79
8/6/2012;967,44
8/7/2012;967,85
8/8/2012;970,6
8/9/2012;979,28
8/10/2012;979,25
8/13/2012;972,59
8/14/2012;977,25
8/15/2012;974,23
8/16/2012;975,82
8/17/2012;971,05
8/20/2012;969,21
8/21/2012;975,46
8/22/2012;969,43
8/23/2012;974,09
8/24/2012;965,47
8/27/2012;960,86
8/28/2012;956,76
8/29/2012;952,91
8/30/2012;944,39
8/31/2012;947,33
9/3/2012;952,83
9/4/2012;947,37
9/5/2012;939,51
9/6/2012;950,45
9/7/2012;968,82
9/10/2012;969,97
9/11/2012;973,09
9/12/2012;978,48
9/13/2012;982
9/14/2012;1014,07
9/17/2012;1012,63
9/18/2012;1006,84
9/19/2012;1009,44
9/20/2012;998,27
9/21/2012;1006,6
9/24/2012;1004,37
9/25/2012;1001,85
9/26/2012;990,37
9/27/2012;998,36
9/28/2012;1002,66
10/1/2012;1005,08
10/2/2012;1006,23
10/3/2012;1002,5
10/4/2012;1005,52
10/5/2012;1009,16
10/8/2012;997,93
10/9/2012;996,59
10/10/2012;992,09
10/11/2012;995,95
10/12/2012;996,7
10/15/2012;995,22
10/16/2012;1003,35
10/17/2012;1010,85
10/18/2012;1013,36
10/19/2012;1006,07
10/22/2012;1007,31
10/23/2012;996,82
10/24/2012;994,55
10/25/2012;999,12
10/26/2012;990,7
10/29/2012;990,24
10/30/2012;993,15
10/31/2012;995,33
11/1/2012;999,63
11/2/2012;1004,68
11/5/2012;1000,8
11/6/2012;1006,27
11/7/2012;1007,45
11/8/2012;995,31
11/9/2012;990,98
11/12/2012;989,27
11/13/2012;982,17
11/14/2012;980,62
11/15/2012;974,33
11/16/2012;969,82
11/19/2012;977,98
11/20/2012;979,49
11/21/2012;980,84
11/22/2012;985,72
11/23/2012;995,94
11/26/2012;995,1
11/27/2012;996,44
11/28/2012;991,27
11/29/2012;1003,79
11/30/2012;1007,02
12/3/2012;1007,68
12/4/2012;1007,27
12/5/2012;1017,37
12/6/2012;1021,26
12/7/2012;1024,06
12/10/2012;1029,06
12/11/2012;1034,55
12/12/2012;1041,37
12/13/2012;1042,56
12/14/2012;1042,82
12/17/2012;1040,02
12/18/2012;1046,24
12/19/2012;1053,17
12/20/2012;1052,68
12/21/2012;1043,03
12/24/2012;1043,73
12/25/2012;1045,41
12/26/2012;1046,65
12/27/2012;1049,45
12/28/2012;1055,18
12/31/2012;1055,2
1/1/2013;1055,76
1/2/2013;1078,16
1/3/2013;1082,68
1/4/2013;1077,9
1/7/2013;1075,76
1/8/2013;1069,86
1/9/2013;1073,03
1/10/2013;1076,99
1/11/2013;1073,04
1/14/2013;1080,71
1/15/2013;1073,48
1/16/2013;1071,21
1/17/2013;1073,15
1/18/2013;1080,74
1/21/2013;1078,05
1/22/2013;1079,07
1/23/2013;1076,53
1/24/2013;1072,26
1/25/2013;1069,12
1/28/2013;1062,06
1/29/2013;1069,88
1/30/2013;1068,2
1/31/2013;1069,01
2/1/2013;1072,82
2/4/2013;1072,73
2/5/2013;1067,61
2/6/2013;1063,75
2/7/2013;1059,56
2/8/2013;1060,87
2/11/2013;1058,75
2/12/2013;1059,03
2/13/2013;1064,88
2/14/2013;1065,84
2/15/2013;1066,52
2/18/2013;1064,34
2/19/2013;1063,99
2/20/2013;1068,46
2/21/2013;1053,14
2/22/2013;1053,39
2/25/2013;1054,41
2/26/2013;1042,71
2/27/2013;1046,56
2/28/2013;1054,62
3/1/2013;1053,13
3/4/2013;1041,28
3/5/2013;1049,94
3/6/2013;1059,84
3/7/2013;1057,92
3/8/2013;1065,94
3/11/2013;1063,56
3/12/2013;1057,65
3/13/2013;1049,08
3/14/2013;1047,7
3/15/2013;1042,24
3/18/2013;1030,11
3/19/2013;1024,96
3/20/2013;1026,35
3/21/2013;1022,43
3/22/2013;1015,47
3/25/2013;1022,27
3/26/2013;1028,65
3/27/2013;1032,05
3/28/2013;1032,62
3/29/2013;1034,9
4/1/2013;1031,15
4/2/2013;1029,1
4/3/2013;1024,99
4/4/2013;1017,06
4/5/2013;1008,13
4/8/2013;1007,14
4/9/2013;1015,93
4/10/2013;1024,49
4/11/2013;1029,22
4/12/2013;1019,61
4/15/2013;1003,29
4/16/2013;1008,92
4/17/2013;1001,1
4/18/2013;997,33
4/19/2013;1011,17
4/22/2013;1011,96
4/23/2013;1009,81
4/24/2013;1017,71
4/25/2013;1027,3
4/26/2013;1022,36
4/29/2013;1027,42
4/30/2013;1039,45
5/1/2013;1038,12
5/2/2013;1037,33
5/3/2013;1042,26
5/6/2013;1046,02
5/7/2013;1052,48
5/8/2013;1061,09
5/9/2013;1060,58
5/10/2013;1050,74
5/13/2013;1041,9
5/14/2013;1046,18
5/15/2013;1046,1
5/16/2013;1046,33
5/17/2013;1045,76
5/20/2013;1048,15
5/21/2013;1048,13
5/22/2013;1048,09
5/23/2013;1025,92
5/24/2013;1026,68
5/27/2013;1028,53
5/28/2013;1030,82
5/29/2013;1020,42
5/30/2013;1016,02
5/31/2013;1008,88
6/3/2013;998,55
6/4/2013;1004,03
6/5/2013;991,38
6/6/2013;985,05
6/7/2013;980,64
6/10/2013;972,89
6/11/2013;954,38
6/12/2013;954,38
6/13/2013;943,59
6/14/2013;953,68
6/17/2013;957,12
6/18/2013;953,54
6/19/2013;946,77
6/20/2013;908,49
6/21/2013;900,54
6/24/2013;883,34
6/25/2013;885,85
6/26/2013;901,98
6/27/2013;919,46
6/28/2013;940,33
7/1/2013;941,93
7/2/2013;932,12
7/3/2013;912,18
7/4/2013;922,1
7/5/2013;917,58
7/8/2013;905,96
7/9/2013;912,71
7/10/2013;915,63
7/11/2013;942,88
7/12/2013;945,36
7/15/2013;952,23
7/16/2013;953,02
7/17/2013;959,37
7/18/2013;957,44
7/19/2013;950,47
7/22/2013;954
7/23/2013;969,04
7/24/2013;966,5
7/25/2013;962,36
7/26/2013;961,53
7/29/2013;953,86
7/30/2013;953,65
7/31/2013;947,55
8/1/2013;954,15
8/2/2013;955,35
8/5/2013;956,4
8/6/2013;946,3
8/7/2013;937,86
8/8/2013;946,39
8/9/2013;951,37
8/12/2013;957,82
8/13/2013;965,94
8/14/2013;967,92
8/15/2013;960,48
8/16/2013;958,11
8/19/2013;944,88
8/20/2013;932,15
8/21/2013;924,19
8/22/2013;922,28
8/23/2013;932,76
8/26/2013;932,78
8/27/2013;915,44
8/28/2013;909,81
8/29/2013;920,84
8/30/2013;929,54
9/2/2013;938,29
9/3/2013;933,94
9/4/2013;937,79
9/5/2013;947,67
9/6/2013;955,73
9/9/2013;973,79
9/10/2013;991,36
9/11/2013;991,94
9/12/2013;990,41
9/13/2013;986,84
9/16/2013;1001,76
9/17/2013;1002,44
9/18/2013;1000,99
9/19/2013;1022,54
9/20/2013;1013,17
9/23/2013;1016,3
9/24/2013;1010,56
9/25/2013;1007,55
9/26/2013;1003
9/27/2013;999,88
9/30/2013;987,46
10/1/2013;996,34
10/2/2013;997,85
10/3/2013;1005,25
10/4/2013;1007,92
10/7/2013;1004,66
10/8/2013;1008,89
10/9/2013;1005,69
10/10/2013;1014,05
10/11/2013;1023,21
10/14/2013;1022,65
10/15/2013;1029,85
10/16/2013;1031,27
10/17/2013;1033,97
10/18/2013;1042,06
10/21/2013;1042,66
10/22/2013;1044,66
10/23/2013;1033,47
10/24/2013;1030,82
10/25/2013;1027,27
10/28/2013;1034,38
10/29/2013;1036,76
10/30/2013;1042,75
10/31/2013;1034,42
11/1/2013;1027,87
11/4/2013;1027,06
11/5/2013;1016,3
11/6/2013;1016,19
11/7/2013;1010,19
11/8/2013;995,3
11/11/2013;992,99
11/12/2013;991,45
11/13/2013;979,88
11/14/2013;991,77
11/15/2013;1005,17
11/18/2013;1025,3
11/19/2013;1024,53
11/20/2013;1019,57
11/21/2013;1004,24
11/22/2013;1009,17
11/25/2013;1010,63
11/26/2013;1005,4
11/27/2013;1008,81
11/28/2013;1012,02
11/29/2013;1018,28
12/2/2013;1013,44
12/3/2013;1002,71
12/4/2013;995,75
12/5/2013;998,45
12/6/2013;1002,2
12/9/2013;1012,76
12/10/2013;1012,32
12/11/2013;1002,55
12/12/2013;991,52
12/13/2013;990,48
12/16/2013;990,4
12/17/2013;990,49
12/18/2013;992,7
12/19/2013;990,65
12/20/2013;988,26
12/23/2013;992,69
12/24/2013;995,35
12/25/2013;994,87
12/26/2013;993,18
12/27/2013;997,56
12/30/2013;1001,9
12/31/2013;1002,69
1/1/2014;1002,66
1/2/2014;990,79
1/3/2014;979,49
1/6/2014;972,42
1/7/2014;971,48
1/8/2014;973,17
1/9/2014;963,11
1/10/2014;970,15
1/13/2014;977,42
1/14/2014;975,28
1/15/2014;977,87
1/16/2014;974,65
1/17/2014;972,27
1/20/2014;970,82
1/21/2014;970,75
1/22/2014;976,47
1/23/2014;963,98
1/24/2014;949,9
1/27/2014;931,64
1/28/2014;934,09
1/29/2014;936,67
1/30/2014;936,37
1/31/2014;936,53
2/3/2014;926,74
2/4/2014;917,74
2/5/2014;916,56
2/6/2014;929,8
2/7/2014;937,3
2/10/2014;935,5
2/11/2014;944,75
2/12/2014;953,3
2/13/2014;945,83
2/14/2014;957,31
2/17/2014;964,29
2/18/2014;958,87
2/19/2014;959,09
2/20/2014;950,62
2/21/2014;959,26
2/24/2014;958,42
2/25/2014;955,54
2/26/2014;956,26
2/27/2014;963,23
2/28/2014;966,42
3/3/2014;950,68
3/4/2014;956,19
3/5/2014;959,18
3/6/2014;970,27
3/7/2014;966,72
3/10/2014;955,02
3/11/2014;955,89
3/12/2014;944,63
3/13/2014;943,19
3/14/2014;937,69
3/17/2014;943,22
3/18/2014;952,48
3/19/2014;950,59
3/20/2014;940,7
3/21/2014;944,96
3/24/2014;953,9
3/25/2014;958,49
3/26/2014;968,23
3/27/2014;975,29
3/28/2014;984,91
3/31/2014;994,65
4/1/2014;1000,79
4/2/2014;1004,97
4/3/2014;1000,17
4/4/2014;1002,04
4/7/2014;1004,15
4/8/2014;1011,49
4/9/2014;1014,83
4/10/2014;1021,74
4/11/2014;1015,44
4/14/2014;1011,73
4/15/2014;999,9
4/16/2014;1002,5
4/17/2014;1009,22
4/18/2014;1011,87
4/21/2014;1010,76
4/22/2014;1008,72
4/23/2014;1003,79
4/24/2014;1004,46
4/25/2014;993,35
4/28/2014;993,12
4/29/2014;999,93
4/30/2014;995,28
5/1/2014;996,01
5/2/2014;1003,39
5/5/2014;1001,01
5/6/2014;1003,93
5/7/2014;1004,5
5/8/2014;1008,85
5/9/2014;1006,95
5/12/2014;1015,81
5/13/2014;1022,44
5/14/2014;1032,24
5/15/2014;1029,1
5/16/2014;1031,95
5/19/2014;1035,43
5/20/2014;1029,91
5/21/2014;1031,66
5/22/2014;1041,19
5/23/2014;1042,92
5/26/2014;1041,84
5/27/2014;1032,88
5/28/2014;1038,23
5/29/2014;1038,64
5/30/2014;1027,69
6/2/2014;1029,5
6/3/2014;1035,95
6/4/2014;1031,19
6/5/2014;1034,98
6/6/2014;1044,93
6/9/2014;1048,96
6/10/2014;1057,59
6/11/2014;1056,04
6/12/2014;1054,74
6/13/2014;1049,14
6/16/2014;1046,28
6/17/2014;1043,53
6/18/2014;1044,57
6/19/2014;1049,94
6/20/2014;1043,86
6/23/2014;1042,33
6/24/2014;1048,14
6/25/2014;1041,78
6/26/2014;1046,81
6/27/2014;1046,18
6/30/2014;1050,78
7/1/2014;1051,39
7/2/2014;1060,57
7/3/2014;1062,18
7/4/2014;1062,4
7/7/2014;1064,33
7/8/2014;1064,73
7/9/2014;1060,93
7/10/2014;1062,37
7/11/2014;1058,67
7/14/2014;1063,66
7/15/2014;1066,35
7/16/2014;1066,83
7/17/2014;1062,59
7/18/2014;1063,26
7/21/2014;1063,26
7/22/2014;1074,48
7/23/2014;1077,7
7/24/2014;1080,85
7/25/2014;1078,69
7/28/2014;1079,24
7/29/2014;1080,54
7/30/2014;1078,75
7/31/2014;1065,77
8/1/2014;1060,13
8/4/2014;1069,3
8/5/2014;1063,11
8/6/2014;1056,77
8/7/2014;1051,22
8/8/2014;1045,51
8/11/2014;1061,41
8/12/2014;1064,42
8/13/2014;1070,87
8/14/2014;1072,37
8/15/2014;1074,51
8/18/2014;1077,07
8/19/2014;1084,45
8/20/2014;1085,08
8/21/2014;1081,93
8/22/2014;1083,07
8/25/2014;1085,29
8/26/2014;1087,77
8/27/2014;1093,74
8/28/2014;1086,98
8/29/2014;1087,88
9/1/2014;1090,57
9/2/2014;1086,73
9/3/2014;1100,98
9/4/2014;1100,23
9/5/2014;1096,83
9/8/2014;1094,99
9/9/2014;1087,54
9/10/2014;1075,22
9/11/2014;1069,43
9/12/2014;1061,53
9/15/2014;1055,78
9/16/2014;1054,07
9/17/2014;1062,39
9/18/2014;1056,37
9/19/2014;1053,92
9/22/2014;1040,29
9/23/2014;1032,79
9/24/2014;1035,31
9/25/2014;1025,63
9/26/2014;1023,91
9/29/2014;1009,43
9/30/2014;1005,33
10/1/2014;996,86
10/2/2014;992,53
10/3/2014;997,27
10/6/2014;1010,32
10/7/2014;1010,86
10/8/2014;998,76
10/9/2014;1008,33
10/10/2014;989,87
10/13/2014;991,49
10/14/2014;992,08
10/15/2014;982,6
10/16/2014;970,65
10/17/2014;976,76
10/20/2014;981,5
10/21/2014;981,78
10/22/2014;987,09
10/23/2014;981,75
10/24/2014;984,38
10/27/2014;977,8
10/28/2014;992,54
10/29/2014;1004,88
10/30/2014;1007,54
10/31/2014;1016,07
11/3/2014;1010,37
11/4/2014;1007,11
11/5/2014;998,44
11/6/2014;991,32
11/7/2014;987,65
11/10/2014;997,66
11/11/2014;993,69
11/12/2014;996,06
11/13/2014;992,72
11/14/2014;990,81
11/17/2014;985,88
11/18/2014;988,66
11/19/2014;989,91
11/20/2014;990,1
11/21/2014;1004,35
11/24/2014;1011,23
11/25/2014;1009,1
11/26/2014;1011,97
11/27/2014;1012,62
11/28/2014;1004,72
12/1/2014;985,08
12/2/2014;984,49
12/3/2014;985,89
12/4/2014;986,91
12/5/2014;985,68
12/8/2014;976,84
12/9/2014;965,41
12/10/2014;958,67
12/11/2014;946,04
12/12/2014;938,41
12/15/2014;924,06
12/16/2014;909,98
12/17/2014;918,15
12/18/2014;935,12
12/19/2014;944,6
12/22/2014;957,57
12/23/2014;951,95
12/24/2014;951,19
12/25/2014;950,61
12/26/2014;952,53
12/29/2014;958,7
12/30/2014;954,58
12/31/2014;956,31
1/1/2015;956,28
1/2/2015;953,72
1/5/2015;940,69
1/6/2015;934,73
1/7/2015;941,18
1/8/2015;958,83
1/9/2015;961,37
1/12/2015;955,53
1/13/2015;959,89
1/14/2015;955,73
1/15/2015;959,97
1/16/2015;957,46
1/19/2015;952,51
1/20/2015;957,28
1/21/2015;976,07
1/22/2015;983,53
1/23/2015;990,89
1/26/2015;988,71
1/27/2015;989,83
1/28/2015;984,65
1/29/2015;973,19
1/30/2015;961,61
2/2/2015;963,8
2/3/2015;976,5
2/4/2015;980,82
2/5/2015;982,21
2/6/2015;978,57
2/9/2015;972,83
2/10/2015;966,83
2/11/2015;961,21
2/12/2015;971,19
2/13/2015;986,65
2/16/2015;984,09
2/17/2015;983,12
2/18/2015;985,01
2/19/2015;985,07
2/20/2015;984,42
2/23/2015;983,47
2/24/2015;987,89
2/25/2015;992,8
2/26/2015;993,82
2/27/2015;990,28
3/2/2015;988,26
3/3/2015;986,2
3/4/2015;976,27
3/5/2015;974,57
3/6/2015;971,23
3/9/2015;959,22
3/10/2015;943,73
3/11/2015;943,03
3/12/2015;948,52
3/13/2015;939,56
3/16/2015;940,57
3/17/2015;949,06
3/18/2015;956,73
3/19/2015;964,97
3/20/2015;969,53
3/23/2015;975,38
3/24/2015;978,25
3/25/2015;976,15
3/26/2015;962,46
3/27/2015;958,11
3/30/2015;968,91
3/31/2015;974,57
4/1/2015;982,93
4/2/2015;992,86
4/3/2015;994,32
4/6/2015;1005,86
4/7/2015;1006,26
4/8/2015;1021,05
4/9/2015;1028,63
4/10/2015;1034,59
4/13/2015;1041,46
4/14/2015;1036,77
4/15/2015;1036,87
4/16/2015;1052,25
4/17/2015;1042,68
4/20/2015;1033,77
4/21/2015;1042,21
4/22/2015;1047,61
4/23/2015;1053,91
4/24/2015;1060,5
4/27/2015;1065,62
4/28/2015;1067,01
4/29/2015;1059,51
4/30/2015;1047,78
5/1/2015;1045,99
5/4/2015;1048,2
5/5/2015;1047,93
5/6/2015;1040,44
5/7/2015;1024,91
5/8/2015;1034,94
5/11/2015;1036,02
5/12/2015;1029,03
5/13/2015;1033,88
5/14/2015;1035,8
5/15/2015;1043,4
5/18/2015;1040,95
5/19/2015;1040,89
5/20/2015;1036,1
5/21/2015;1032,7
5/22/2015;1037,62
5/25/2015;1035,33
5/26/2015;1026,45
5/27/2015;1019,09
5/28/2015;1009,52
5/29/2015;1004,22
6/1/2015;1002,93
6/2/2015;999,87
6/3/2015;995,83
6/4/2015;988,05
6/5/2015;982,14
6/8/2015;977,09
6/9/2015;971,09
6/10/2015;977,85
6/11/2015;976,78
6/12/2015;979,46
6/15/2015;970,51
6/16/2015;965,34
6/17/2015;969,4
6/18/2015;977,61
6/19/2015;974,56
6/22/2015;987,3
6/23/2015;990,67
6/24/2015;993,31
6/25/2015;988,18
6/26/2015;980,63
6/29/2015;959,42
6/30/2015;972,25
7/1/2015;971,91
7/2/2015;971,47
7/3/2015;964,31
7/6/2015;943,44
7/7/2015;930,25
7/8/2015;904,57
7/9/2015;919,78
7/10/2015;932,85
7/13/2015;943,01
7/14/2015;940,83
7/15/2015;937,98
7/16/2015;941,69
7/17/2015;941,68
7/20/2015;935,45
7/21/2015;939,81
7/22/2015;931,14
7/23/2015;923,56
7/24/2015;910,4
7/27/2015;892,6
7/28/2015;891,24
7/29/2015;900,12
7/30/2015;894,07
7/31/2015;901,68
8/3/2015;890,85
8/4/2015;893,11
8/5/2015;891,95
8/6/2015;884,93
8/7/2015;885,07
8/10/2015;887,7
8/11/2015;878,27
8/12/2015;861,71
8/13/2015;864,8
8/14/2015;863,83
8/17/2015;854,71
8/18/2015;848,12
8/19/2015;840,51
8/20/2015;830,28
8/21/2015;812,38
8/24/2015;771,77
8/25/2015;788,54
8/26/2015;787,3
8/27/2015;813,08
8/28/2015;820,25
8/31/2015;818,73
9/1/2015;801,11
9/2/2015;796,68
9/3/2015;801,48
9/4/2015;788,59
9/7/2015;778,18
9/8/2015;790,57
9/9/2015;809,51
9/10/2015;804,16
9/11/2015;802,49
9/14/2015;807,66
9/15/2015;806,78
9/16/2015;822,71
9/17/2015;827,5
9/18/2015;829,86
9/21/2015;815,63
9/22/2015;808,23
9/23/2015;791,79
9/24/2015;785,68
9/25/2015;789,15
9/28/2015;781,57
9/29/2015;776,35
9/30/2015;792,05
10/1/2015;797,61
10/2/2015;804,1
10/5/2015;821,26
10/6/2015;828,68
10/7/2015;850,78
10/8/2015;848,37
10/9/2015;859,32
10/12/2015;865,23
10/13/2015;854,29
10/14/2015;849,4
10/15/2015;864,73
10/16/2015;865,28
10/19/2015;867,25
10/20/2015;864,47
10/21/2015;859,1
10/22/2015;858,17
10/23/2015;868,56
10/26/2015;867,65
10/27/2015;862,71
10/28/2015;860,3
10/29/2015;846,14
10/30/2015;847,84
11/2/2015;850,23
11/3/2015;860,77
11/4/2015;868,16
11/5/2015;864,14
11/6/2015;852,47
11/9/2015;843,57
11/10/2015;833,39
11/11/2015;833,38
11/12/2015;833,74
11/13/2015;821,12
11/16/2015;813,38
11/17/2015;824,09
11/18/2015;822,84
11/19/2015;837,14
11/20/2015;843,48
11/23/2015;841,11
11/24/2015;839,3
11/25/2015;836,15
11/26/2015;838,09
11/27/2015;826,36
11/30/2015;814,3
12/1/2015;825,48
12/2/2015;821,78
12/3/2015;819,25
12/4/2015;812,27
12/7/2015;807,79
12/8/2015;795,46
12/9/2015;795,23
12/10/2015;789,02
12/11/2015;773,56
12/14/2015;771,22
12/15/2015;779,41
12/16/2015;790,34
12/17/2015;798,59
12/18/2015;789,71
12/21/2015;791,43
12/22/2015;794,61
12/23/2015;803,13
12/24/2015;804,06
12/25/2015;804,29
12/28/2015;800,32
12/29/2015;799,69
12/30/2015;791,47
12/31/2015;794,14
1/1/2016;794,21
1/4/2016;767,77
1/5/2016;768,46
1/6/2016;759,81
1/7/2016;738,86
1/8/2016;740,07
1/11/2016;723,36
1/12/2016;723,21
1/13/2016;729,56
1/14/2016;723,15
1/15/2016;709,19
1/18/2016;703,41
1/19/2016;714,37
1/20/2016;692,76
1/21/2016;688,52
1/22/2016;710,66
1/25/2016;716,08
1/26/2016;708,33
1/27/2016;715,98
1/28/2016;722,23
1/29/2016;742,37
2/1/2016;742,74
2/2/2016;728,71
2/3/2016;721,65
2/4/2016;739,55
2/5/2016;739,61
2/8/2016;734,13
2/9/2016;729,88
2/10/2016;730,58
2/11/2016;713,04
2/12/2016;711,24
2/15/2016;726,86
2/16/2016;731,4
2/17/2016;735,78
2/18/2016;746,24
2/19/2016;740,98
2/22/2016;749,42
2/23/2016;744,76
2/24/2016;736,53
2/25/2016;735,35
2/26/2016;740,02
2/29/2016;740,33
3/1/2016;752,92
3/2/2016;769,1
3/3/2016;780,19
3/4/2016;790,97
3/7/2016;795,18
3/8/2016;788,09
3/9/2016;787,69
3/10/2016;790,74
3/11/2016;800,91
3/14/2016;803,45
3/15/2016;790,68
3/16/2016;791,18
3/17/2016;816,9
3/18/2016;826,75
3/21/2016;829,06
3/22/2016;830,51
3/23/2016;821,71
3/24/2016;813,61
3/25/2016;812,32
3/28/2016;813,04
3/29/2016;814,83
3/30/2016;833,98
3/31/2016;836,8
4/1/2016;826,19
4/4/2016;826,78
4/5/2016;812,97
4/6/2016;809,03
4/7/2016;809,29
4/8/2016;816,82
4/11/2016;824,01
4/12/2016;830,88
4/13/2016;844,15
4/14/2016;845,45
4/15/2016;846,7
4/18/2016;843,68
4/19/2016;852,73
4/20/2016;849,45
4/21/2016;853,69
4/22/2016;845,21
4/25/2016;839,2
4/26/2016;842,63
4/27/2016;843,17
4/28/2016;844,06
4/29/2016;840,19
5/2/2016;835,57
5/3/2016;821,09
5/4/2016;813,52
5/5/2016;809,46
5/6/2016;805,34
5/9/2016;800,91
5/10/2016;806,91
5/11/2016;807,97
5/12/2016;806,68
5/13/2016;796,07
5/16/2016;797,43
5/17/2016;801,64
5/18/2016;794,22
5/19/2016;781,84
5/20/2016;785,26
5/23/2016;788,9
5/24/2016;787,99
5/25/2016;799,68
5/26/2016;802,93
5/27/2016;808,29
5/30/2016;807,66
5/31/2016;807,45
6/1/2016;807,22
6/2/2016;809,34
6/3/2016;816,18
6/6/2016;823,26
6/7/2016;835,9
6/8/2016;842,38
6/9/2016;837,03
6/10/2016;823,82
6/13/2016;809,46
6/14/2016;803,06
6/15/2016;808,19
6/16/2016;799,78
6/17/2016;806,22
6/20/2016;821,17
6/21/2016;825,35
6/22/2016;829,33
6/23/2016;835,43
6/24/2016;805,87
6/27/2016;794,56
6/28/2016;805,24
6/29/2016;821,82
6/30/2016;834,1
7/1/2016;839,25
7/4/2016;843,42
7/5/2016;831,68
7/6/2016;819,19
7/7/2016;826,99
7/8/2016;828,84
7/11/2016;846,73
7/12/2016;854,08
7/13/2016;856,36
7/14/2016;865,93
7/15/2016;867,84
7/18/2016;870,13
7/19/2016;868,12
7/20/2016;870,76
7/21/2016;871,17
7/22/2016;869,3
7/25/2016;869,1
7/26/2016;870,72
7/27/2016;874,05
7/28/2016;875,52
7/29/2016;873,47
8/1/2016;882,55
8/2/2016;876,77
8/3/2016;868,18
8/4/2016;876,04
8/5/2016;885,52
8/8/2016;895,53
8/9/2016;899,79
8/10/2016;902,99
8/11/2016;907,6
8/12/2016;910,08
8/15/2016;915,86
8/16/2016;915,6
8/17/2016;909,67
8/18/2016;916,4
8/19/2016;910,34
8/22/2016;904,22
8/23/2016;906,5
8/24/2016;896,75
8/25/2016;898,1
8/26/2016;901,39
8/29/2016;895,97
8/30/2016;898,92
8/31/2016;893,68
9/1/2016;891,08
9/2/2016;899,61
9/5/2016;909,6
9/6/2016;923,45
9/7/2016;926,04
9/8/2016;927,29
9/9/2016;909,32
9/12/2016;889,41
9/13/2016;886,01
9/14/2016;885,14
9/15/2016;888,98
9/16/2016;885,45
9/19/2016;897,68
9/20/2016;898,82
9/21/2016;905,65
9/22/2016;920,92
9/23/2016;917,5
9/26/2016;905,49
9/27/2016;911,13
9/28/2016;912,19
9/29/2016;913,39
9/30/2016;903,46
10/3/2016;911,61
10/4/2016;915,61
10/5/2016;915,26
10/6/2016;917,04
10/7/2016;914,81
10/10/2016;918,68
10/11/2016;905,57
10/12/2016;902,74
10/13/2016;890,65
10/14/2016;897,03
10/17/2016;894,71
10/18/2016;908,55
10/19/2016;913,35
10/20/2016;913,38
10/21/2016;911,24
10/24/2016;918,4
10/25/2016;918,25
10/26/2016;910,58
10/27/2016;905,31
10/28/2016;903,5
10/31/2016;905,09
11/1/2016;902,58
11/2/2016;890,21
11/3/2016;884,93
11/4/2016;880,12
11/7/2016;894,77
11/8/2016;902,45
11/9/2016;880,15
11/10/2016;875,63
11/11/2016;849,1
11/14/2016;838,96
11/15/2016;841,49
11/16/2016;847,15
11/17/2016;847,19
11/18/2016;844,53
11/21/2016;847,4
11/22/2016;857,45
11/23/2016;855,92
11/24/2016;852,02
11/25/2016;855,78
11/28/2016;863,17
11/29/2016;858,47
11/30/2016;862,83
12/1/2016;858,41
12/2/2016;853,07
12/5/2016;853,97
12/6/2016;861,49
12/7/2016;867,61
12/8/2016;879,32
12/9/2016;877,85
12/12/2016;872,24
12/13/2016;877,2
12/14/2016;872,76
12/15/2016;858,65
12/16/2016;856,4
12/19/2016;851,13
12/20/2016;851,31
12/21/2016;851,17
12/22/2016;842,51
12/23/2016;841,6
12/26/2016;842,45
12/27/2016;844,66
12/28/2016;851,18
12/29/2016;858,44
12/30/2016;862,27
1/2/2017;861,88
1/3/2017;868,44
1/4/2017;871,45
1/5/2017;881,72
1/6/2017;881,11
1/9/2017;878,44
1/10/2017;885,7
1/11/2017;886,73
1/12/2017;896,64
1/13/2017;895,98
1/16/2017;889,11
1/17/2017;894,87
1/18/2017;897,89
1/19/2017;894,52
1/20/2017;893,28
1/23/2017;902,14
1/24/2017;908,63
1/25/2017;912,16
1/26/2017;916,73
1/27/2017;915,92
1/30/2017;913,09
1/31/2017;909,23
2/1/2017;913
2/2/2017;915,21
2/3/2017;918,87
2/6/2017;922,99
2/7/2017;919,8
2/8/2017;921,68
2/9/2017;925,57
2/10/2017;930,16
2/13/2017;935,45
2/14/2017;934,08
2/15/2017;941,78
2/16/2017;945,62
2/17/2017;939,03
2/20/2017;943,58
2/21/2017;945,64
2/22/2017;950,95
2/23/2017;952,12
2/24/2017;943,52
2/27/2017;940,32
2/28/2017;936,37
3/1/2017;938,47
3/2/2017;936,37
3/3/2017;931,07
3/6/2017;934,42
3/7/2017;936,5
3/8/2017;934,9
3/9/2017;922,94
3/10/2017;926,14
3/13/2017;938,5
3/14/2017;939,97
3/15/2017;943,52
3/16/2017;963,2
3/17/2017;965,57
3/20/2017;972,35
3/21/2017;973,08
3/22/2017;966,97
3/23/2017;967,92
3/24/2017;969,13
3/27/2017;965,71
3/28/2017;970,32
3/29/2017;971,86
3/30/2017;969,47
3/31/2017;958,37
4/3/2017;965,15
4/4/2017;965,17
4/5/2017;969,22
4/6/2017;963,29
4/7/2017;961,61
4/10/2017;958
4/11/2017;954,44
4/12/2017;958,2
4/13/2017;962,85
4/14/2017;960,43
4/17/2017;962,71
4/18/2017;957,7
4/19/2017;952,92
4/20/2017;958,45
4/21/2017;961,78
4/24/2017;971,36
4/25/2017;982,65
4/26/2017;982,53
4/27/2017;979,66
4/28/2017;977,96
5/1/2017;979,76
5/2/2017;988,19
5/3/2017;985,74
5/4/2017;980,07
5/5/2017;978,27
5/8/2017;985,11
5/9/2017;990,6
5/10/2017;995,09
5/11/2017;1000,35
5/12/2017;1002,37
5/15/2017;1010,23
5/16/2017;1015,05
5/17/2017;1008,63
5/18/2017;988,38
5/19/2017;995,67
5/22/2017;1003,66
5/23/2017;1004,47
5/24/2017;1005,03
5/25/2017;1014,55
5/26/2017;1017
5/29/2017;1015,19
5/30/2017;1011,77
5/31/2017;1005,33
6/1/2017;1008,47
6/2/2017;1015,08
6/5/2017;1017,6
6/6/2017;1015,89
6/7/2017;1015,75
6/8/2017;1019,07
6/9/2017;1018,19
6/12/2017;1008,92
6/13/2017;1009,78
6/14/2017;1013,69
6/15/2017;1003,64
6/16/2017;1003,12
6/19/2017;1012,95
6/20/2017;1008,67
6/21/2017;1006,47
6/22/2017;1008,81
6/23/2017;1011,67
6/26/2017;1019,11
6/27/2017;1016,68
6/28/2017;1012,1
6/29/2017;1014,02
6/30/2017;1010,8
7/3/2017;1014,24
7/4/2017;1006,73
7/5/2017;1009,85
7/6/2017;1006,16
7/7/2017;1002,48
7/10/2017;1009,29
7/11/2017;1018,2
7/12/2017;1029,9
7/13/2017;1040,72
7/14/2017;1047,05
7/17/2017;1051,55
7/18/2017;1053,23
7/19/2017;1060,12
7/20/2017;1059,4
7/21/2017;1060,18
7/24/2017;1064,27
7/25/2017;1061,69
7/26/2017;1062,29
7/27/2017;1068,95
7/28/2017;1062,97
7/31/2017;1066,23
8/1/2017;1069
8/2/2017;1069,97
8/3/2017;1064,07
8/4/2017;1067,26
8/7/2017;1075,36
8/8/2017;1078,53
8/9/2017;1068,92
8/10/2017;1056,21
8/11/2017;1042,8
8/14/2017;1053,65
8/15/2017;1052,51
8/16/2017;1060,27
8/17/2017;1063,33
8/18/2017;1059,54
8/21/2017;1063,66
8/22/2017;1072,52
8/23/2017;1075,6
8/24/2017;1082,45
8/25/2017;1085,37
8/28/2017;1085,08
8/29/2017;1081,23
8/30/2017;1088
8/31/2017;1087,7
9/1/2017;1091,36
9/4/2017;1083,34
9/5/2017;1084,93
9/6/2017;1083,18
9/7/2017;1090,1
9/8/2017;1091,17
9/11/2017;1099,18
9/12/2017;1102,26
9/13/2017;1099,46
9/14/2017;1099,89
9/15/2017;1102,16
9/18/2017;1112,92
9/19/2017;1109,63
9/20/2017;1112,07
9/21/2017;1108,19
9/22/2017;1102,25
9/25/2017;1088,26
9/26/2017;1080,11
9/27/2017;1078,57
9/28/2017;1072,38
9/29/2017;1081,72
10/2/2017;1082,97
10/3/2017;1097,03
10/4/2017;1101,84
10/5/2017;1102,76
10/6/2017;1103,12
10/9/2017;1100,42
10/10/2017;1112,53
10/11/2017;1117,33
10/12/2017;1121,62
10/13/2017;1125,91
10/16/2017;1131,82
10/17/2017;1125,66
10/18/2017;1126,9
10/19/2017;1116,91
10/20/2017;1119,69
10/23/2017;1115,9
10/24/2017;1113,32
10/25/2017;1114,09
10/26/2017;1108,17
10/27/2017;1110,22
10/30/2017;1115,53
10/31/2017;1119,08
11/1/2017;1128,94
11/2/2017;1127,31
11/3/2017;1126,18
11/6/2017;1131,03
11/7/2017;1134,55
11/8/2017;1134,68
11/9/2017;1133,78
11/10/2017;1128,49
11/13/2017;1123,26
11/14/2017;1118,32
11/15/2017;1111,12
11/16/2017;1125,36
11/17/2017;1136,45
11/20/2017;1136,1
11/21/2017;1150,98
11/22/2017;1156,67
11/23/2017;1152,4
11/24/2017;1154,26
11/27/2017;1144,33
11/28/2017;1146,5
11/29/2017;1141,38
11/30/2017;1120,79
12/1/2017;1115,94
12/4/2017;1121,95
12/5/2017;1117,69
12/6/2017;1101,2
12/7/2017;1100,54
12/8/2017;1110,78
12/11/2017;1119,97
12/12/2017;1112,37
12/13/2017;1118,81
12/14/2017;1121,22
12/15/2017;1118,5
12/18/2017;1130,39
12/19/2017;1132,2
12/20/2017;1132,85
12/21/2017;1134,38
12/22/2017;1141,09
12/25/2017;1141,11
12/26/2017;1138,63
12/27/2017;1144,39
12/28/2017;1153,58
12/29/2017;1158,45
1/1/2018;1157,55
1/2/2018;1177,98
1/3/2018;1184,21
1/4/2018;1192,56
1/5/2018;1201,01
1/8/2018;1206,86
1/9/2018;1205,14
1/10/2018;1197,53
1/11/2018;1197,01
1/12/2018;1208,17
1/15/2018;1210,64
1/16/2018;1217,87
1/17/2018;1222,62
1/18/2018;1227,52
1/19/2018;1232,6
1/22/2018;1238,5
1/23/2018;1252,39
1/24/2018;1258,75
1/25/2018;1263,45
1/26/2018;1273,07
1/29/2018;1267,98
1/30/2018;1247,63
1/31/2018;1254,59
2/1/2018;1248,65
2/2/2018;1230,84
2/5/2018;1209,34
2/6/2018;1176,18
2/7/2018;1173,38
2/8/2018;1163,09
2/9/2018;1142,85
2/12/2018;1153,37
2/13/2018;1164,49
2/14/2018;1185,33
2/15/2018;1202,62
2/16/2018;1199,73
2/19/2018;1201,04
2/20/2018;1194,53
2/21/2018;1209,67
2/22/2018;1200,9
2/23/2018;1216,43
2/26/2018;1221,08
2/27/2018;1212,33
2/28/2018;1195,19
3/1/2018;1192,25
3/2/2018;1182,06
3/5/2018;1176,12
3/6/2018;1193,93
3/7/2018;1189,2
3/8/2018;1195,24
3/9/2018;1207,23
3/12/2018;1222,2
3/13/2018;1223,83
3/14/2018;1218,7
3/15/2018;1216,24
3/16/2018;1213,14
3/19/2018;1203,59
3/20/2018;1209,89
3/21/2018;1209,62
3/22/2018;1196,73
3/23/2018;1172,1
3/26/2018;1182,28
3/27/2018;1185,18
3/28/2018;1162,67
3/29/2018;1169,27
3/30/2018;1170,88
4/2/2018;1169,43
4/3/2018;1170,15
4/4/2018;1155,64
4/5/2018;1166,48
4/6/2018;1161,97
4/9/2018;1163,07
4/10/2018;1175,32
4/11/2018;1175,53
4/12/2018;1176,88
4/13/2018;1170,09
4/16/2018;1163,25
4/17/2018;1164,36
4/18/2018;1176,14
4/19/2018;1184,13
4/20/2018;1168,24
4/23/2018;1158,26
4/24/2018;1154,21
4/25/2018;1140,27
4/26/2018;1144,34
4/27/2018;1156,3
4/30/2018;1164,43
5/1/2018;1162,48
5/2/2018;1151,44
5/3/2018;1137,85
5/4/2018;1136,17
5/7/2018;1139,55
5/8/2018;1142,66
5/9/2018;1143,76
5/10/2018;1156,55
5/11/2018;1164,49
5/14/2018;1168,9
5/15/2018;1150,27
5/16/2018;1155,1
5/17/2018;1144,07
5/18/2018;1137,75
5/21/2018;1136,49
5/22/2018;1142,05
5/23/2018;1133,1
5/24/2018;1135,06
5/25/2018;1136,62
5/28/2018;1137
5/29/2018;1126,25
5/30/2018;1112,75
5/31/2018;1120,71
6/1/2018;1130,22
6/4/2018;1146,74
6/5/2018;1144,44
6/6/2018;1150,17
6/7/2018;1149,68
6/8/2018;1135,39
6/11/2018;1139,46
6/12/2018;1140,64
6/13/2018;1135,68
6/14/2018;1125,71
6/15/2018;1113,76
6/18/2018;1105,98
6/19/2018;1085,03
6/20/2018;1093,26
6/21/2018;1080,19
6/22/2018;1088
6/25/2018;1071,06
6/26/2018;1067,75
6/27/2018;1052,12
6/28/2018;1046,71
6/29/2018;1069,52
7/2/2018;1059,32
7/3/2018;1057,7
7/4/2018;1056,07
7/5/2018;1054,35
7/6/2018;1059,97
7/9/2018;1075,74
7/10/2018;1076,19
7/11/2018;1064,72
7/12/2018;1070,24
7/13/2018;1075,64
7/16/2018;1070,24
7/17/2018;1070,91
7/18/2018;1068,75
7/19/2018;1060,65
7/20/2018;1070,07
7/23/2018;1069,52
7/24/2018;1080,38
7/25/2018;1088,82
7/26/2018;1089,17
7/27/2018;1092,36
7/30/2018;1090,14
7/31/2018;1087,46
8/1/2018;1086,87
8/2/2018;1067,42
8/3/2018;1073,33
8/6/2018;1071
8/7/2018;1079,79
8/8/2018;1079,73
8/9/2018;1078,67
8/10/2018;1062,37
8/13/2018;1043,3
8/14/2018;1042,56
8/15/2018;1023,43
8/16/2018;1021,57
8/17/2018;1022,94
8/20/2018;1033,65
8/21/2018;1044,31
8/22/2018;1050,61
8/23/2018;1048,2
8/24/2018;1050,19
8/27/2018;1069,14
8/28/2018;1070,62
8/29/2018;1070,53
8/30/2018;1057,84
8/31/2018;1055,96
9/3/2018;1047,13
9/4/2018;1040,17
9/5/2018;1021,72
9/6/2018;1018,29
9/7/2018;1022,98
9/10/2018;1011,25
9/11/2018;1003,33
9/12/2018;1004,56
9/13/2018;1017,64
9/14/2018;1028,53
9/17/2018;1016,43
9/18/2018;1019,74
9/19/2018;1031,07
9/20/2018;1036,93
9/21/2018;1051,44
9/24/2018;1042,35
9/25/2018;1041,78
9/26/2018;1046,02
9/27/2018;1051,3
9/28/2018;1047,91
10/1/2018;1046,4
10/2/2018;1033,3
10/3/2018;1035,03
10/4/2018;1010,38
10/5/2018;1000,76
10/8/2018;995,5
10/9/2018;993,99
10/10/2018;985,67
10/11/2018;954,66
10/12/2018;980,09
10/15/2018;971,67
10/16/2018;984,66
10/17/2018;983,71
10/18/2018;970,9
10/19/2018;971,47
10/22/2018;982,86
10/23/2018;960,54
10/24/2018;953,05
10/25/2018;948,96
10/26/2018;939,55
10/29/2018;934,8
10/30/2018;936,3
10/31/2018;955,92
11/1/2018;971,44
11/2/2018;996,72
11/5/2018;992,38
11/6/2018;992,27
11/7/2018;997,92
11/8/2018;993,53
11/9/2018;976,17
11/12/2018;966,41
11/13/2018;966,02
11/14/2018;968,14
11/15/2018;980,85
11/16/2018;986,3
11/19/2018;988,31
11/20/2018;972,58
11/21/2018;975,04
11/22/2018;975,99
11/23/2018;969,17
11/26/2018;976,57
11/27/2018;980,16
11/28/2018;991,67
11/29/2018;998,05
11/30/2018;994,72
12/3/2018;1016,87
12/4/2018;1014,25
12/5/2018;1001,91
12/6/2018;978,93
12/7/2018;981,37
12/10/2018;962,79
12/11/2018;964,8
12/12/2018;978,9
12/13/2018;985,52
12/14/2018;971,9
12/17/2018;967,82
12/18/2018;962,98
12/19/2018;967,65
12/20/2018;959,79
12/21/2018;957,33
12/24/2018;952,84
12/25/2018;950,27
12/26/2018;950,15
12/27/2018;952,33
12/28/2018;962,63
12/31/2018;965,78
1/1/2019;966,04
1/2/2019;955,78
1/3/2019;949,57
1/4/2019;964,97
1/7/2019;977,96
1/8/2019;975,51
1/9/2019;994,41
1/10/2019;998,67
1/11/2019;1001,11
1/14/2019;992,71
1/15/2019;1005,11
1/16/2019;1009,39
1/17/2019;1008,99
1/18/2019;1018
1/21/2019;1018,45
1/22/2019;1010,63
1/23/2019;1011,56
1/24/2019;1019,44
1/25/2019;1032,34
1/28/2019;1028,06
1/29/2019;1029,75
1/30/2019;1036,63
1/31/2019;1049,93
2/1/2019;1050,2
2/4/2019;1048,05
2/5/2019;1051,9
2/6/2019;1048,46
2/7/2019;1041,97
2/8/2019;1036,03
2/11/2019;1035,41
2/12/2019;1042,13
2/13/2019;1041,84
2/14/2019;1039,19
2/15/2019;1030,64
2/18/2019;1036,73
2/19/2019;1036,97
2/20/2019;1049,32
2/21/2019;1050,99
2/22/2019;1058,65
2/25/2019;1067,64
2/26/2019;1064,94
2/27/2019;1061,26
2/28/2019;1050,95
3/1/2019;1051,54
3/4/2019;1053,62
3/5/2019;1055,12
3/6/2019;1055,68
3/7/2019;1043,56
3/8/2019;1030,13
3/11/2019;1041,15
3/12/2019;1051,52
3/13/2019;1050,46
3/14/2019;1048,2
3/15/2019;1057,3
3/18/2019;1069,26
3/19/2019;1070,95
3/20/2019;1068,47
3/21/2019;1069,68
3/22/2019;1059,63
3/25/2019;1047,71
3/26/2019;1050,45
3/27/2019;1044,1
3/28/2019;1045,21
3/29/2019;1058,13
4/1/2019;1070,09
4/2/2019;1071,14
4/3/2019;1079,8
4/4/2019;1080,73
4/5/2019;1085,14
4/8/2019;1088,5
4/9/2019;1093,44
4/10/2019;1096,05
4/11/2019;1087,49
4/12/2019;1089,09
4/15/2019;1086,22
4/16/2019;1093,55
4/17/2019;1096,39
4/18/2019;1092,52
4/19/2019;1092,52
4/22/2019;1089,03
4/23/2019;1089,76
4/24/2019;1084,52
4/25/2019;1076,71
4/26/2019;1078,06
4/29/2019;1082,91
4/30/2019;1079,24
5/1/2019;1080,48
5/2/2019;1078,95
5/3/2019;1082,77
5/6/2019;1062,64
5/7/2019;1057,05
5/8/2019;1050,94
5/9/2019;1028,4
5/10/2019;1033,44
5/13/2019;1016,49
5/14/2019;1014,48
5/15/2019;1015,97
5/16/2019;1011,15
5/17/2019;996,39
5/20/2019;994,08
5/21/2019;998,97
5/22/2019;998
5/23/2019;984,81
5/24/2019;986,65
5/27/2019;989,15
5/28/2019;988,16
5/29/2019;985,44
5/30/2019;994,93
5/31/2019;998
6/3/2019;1008,34
6/4/2019;1005,43
6/5/2019;1004,68
6/6/2019;1002,75
6/7/2019;1007,39
6/10/2019;1022,03
6/11/2019;1031,85
6/12/2019;1026,24
6/13/2019;1022,08
6/14/2019;1015,08
6/17/2019;1010,97
6/18/2019;1023,91
6/19/2019;1038,27
6/20/2019;1053,78
6/21/2019;1053,22
6/24/2019;1053,06
6/25/2019;1045,3
6/26/2019;1047,91
6/27/2019;1054,86
6/28/2019;1054,86
7/1/2019;1064,09
7/2/2019;1063,64
7/3/2019;1059,63
7/4/2019;1064,63
7/5/2019;1059,93
7/8/2019;1046,25
7/9/2019;1042,47
7/10/2019;1048,95
7/11/2019;1055,15
7/12/2019;1050,91
7/15/2019;1057,75
7/16/2019;1060,38
7/17/2019;1054,9
7/18/2019;1051,72
7/19/2019;1057,49
7/22/2019;1053,81
7/23/2019;1055,49
7/24/2019;1055,34
7/25/2019;1054,29
7/26/2019;1048,66
7/29/2019;1045,73
7/30/2019;1043,15
7/31/2019;1037,01
8/1/2019;1024,56
8/2/2019;1003,76
8/5/2019;973
8/6/2019;972,67
8/7/2019;972,65
8/8/2019;984,3
8/9/2019;981,19
8/12/2019;974,48
8/13/2019;968,87
8/14/2019;964,43
8/15/2019;963,52
8/16/2019;970,27
8/19/2019;977,73
8/20/2019;980,11
8/21/2019;983,14
8/22/2019;975,66
8/23/2019;973,66
8/26/2019;960,81
8/27/2019;964,59
8/28/2019;965,35
8/29/2019;970,08
8/30/2019;984,33
9/2/2019;983,76
9/3/2019;973,27
9/4/2019;990,61
9/5/2019;1003,01
9/6/2019;1007,96
9/9/2019;1010,58
9/10/2019;1008,13
9/11/2019;1017,04
9/12/2019;1022,33
9/13/2019;1026,61
9/16/2019;1027,08
9/17/2019;1018,93
9/18/2019;1021,36
9/19/2019;1016,57
9/20/2019;1021,27
9/23/2019;1015,23
9/24/2019;1011,35
9/25/2019;1005,56
9/26/2019;1009,3
9/27/2019;1001,5
9/30/2019;1001
10/1/2019;998,48
10/2/2019;989,2
10/3/2019;992,28
10/4/2019;996,58
10/7/2019;994,16
10/8/2019;993,95
10/9/2019;993,01
10/10/2019;996,5
10/11/2019;1011,54
10/14/2019;1017,45
10/15/2019;1019,25
10/16/2019;1024,08
10/17/2019;1028,39
10/18/2019;1024,02
10/21/2019;1028,51
10/22/2019;1034,08
10/23/2019;1030,95
10/24/2019;1037,41
10/25/2019;1035,84
10/28/2019;1042,97
10/29/2019;1043,73
10/30/2019;1041,5
10/31/2019;1041,98
11/1/2019;1049,19
11/4/2019;1064,55
11/5/2019;1071,22
11/6/2019;1068,87
11/7/2019;1073,57
11/8/2019;1064,85
11/11/2019;1052,88
11/12/2019;1055,83
11/13/2019;1043,83
11/14/2019;1042,25
11/15/2019;1048,79
11/18/2019;1052,12
11/19/2019;1057,16
11/20/2019;1052
11/21/2019;1044,58
11/22/2019;1048,55
11/25/2019;1053,47
11/26/2019;1047,84
11/27/2019;1052,93
11/28/2019;1050,39
11/29/2019;1040,05
12/2/2019;1040,22
12/3/2019;1037,38
12/4/2019;1036,57
12/5/2019;1042,85
12/6/2019;1048,96
12/9/2019;1051,11
12/10/2019;1049,5
12/11/2019;1058,23
12/12/2019;1070,71
12/13/2019;1086,91
12/16/2019;1087,96
12/17/2019;1102,61
12/18/2019;1109,18
12/19/2019;1106,63
12/20/2019;1107,64
12/23/2019;1111,64
12/24/2019;1109,07
12/25/2019;1109,14
12/26/2019;1112,08
12/27/2019;1118,61
12/30/2019;1118,42
12/31/2019;1114,66
1/1/2020;1114,64
1/2/2020;1128,01
1/3/2020;1123,87
1/6/2020;1112,53
1/7/2020;1115,84
1/8/2020;1111,4
1/9/2020;1129,37
1/10/2020;1133,63
1/13/2020;1144
1/14/2020;1143,86
1/15/2020;1137,98
1/16/2020;1140,62
1/17/2020;1146,83
1/20/2020;1145,68
1/21/2020;1126,85
1/22/2020;1133,4
1/23/2020;1122,19
1/24/2020;1119,39
1/27/2020;1102,98
1/28/2020;1101,72
1/29/2020;1097,51
1/30/2020;1072,79
1/31/2020;1062,34
2/3/2020;1060,32
2/4/2020;1085,39
2/5/2020;1089,4
2/6/2020;1102,39
2/7/2020;1091,65
2/10/2020;1086,93
2/11/2020;1099,41
2/12/2020;1109,7
2/13/2020;1106,07
2/14/2020;1106,3
2/17/2020;1107,99
2/18/2020;1095,66
2/19/2020;1103,69
2/20/2020;1095,32
2/21/2020;1084,22
2/24/2020;1055,32
2/25/2020;1056,54
2/26/2020;1043,31
2/27/2020;1030,67
2/28/2020;1005,52
3/2/2020;1017,03
3/3/2020;1027,82
3/4/2020;1037,81
3/5/2020;1039,34
3/6/2020;1012,08
3/9/2020;947,92
3/10/2020;964,55
3/11/2020;946,62
3/12/2020;883,13
3/13/2020;891,19
3/16/2020;833,18
3/17/2020;826,68
3/18/2020;787,81
3/19/2020;766,41
3/20/2020;803,23
3/23/2020;758,2
3/24/2020;801,66
3/25/2020;836,54
3/26/2020;851,28
3/27/2020;842,54
3/30/2020;832,02
3/31/2020;848,58
4/1/2020;827,26
4/2/2020;838,53
4/3/2020;831,72
4/6/2020;853,83
4/7/2020;878,15
4/8/2020;873,85
4/9/2020;887,58
4/10/2020;888,16
4/13/2020;883,14
4/14/2020;896,29
4/15/2020;888,14
4/16/2020;884,86
4/17/2020;901,31
4/20/2020;899,33
4/21/2020;878,24
4/22/2020;888,64
4/23/2020;891,81
4/24/2020;879,41
4/27/2020;895,33
4/28/2020;902,7
4/29/2020;919,66
4/30/2020;924,94
5/1/2020;916,77
5/4/2020;887,98
5/5/2020;895,74
5/6/2020;898,7
5/7/2020;896,89
5/8/2020;911,65
5/11/2020;915,9
5/12/2020;909,31
5/13/2020;909,2
5/14/2020;900,87
5/15/2020;901,16
5/18/2020;912,57
5/19/2020;925,22
5/20/2020;931,5
5/21/2020;930,01
5/22/2020;905,25
5/25/2020;911,41
5/26/2020;926,65
5/27/2020;927,36
5/28/2020;925,34
5/29/2020;930,35
6/1/2020;951,48
6/2/2020;967,48
6/3/2020;988,02
6/4/2020;988,8
6/5/2020;1002,65
6/8/2020;1007,46
6/9/2020;1009,61
6/10/2020;1012,51
6/11/2020;993,59
6/12/2020;987,01
6/15/2020;966,32
6/16/2020;989,87
6/17/2020;994,62
6/18/2020;995,18
6/19/2020;1001,36
6/22/2020;1000,19
6/23/2020;1014,62
6/24/2020;1010,79
6/25/2020;1004,44
6/26/2020;998,9
6/29/2020;993,96
6/30/2020;995,1
7/1/2020;1001,08
7/2/2020;1023,48
7/3/2020;1033,09
7/6/2020;1060,5
7/7/2020;1052,54
7/8/2020;1070,14
7/9/2020;1079,69
7/10/2020;1069,27
7/13/2020;1071,36
7/14/2020;1059,52
7/15/2020;1066,29
7/16/2020;1045,93
7/17/2020;1055,06
7/20/2020;1064,5
7/21/2020;1085,86
7/22/2020;1077,78
7/23/2020;1077,6
7/24/2020;1060,47
7/27/2020;1073,14
7/28/2020;1082,02
7/29/2020;1086,62
7/30/2020;1082,06
7/31/2020;1078,92
8/3/2020;1077,87
8/4/2020;1089,58
8/5/2020;1103,03
8/6/2020;1106,58
8/7/2020;1089,32
8/10/2020;1086,45
8/11/2020;1091,23
8/12/2020;1093,98
8/13/2020;1096,18
8/14/2020;1093,16
8/17/2020;1099,96
8/18/2020;1104,96
8/19/2020;1099,41
8/20/2020;1080,54
8/21/2020;1091,85
8/24/2020;1108,23
8/25/2020;1114,72
8/26/2020;1119,34
8/27/2020;1117,22
8/28/2020;1121,6
8/31/2020;1101,5
9/1/2020;1120,02
9/2/2020;1118,9
9/3/2020;1108,85
9/4/2020;1099,5
9/7/2020;1094,56
9/8/2020;1094,56
