Dates;U.S._Treasury
9/1/2000;1037,33
9/4/2000;1037,33
9/5/2000;1038,19
9/6/2000;1036,02
9/7/2000;1034,79
9/8/2000;1036,47
9/11/2000;1034,92
9/12/2000;1034,41
9/13/2000;1036,65
9/14/2000;1033,46
9/15/2000;1030,96
9/18/2000;1030,02
9/19/2000;1031,04
9/20/2000;1028,92
9/21/2000;1030,93
9/22/2000;1032,08
9/25/2000;1032,95
9/26/2000;1035,37
9/27/2000;1034,08
9/28/2000;1034,56
9/29/2000;1036
10/2/2000;1034,41
10/3/2000;1033,18
10/4/2000;1032,54
10/5/2000;1034,95
10/6/2000;1037,58
10/9/2000;1037,58
10/10/2000;1039,61
10/11/2000;1040,51
10/12/2000;1043,2
10/13/2000;1043,52
10/16/2000;1042,79
10/17/2000;1046,93
10/18/2000;1047,01
10/19/2000;1047,67
10/20/2000;1049,36
10/23/2000;1052,73
10/24/2000;1050,83
10/25/2000;1048,26
10/26/2000;1048,88
10/27/2000;1047,92
10/30/2000;1047,8
10/31/2000;1046,1
11/1/2000;1047,59
11/2/2000;1047,79
11/3/2000;1043,14
11/6/2000;1041,96
11/7/2000;1042
11/8/2000;1043,04
11/9/2000;1045,63
11/10/2000;1045,43
11/13/2000;1048,25
11/14/2000;1049,4
11/15/2000;1051,97
11/16/2000;1053,74
11/17/2000;1052,31
11/20/2000;1053,87
11/21/2000;1054,82
11/22/2000;1059,84
11/23/2000;1059,84
11/24/2000;1058,2
11/27/2000;1057,73
11/28/2000;1060,16
11/29/2000;1062,45
11/30/2000;1067,54
12/1/2000;1064,39
12/4/2000;1064,51
12/5/2000;1069,79
12/6/2000;1075,06
12/7/2000;1075,84
12/8/2000;1073,72
12/11/2000;1073,64
12/12/2000;1074,48
12/13/2000;1078,63
12/14/2000;1081,72
12/15/2000;1083,42
12/18/2000;1084,26
12/19/2000;1083,04
12/20/2000;1087,38
12/21/2000;1090,45
12/22/2000;1092,12
12/25/2000;1092,12
12/26/2000;1091,58
12/27/2000;1088,24
12/28/2000;1087,65
12/29/2000;1087,91
1/1/2001;1087,91
1/2/2001;1099,3
1/3/2001;1089,3
1/4/2001;1095,18
1/5/2001;1100,13
1/8/2001;1101,9
1/9/2001;1098,86
1/10/2001;1093,97
1/11/2001;1090,89
1/12/2001;1085,17
1/15/2001;1085,17
1/16/2001;1087,18
1/17/2001;1092,06
1/18/2001;1097,15
1/19/2001;1092,17
1/22/2001;1089,86
1/23/2001;1086,45
1/24/2001;1085,59
1/25/2001;1088,11
1/26/2001;1088,05
1/29/2001;1087,14
1/30/2001;1092,46
1/31/2001;1096,76
2/1/2001;1102,28
2/2/2001;1097,72
2/5/2001;1098,97
2/6/2001;1096,74
2/7/2001;1097,36
2/8/2001;1097,16
2/9/2001;1101,14
2/12/2001;1099,11
2/13/2001;1097,79
2/14/2001;1095,76
2/15/2001;1091,69
2/16/2001;1096,15
2/19/2001;1096,15
2/20/2001;1097,14
2/21/2001;1095,14
2/22/2001;1095,5
2/23/2001;1099,36
2/26/2001;1102,53
2/27/2001;1108,06
2/28/2001;1110,02
3/1/2001;1113,29
3/2/2001;1107,25
3/5/2001;1107,51
3/6/2001;1106,96
3/7/2001;1111,39
3/8/2001;1112,89
3/9/2001;1111,02
3/12/2001;1112,37
3/13/2001;1111,4
3/14/2001;1116,57
3/15/2001;1118,68
3/16/2001;1120,79
3/19/2001;1118,11
3/20/2001;1120,64
3/21/2001;1121,58
3/22/2001;1125,18
3/23/2001;1120,63
3/26/2001;1117,97
3/27/2001;1110,18
3/28/2001;1110,47
3/29/2001;1111,04
3/30/2001;1113,58
4/2/2001;1112,26
4/3/2001;1114,03
4/4/2001;1114,78
4/5/2001;1112,5
4/6/2001;1118,79
4/9/2001;1116,77
4/10/2001;1107,79
4/11/2001;1106,75
4/12/2001;1104,88
4/13/2001;1104,88
4/16/2001;1098,48
4/17/2001;1103,28
4/18/2001;1107,05
4/19/2001;1099,96
4/20/2001;1100,08
4/23/2001;1105,34
4/24/2001;1104,46
4/25/2001;1101,73
4/26/2001;1106,31
4/27/2001;1098,95
4/30/2001;1099,74
5/1/2001;1102,61
5/2/2001;1104,13
5/3/2001;1109,11
5/4/2001;1110,23
5/7/2001;1109,92
5/8/2001;1108,76
5/9/2001;1111,6
5/10/2001;1105,53
5/11/2001;1094,69
5/14/2001;1098,14
5/15/2001;1095,79
5/16/2001;1097,82
5/17/2001;1099,4
5/18/2001;1100,44
5/21/2001;1101,16
5/22/2001;1100,89
5/23/2001;1100,88
5/24/2001;1096,14
5/25/2001;1096,48
5/28/2001;1096,48
5/29/2001;1096,68
5/30/2001;1097,11
5/31/2001;1103,17
6/1/2001;1105,97
6/4/2001;1107,89
6/5/2001;1111,16
6/6/2001;1111,22
6/7/2001;1108,68
6/8/2001;1106,84
6/11/2001;1110,48
6/12/2001;1113,42
6/13/2001;1113,54
6/14/2001;1115,94
6/15/2001;1114,83
6/18/2001;1115,25
6/19/2001;1116,04
6/20/2001;1117,78
6/21/2001;1119,22
6/22/2001;1123,97
6/25/2001;1123,4
6/26/2001;1118,79
6/27/2001;1118,05
6/28/2001;1112,88
6/29/2001;1109,09
7/2/2001;1113,19
7/3/2001;1110,6
7/4/2001;1110,6
7/5/2001;1108,87
7/6/2001;1111,71
7/9/2001;1114,26
7/10/2001;1117,43
7/11/2001;1116,76
7/12/2001;1119,82
7/13/2001;1120,03
7/16/2001;1123,57
7/17/2001;1123,96
7/18/2001;1130,2
7/19/2001;1129,21
7/20/2001;1128,78
7/23/2001;1130,33
7/24/2001;1131,65
7/25/2001;1127,8
7/26/2001;1128,5
7/27/2001;1132,11
7/30/2001;1134,2
7/31/2001;1136,76
8/1/2001;1135,13
8/2/2001;1131,34
8/3/2001;1130,52
8/6/2001;1131,05
8/7/2001;1130,84
8/8/2001;1137,36
8/9/2001;1135,94
8/10/2001;1138,1
8/13/2001;1139,86
8/14/2001;1139,34
8/15/2001;1138,07
8/16/2001;1140,93
8/17/2001;1145,91
8/20/2001;1143,15
8/21/2001;1144,35
8/22/2001;1144,16
8/23/2001;1146,41
8/24/2001;1144,14
8/27/2001;1143,43
8/28/2001;1148,41
8/29/2001;1152,18
8/30/2001;1152,26
8/31/2001;1151,82
9/3/2001;1151,82
9/4/2001;1142,05
9/5/2001;1143,08
9/6/2001;1149,68
9/7/2001;1153,88
9/10/2001;1152,13
9/11/2001;1152,13
9/12/2001;1152,13
9/13/2001;1152,13
9/14/2001;1169,14
9/17/2001;1164,83
9/18/2001;1158,19
9/19/2001;1160,57
9/20/2001;1156,37
9/21/2001;1158,85
9/24/2001;1158,78
9/25/2001;1160,34
9/26/2001;1165,5
9/27/2001;1170,07
9/28/2001;1170,1
10/1/2001;1172,82
10/2/2001;1175,69
10/3/2001;1176,86
10/4/2001;1177,24
10/5/2001;1177,58
10/8/2001;1177,58
10/9/2001;1173,64
10/10/2001;1174,62
10/11/2001;1169,71
10/12/2001;1169,92
10/15/2001;1174,22
10/16/2001;1176,35
10/17/2001;1177,34
10/18/2001;1178,16
10/19/2001;1175,25
10/22/2001;1176,02
10/23/2001;1174,94
10/24/2001;1179,74
10/25/2001;1183,3
10/26/2001;1183,96
10/29/2001;1187,24
10/30/2001;1190,71
10/31/2001;1202,51
11/1/2001;1204,9
11/2/2001;1196,29
11/5/2001;1201,62
11/6/2001;1203,54
11/7/2001;1210,05
11/8/2001;1203,89
11/9/2001;1202,61
11/12/2001;1202,61
11/13/2001;1198,88
11/14/2001;1190,19
11/15/2001;1175,33
11/16/2001;1166,43
11/19/2001;1175,68
11/20/2001;1168,59
11/21/2001;1162,3
11/22/2001;1162,3
11/23/2001;1159,29
11/26/2001;1159,01
11/27/2001;1162,27
11/28/2001;1162,62
11/29/2001;1172,84
11/30/2001;1172,74
12/3/2001;1175,51
12/4/2001;1179,91
12/5/2001;1164,54
12/6/2001;1157,69
12/7/2001;1148,25
12/10/2001;1151,45
12/11/2001;1155,14
12/12/2001;1161,1
12/13/2001;1154,5
12/14/2001;1150,59
12/17/2001;1147,31
12/18/2001;1154,39
12/19/2001;1159,67
12/20/2001;1158,93
12/21/2001;1157,3
12/24/2001;1154,93
12/25/2001;1154,93
12/26/2001;1152,46
12/27/2001;1157,16
12/28/2001;1155,25
12/31/2001;1161,32
1/1/2002;1161,32
1/2/2002;1153,38
1/3/2002;1155,69
1/4/2002;1154,41
1/7/2002;1161,83
1/8/2002;1161,6
1/9/2002;1162,34
1/10/2002;1169,7
1/11/2002;1175,3
1/14/2002;1175,06
1/15/2002;1177,82
1/16/2002;1176,84
1/17/2002;1171,47
1/18/2002;1174,81
1/21/2002;1174,81
1/22/2002;1174,24
1/23/2002;1167,35
1/24/2002;1166,12
1/25/2002;1164,84
1/28/2002;1165,63
1/29/2002;1172,41
1/30/2002;1172,28
1/31/2002;1169,14
2/1/2002;1172,16
2/4/2002;1177,64
2/5/2002;1177,49
2/6/2002;1175,88
2/7/2002;1174,02
2/8/2002;1177,47
2/11/2002;1176,46
2/12/2002;1172
2/13/2002;1170,74
2/14/2002;1173,91
2/15/2002;1178,93
2/18/2002;1178,93
2/19/2002;1178,34
2/20/2002;1178,46
2/21/2002;1179,73
2/22/2002;1182,11
2/25/2002;1181,19
2/26/2002;1176,82
2/27/2002;1182,48
2/28/2002;1179,67
3/1/2002;1173,04
3/4/2002;1172,26
3/5/2002;1172,76
3/6/2002;1170,45
3/7/2002;1159,8
3/8/2002;1154,5
3/11/2002;1154,25
3/12/2002;1154,95
3/13/2002;1157,42
3/14/2002;1149,27
3/15/2002;1152,44
3/18/2002;1155,37
3/19/2002;1154,14
3/20/2002;1149,5
3/21/2002;1151,11
3/22/2002;1149,75
3/25/2002;1150,07
3/26/2002;1154,58
3/27/2002;1155,36
3/28/2002;1151,29
3/29/2002;1151,29
4/1/2002;1151,37
4/2/2002;1157,07
4/3/2002;1161,33
4/4/2002;1161,98
4/5/2002;1166,02
4/8/2002;1164,71
4/9/2002;1166,53
4/10/2002;1165,67
4/11/2002;1167,55
4/12/2002;1170,23
4/15/2002;1172,69
4/16/2002;1170,29
4/17/2002;1167
4/18/2002;1168,29
4/19/2002;1169,45
4/22/2002;1171,12
4/23/2002;1171,67
4/24/2002;1176,7
4/25/2002;1177,49
4/26/2002;1179,6
4/29/2002;1178,33
4/30/2002;1179,93
5/1/2002;1182,11
5/2/2002;1179,18
5/3/2002;1182,74
5/6/2002;1182,65
5/7/2002;1183,31
5/8/2002;1174,43
5/9/2002;1177,02
5/10/2002;1180,74
5/13/2002;1175,6
5/14/2002;1170,3
5/15/2002;1172,34
5/16/2002;1176,09
5/17/2002;1172,02
5/20/2002;1176,15
5/21/2002;1179,07
5/22/2002;1182,42
5/23/2002;1179,83
5/24/2002;1180,58
5/27/2002;1180,58
5/28/2002;1181,1
5/29/2002;1184,74
5/30/2002;1187,64
5/31/2002;1186,54
6/3/2002;1187,52
6/4/2002;1189,37
6/5/2002;1187,12
6/6/2002;1189,61
6/7/2002;1186,85
6/10/2002;1188,79
6/11/2002;1192,47
6/12/2002;1194,84
6/13/2002;1197,39
6/14/2002;1204,3
6/17/2002;1201
6/18/2002;1201,81
6/19/2002;1208,95
6/20/2002;1203
6/21/2002;1207,37
6/24/2002;1203
6/25/2002;1203,16
6/26/2002;1210,68
6/27/2002;1203,66
6/28/2002;1203,29
7/1/2002;1204,32
7/2/2002;1209,4
7/3/2002;1209,49
7/4/2002;1209,49
7/5/2002;1202,5
7/8/2002;1205,92
7/9/2002;1210,9
7/10/2002;1217,63
7/11/2002;1219,15
7/12/2002;1220,55
7/15/2002;1219,37
7/16/2002;1213,16
7/17/2002;1216,48
7/18/2002;1219,77
7/19/2002;1223,03
7/22/2002;1229,33
7/23/2002;1231,29
7/24/2002;1231,38
7/25/2002;1233,19
7/26/2002;1233,39
7/29/2002;1224,45
7/30/2002;1223,61
7/31/2002;1231,8
8/1/2002;1234,99
8/2/2002;1244,05
8/5/2002;1246,68
8/6/2002;1239,04
8/7/2002;1244,43
8/8/2002;1239,9
8/9/2002;1247,51
8/12/2002;1250,65
8/13/2002;1256,55
8/14/2002;1259,07
8/15/2002;1252,65
8/16/2002;1244,28
8/19/2002;1246,09
8/20/2002;1254,17
8/21/2002;1252,68
8/22/2002;1246,74
8/23/2002;1251,87
8/26/2002;1253,5
8/27/2002;1248,17
8/28/2002;1252,45
8/29/2002;1256,66
8/30/2002;1258,43
9/2/2002;1258,43
9/3/2002;1269,93
9/4/2002;1271,33
9/5/2002;1274,72
9/6/2002;1265,16
9/9/2002;1264,85
9/10/2002;1267,89
9/11/2002;1263,26
9/12/2002;1269,47
9/13/2002;1274,24
9/16/2002;1276,43
9/17/2002;1277,2
9/18/2002;1277,37
9/19/2002;1281,94
9/20/2002;1280,97
9/23/2002;1287,19
9/24/2002;1289,54
9/25/2002;1281,73
9/26/2002;1281,48
9/27/2002;1286,59
9/30/2002;1292,36
10/1/2002;1286,22
10/2/2002;1286,99
10/3/2002;1287,18
10/4/2002;1287,29
10/7/2002;1290,27
10/8/2002;1289,26
10/9/2002;1294,07
10/10/2002;1290,08
10/11/2002;1281,53
10/14/2002;1281,53
10/15/2002;1268,35
10/16/2002;1266,42
10/17/2002;1260,59
10/18/2002;1260,3
10/21/2002;1255,93
10/22/2002;1254,49
10/23/2002;1254,81
10/24/2002;1260,52
10/25/2002;1264,55
10/28/2002;1266,17
10/29/2002;1275,85
10/30/2002;1274,72
10/31/2002;1278,06
11/1/2002;1274,94
11/4/2002;1271,19
11/5/2002;1269,52
11/6/2002;1272,13
11/7/2002;1282,11
11/8/2002;1286,01
11/11/2002;1286,01
11/12/2002;1286,7
11/13/2002;1288,06
11/14/2002;1276,8
11/15/2002;1275,39
11/18/2002;1277,91
11/19/2002;1280,5
11/20/2002;1273,98
11/21/2002;1269,12
11/22/2002;1266,94
11/25/2002;1267,24
11/26/2002;1273,92
11/27/2002;1262,17
11/28/2002;1262,17
11/29/2002;1265,4
12/2/2002;1265,4
12/3/2002;1264,96
12/4/2002;1269,03
12/5/2002;1272,92
12/6/2002;1274,57
12/9/2002;1278,21
12/10/2002;1279,25
12/11/2002;1283,46
12/12/2002;1283,34
12/13/2002;1279
12/16/2002;1274,56
12/17/2002;1275,87
12/18/2002;1280,44
12/19/2002;1286,93
12/20/2002;1287,21
12/23/2002;1286,44
12/24/2002;1290,24
12/25/2002;1290,24
12/26/2002;1291,57
12/27/2002;1298,2
12/30/2002;1300,42
12/31/2002;1298,28
1/1/2003;1298,28
1/2/2003;1283,93
1/3/2003;1283,97
1/6/2003;1282,5
1/7/2003;1285,1
1/8/2003;1288,7
1/9/2003;1277,14
1/10/2003;1277,5
1/13/2003;1280,01
1/14/2003;1282,85
1/15/2003;1284,46
1/16/2003;1284,9
1/17/2003;1288,47
1/20/2003;1288,47
1/21/2003;1291,03
1/22/2003;1295,05
1/23/2003;1292,69
1/24/2003;1296,58
1/27/2003;1293,75
1/28/2003;1293,13
1/29/2003;1289,36
1/30/2003;1292,59
1/31/2003;1294,33
2/3/2003;1294,06
2/4/2003;1297,99
2/5/2003;1292,64
2/6/2003;1297,26
2/7/2003;1299,28
2/10/2003;1295,59
2/11/2003;1296,6
2/12/2003;1299,33
2/13/2003;1303,77
2/14/2003;1298,02
2/17/2003;1298,02
2/18/2003;1299,14
2/19/2003;1303,63
2/20/2003;1305,89
2/21/2003;1302,34
2/24/2003;1305,76
2/25/2003;1308,39
2/26/2003;1311,2
2/27/2003;1312,42
2/28/2003;1316,6
3/3/2003;1317,8
3/4/2003;1319,46
3/5/2003;1321,6
3/6/2003;1319,63
3/7/2003;1322,06
3/10/2003;1325,6
3/11/2003;1324,47
3/12/2003;1324,56
3/13/2003;1313,87
3/14/2003;1315,79
3/17/2003;1308,99
3/18/2003;1303,66
3/19/2003;1299,84
3/20/2003;1296,96
3/21/2003;1290,86
3/24/2003;1299,29
3/25/2003;1299,72
3/26/2003;1301,06
3/27/2003;1302,57
3/28/2003;1305,04
3/31/2003;1311,12
4/1/2003;1311,14
4/2/2003;1304,26
4/3/2003;1305,11
4/4/2003;1303,58
4/7/2003;1299,89
4/8/2003;1305,78
4/9/2003;1307,76
4/10/2003;1305,61
4/11/2003;1303,11
4/14/2003;1300,78
4/15/2003;1304,14
4/16/2003;1306,2
4/17/2003;1305,74
4/18/2003;1305,74
4/21/2003;1305
4/22/2003;1305,09
4/23/2003;1305,26
4/24/2003;1311,77
4/25/2003;1313,28
4/28/2003;1313,13
4/29/2003;1311,23
4/30/2003;1317,22
5/1/2003;1317,65
5/2/2003;1313,82
5/5/2003;1316,2
5/6/2003;1321,79
5/7/2003;1328,34
5/8/2003;1330,26
5/9/2003;1329,99
5/12/2003;1333,36
5/13/2003;1334,47
5/14/2003;1341,54
5/15/2003;1341,33
5/16/2003;1346,55
5/19/2003;1347,05
5/20/2003;1353,92
5/21/2003;1352,77
5/22/2003;1356,75
5/23/2003;1357,24
5/26/2003;1357,24
5/27/2003;1352,38
5/28/2003;1350,24
5/29/2003;1356,08
5/30/2003;1355,21
6/2/2003;1350,36
6/3/2003;1357,4
6/4/2003;1360,3
6/5/2003;1356,57
6/6/2003;1356,05
6/9/2003;1361,61
6/10/2003;1368,87
6/11/2003;1368,8
6/12/2003;1371,18
6/13/2003;1375,93
6/16/2003;1370,71
6/17/2003;1363,64
6/18/2003;1357,11
6/19/2003;1358,09
6/20/2003;1354,46
6/23/2003;1360,48
6/24/2003;1364,45
6/25/2003;1355,91
6/26/2003;1344,9
6/27/2003;1342,89
6/30/2003;1346,91
7/1/2003;1345,55
7/2/2003;1347,02
7/3/2003;1339,95
7/4/2003;1339,95
7/7/2003;1336,66
7/8/2003;1334,98
7/9/2003;1336,56
7/10/2003;1338,47
7/11/2003;1341,21
7/14/2003;1335,47
7/15/2003;1322,99
7/16/2003;1321,77
7/17/2003;1321,52
7/18/2003;1320,43
7/21/2003;1307,75
7/22/2003;1310,09
7/23/2003;1312,73
7/24/2003;1309,27
7/25/2003;1308,23
7/28/2003;1301,31
7/29/2003;1294,48
7/30/2003;1299,29
7/31/2003;1287,75
8/1/2003;1288,52
8/4/2003;1295,07
8/5/2003;1286,71
8/6/2003;1297,51
8/7/2003;1300,34
8/8/2003;1300,39
8/11/2003;1296,18
8/12/2003;1297,92
8/13/2003;1285
8/14/2003;1284,46
8/15/2003;1287,14
8/18/2003;1290,16
8/19/2003;1297,51
8/20/2003;1293,84
8/21/2003;1289,05
8/22/2003;1292,71
8/25/2003;1288,92
8/26/2003;1292,02
8/27/2003;1288,54
8/28/2003;1296,21
8/29/2003;1295,39
9/1/2003;1295,39
9/2/2003;1285,43
9/3/2003;1285,92
9/4/2003;1291,46
9/5/2003;1303,15
9/8/2003;1301,71
9/9/2003;1303,19
9/10/2003;1310,09
9/11/2003;1305,72
9/12/2003;1309,89
9/15/2003;1311,94
9/16/2003;1309,09
9/17/2003;1315,55
9/18/2003;1315,22
9/19/2003;1316,49
9/22/2003;1312,23
9/23/2003;1314,79
9/24/2003;1320,16
9/25/2003;1322,28
9/26/2003;1327,48
9/29/2003;1324,35
9/30/2003;1334,45
10/1/2003;1334,81
10/2/2003;1330,29
10/3/2003;1316,79
10/6/2003;1321,07
10/7/2003;1314,74
10/8/2003;1314,91
10/9/2003;1311,1
10/10/2003;1314,55
10/13/2003;1314,55
10/14/2003;1308,67
10/15/2003;1305,14
10/16/2003;1300,36
10/17/2003;1305,07
10/20/2003;1306,72
10/21/2003;1307,3
10/22/2003;1313,7
10/23/2003;1311,31
10/24/2003;1318,49
10/27/2003;1315,43
10/28/2003;1320,91
10/29/2003;1315,36
10/30/2003;1311,04
10/31/2003;1314,09
11/3/2003;1310,42
11/4/2003;1314,39
11/5/2003;1310,52
11/6/2003;1306,09
11/7/2003;1303,89
11/10/2003;1303,21
11/11/2003;1303,21
11/12/2003;1307,16
11/13/2003;1317,04
11/14/2003;1321,52
11/17/2003;1324,81
11/18/2003;1325,94
11/19/2003;1321,21
11/20/2003;1326,26
11/21/2003;1326,99
11/24/2003;1321,79
11/25/2003;1324,57
11/26/2003;1320,8
11/27/2003;1320,8
11/28/2003;1315,73
12/1/2003;1311,72
12/2/2003;1312,99
12/3/2003;1310,59
12/4/2003;1313,81
12/5/2003;1325,22
12/8/2003;1321,02
12/9/2003;1316,14
12/10/2003;1319,11
12/11/2003;1324,89
12/12/2003;1324,8
12/15/2003;1323,4
12/16/2003;1326,37
12/17/2003;1329,48
12/18/2003;1332,84
12/19/2003;1333,25
12/22/2003;1331,81
12/23/2003;1325,07
12/24/2003;1330,44
12/25/2003;1330,44
12/26/2003;1334,08
12/29/2003;1329,29
12/30/2003;1326,42
12/31/2003;1327,38
1/1/2004;1327,38
1/2/2004;1319,84
1/5/2004;1319,72
1/6/2004;1326,96
1/7/2004;1329,06
1/8/2004;1329,08
1/9/2004;1340,54
1/12/2004;1341,22
1/13/2004;1344,87
1/14/2004;1347,55
1/15/2004;1348,06
1/16/2004;1346,01
1/19/2004;1346,01
1/20/2004;1343,62
1/21/2004;1345,01
1/22/2004;1349,7
1/23/2004;1342,91
1/26/2004;1338,73
1/27/2004;1342,66
1/28/2004;1334,1
1/29/2004;1334,68
1/30/2004;1338,69
2/2/2004;1337,96
2/3/2004;1341,64
2/4/2004;1340,82
2/5/2004;1337,18
2/6/2004;1343,37
2/9/2004;1345,31
2/10/2004;1342,57
2/11/2004;1348,73
2/12/2004;1346,11
2/13/2004;1348,64
2/16/2004;1348,64
2/17/2004;1349,02
2/18/2004;1349,17
2/19/2004;1349,54
2/20/2004;1345,86
2/23/2004;1349,76
2/24/2004;1351,3
2/25/2004;1352,38
2/26/2004;1350,49
2/27/2004;1355,28
3/1/2004;1354,85
3/2/2004;1350,92
3/3/2004;1349,96
3/4/2004;1352,23
3/5/2004;1365,93
3/8/2004;1370,03
3/9/2004;1373,8
3/10/2004;1372,76
3/11/2004;1372,4
3/12/2004;1371,36
3/15/2004;1371,04
3/16/2004;1376,95
3/17/2004;1377,13
3/18/2004;1372,93
3/19/2004;1370,36
3/22/2004;1375,26
3/23/2004;1375,91
3/24/2004;1376,37
3/25/2004;1374,69
3/26/2004;1367,32
3/29/2004;1364,36
3/30/2004;1363,55
3/31/2004;1368
4/1/2004;1364,02
4/2/2004;1347,38
4/5/2004;1342,44
4/6/2004;1345,5
4/7/2004;1345,7
4/8/2004;1343,72
4/9/2004;1343,72
4/12/2004;1342,4
4/13/2004;1335,08
4/14/2004;1331,65
4/15/2004;1330,32
4/16/2004;1333,82
4/19/2004;1332,39
4/20/2004;1329,64
4/21/2004;1328,24
4/22/2004;1332,04
4/23/2004;1325,86
4/26/2004;1327,62
4/27/2004;1329,99
4/28/2004;1325,46
4/29/2004;1321,28
4/30/2004;1324
5/3/2004;1324,39
5/4/2004;1322,3
5/5/2004;1320,73
5/6/2004;1318,38
5/7/2004;1306,87
5/10/2004;1307,04
5/11/2004;1308,17
5/12/2004;1307,03
5/13/2004;1303,57
5/14/2004;1308,22
5/17/2004;1314,52
5/18/2004;1312,32
5/19/2004;1308,41
5/20/2004;1313,51
5/21/2004;1310,8
5/24/2004;1312,76
5/25/2004;1313,88
5/26/2004;1317,9
5/27/2004;1323,32
5/28/2004;1319,45
5/31/2004;1319,45
6/1/2004;1316,28
6/2/2004;1314,16
6/3/2004;1315,28
6/4/2004;1310,76
6/7/2004;1312,39
6/8/2004;1312,15
6/9/2004;1309,22
6/10/2004;1310,16
6/11/2004;1310,16
6/14/2004;1304,76
6/15/2004;1317,4
6/16/2004;1314,36
6/17/2004;1317,4
6/18/2004;1316,3
6/21/2004;1317,88
6/22/2004;1317,22
6/23/2004;1318,09
6/24/2004;1321,97
6/25/2004;1322,1
6/28/2004;1315,83
6/29/2004;1318,87
6/30/2004;1324,75
7/1/2004;1328,61
7/2/2004;1335,64
7/5/2004;1335,64
7/6/2004;1335,13
7/7/2004;1335,49
7/8/2004;1336,09
7/9/2004;1336,5
7/12/2004;1338,13
7/13/2004;1335,75
7/14/2004;1335,64
7/15/2004;1335,18
7/16/2004;1343,54
7/19/2004;1343,66
7/20/2004;1337,33
7/21/2004;1334,88
7/22/2004;1336,4
7/23/2004;1338,16
7/26/2004;1335,9
7/27/2004;1328,26
7/28/2004;1329,37
7/29/2004;1330,67
7/30/2004;1337,36
8/2/2004;1339,04
8/3/2004;1340,96
8/4/2004;1340,84
8/5/2004;1342,55
8/6/2004;1355,64
8/9/2004;1354,28
8/10/2004;1351,09
8/11/2004;1352,07
8/12/2004;1353,7
8/13/2004;1357,02
8/16/2004;1354,64
8/17/2004;1358,2
8/18/2004;1357,07
8/19/2004;1358,33
8/20/2004;1356,91
8/23/2004;1354,08
8/24/2004;1354,27
8/25/2004;1355,35
8/26/2004;1357,72
8/27/2004;1357,79
8/30/2004;1360,65
8/31/2004;1365,02
9/1/2004;1365,72
9/2/2004;1361,62
9/3/2004;1354,23
9/6/2004;1354,23
9/7/2004;1357,85
9/8/2004;1363,85
9/9/2004;1361,81
9/10/2004;1363,14
9/13/2004;1365,13
9/14/2004;1366,85
9/15/2004;1364,39
9/16/2004;1371,46
9/17/2004;1367,31
9/20/2004;1372,59
9/21/2004;1373,49
9/22/2004;1376,99
9/23/2004;1373,84
9/24/2004;1373,39
9/27/2004;1376,12
9/28/2004;1375,38
9/29/2004;1370,04
9/30/2004;1368,53
10/1/2004;1364,42
10/4/2004;1365,55
10/5/2004;1365,87
10/6/2004;1362,37
10/7/2004;1360,91
10/8/2004;1368,78
10/11/2004;1368,78
10/12/2004;1371,47
10/13/2004;1373,5
10/14/2004;1377,75
10/15/2004;1374,89
10/18/2004;1375,55
10/19/2004;1376,34
10/20/2004;1379,81
10/21/2004;1379,63
10/22/2004;1380,65
10/25/2004;1382,09
10/26/2004;1381,25
10/27/2004;1374,61
10/28/2004;1375,51
10/29/2004;1379,38
11/1/2004;1375,3
11/2/2004;1376,38
11/3/2004;1377,32
11/4/2004;1377,29
11/5/2004;1368,22
11/8/2004;1366,78
11/9/2004;1366,77
11/10/2004;1364,14
11/11/2004;1364,14
11/12/2004;1368,05
11/15/2004;1368,81
11/16/2004;1368,03
11/17/2004;1372,69
11/18/2004;1374,27
11/19/2004;1368,7
11/22/2004;1371,32
11/23/2004;1370,62
11/24/2004;1369,59
11/25/2004;1369,59
11/26/2004;1367,11
11/29/2004;1361,56
11/30/2004;1360,85
12/1/2004;1360,05
12/2/2004;1358,52
12/3/2004;1367,21
12/6/2004;1369,66
12/7/2004;1370,2
12/8/2004;1377,23
12/9/2004;1375,13
12/10/2004;1375,54
12/13/2004;1376,29
12/14/2004;1377,87
12/15/2004;1381,76
12/16/2004;1374,65
12/17/2004;1373,2
12/20/2004;1373,72
12/21/2004;1375,89
12/22/2004;1374,35
12/23/2004;1373,52
12/24/2004;1373,52
12/27/2004;1369,16
12/28/2004;1369,22
12/29/2004;1367,26
12/30/2004;1371
12/31/2004;1374,34
1/3/2005;1374,36
1/4/2005;1369,46
1/5/2005;1370,36
1/6/2005;1371,13
1/7/2005;1370,37
1/10/2005;1371,25
1/11/2005;1373,77
1/12/2005;1374,66
1/13/2005;1378,36
1/14/2005;1376,36
1/17/2005;1376,36
1/18/2005;1378,56
1/19/2005;1379,18
1/20/2005;1381,12
1/21/2005;1383,04
1/24/2005;1384,5
1/25/2005;1380,34
1/26/2005;1379,84
1/27/2005;1379,18
1/28/2005;1383,65
1/31/2005;1384,37
2/1/2005;1384,25
2/2/2005;1384,1
2/3/2005;1383,06
2/4/2005;1389,61
2/7/2005;1391,83
2/8/2005;1392,89
2/9/2005;1397,38
2/10/2005;1391,12
2/11/2005;1389,07
2/14/2005;1390,93
2/15/2005;1389,25
2/16/2005;1385,42
2/17/2005;1383,94
2/18/2005;1378,83
2/21/2005;1378,83
2/22/2005;1377,7
2/23/2005;1378,57
2/24/2005;1377,51
2/25/2005;1378,1
2/28/2005;1373,07
3/1/2005;1372,43
3/2/2005;1372,2
3/3/2005;1371,87
3/4/2005;1376,78
3/7/2005;1378
3/8/2005;1373,48
3/9/2005;1365,02
3/10/2005;1367,99
3/11/2005;1363,22
3/14/2005;1364,66
3/15/2005;1363,38
3/16/2005;1365,16
3/17/2005;1368,07
3/18/2005;1365,62
3/21/2005;1365,16
3/22/2005;1359,66
3/23/2005;1359,7
3/24/2005;1360,54
3/25/2005;1360,54
3/28/2005;1358,95
3/29/2005;1361,21
3/30/2005;1363,71
3/31/2005;1368,6
4/1/2005;1371,59
4/4/2005;1372,04
4/5/2005;1371,13
4/6/2005;1373,1
4/7/2005;1370,7
4/8/2005;1369,9
4/11/2005;1372,95
4/12/2005;1378,59
4/13/2005;1378,22
4/14/2005;1379,36
4/15/2005;1385,55
4/18/2005;1387,79
4/19/2005;1391,33
4/20/2005;1390,53
4/21/2005;1384,64
4/22/2005;1387,74
4/25/2005;1388,64
4/26/2005;1387,92
4/27/2005;1389,88
4/28/2005;1394,4
4/29/2005;1392,66
5/2/2005;1393,35
5/3/2005;1392,6
5/4/2005;1393,23
5/5/2005;1395,55
5/6/2005;1388,25
5/9/2005;1388,03
5/10/2005;1392,17
5/11/2005;1393,67
5/12/2005;1395,34
5/13/2005;1398,76
5/16/2005;1399,08
5/17/2005;1399,87
5/18/2005;1403,11
5/19/2005;1400,38
5/20/2005;1399,44
5/23/2005;1403,88
5/24/2005;1406,33
5/25/2005;1404,14
5/26/2005;1403,4
5/27/2005;1403,56
5/30/2005;1403,56
5/31/2005;1409,67
6/1/2005;1416,81
6/2/2005;1418,2
6/3/2005;1412,63
6/6/2005;1414,39
6/7/2005;1418,12
6/8/2005;1415,76
6/9/2005;1413,94
6/10/2005;1408,22
6/13/2005;1406,02
6/14/2005;1403,32
6/15/2005;1403,73
6/16/2005;1406,89
6/17/2005;1406,63
6/20/2005;1405,52
6/21/2005;1409,35
6/22/2005;1416,85
6/23/2005;1416,07
6/24/2005;1419,32
6/27/2005;1421,23
6/28/2005;1416,67
6/29/2005;1415,23
6/30/2005;1418,31
7/1/2005;1411,51
7/4/2005;1411,51
7/5/2005;1407,38
7/6/2005;1409,9
7/7/2005;1412,43
7/8/2005;1407,66
7/11/2005;1408,82
7/12/2005;1406,11
7/13/2005;1404,93
7/14/2005;1403,86
7/15/2005;1404,45
7/18/2005;1401,55
7/19/2005;1403,65
7/20/2005;1405,61
7/21/2005;1398,36
7/22/2005;1402,06
7/25/2005;1400,82
7/26/2005;1401,23
7/27/2005;1399,71
7/28/2005;1404,35
7/29/2005;1399,08
8/1/2005;1396,93
8/2/2005;1395,69
8/3/2005;1398,47
8/4/2005;1397,19
8/5/2005;1392,19
8/8/2005;1390,86
8/9/2005;1392,62
8/10/2005;1392,89
8/11/2005;1397,03
8/12/2005;1402,79
8/15/2005;1400,9
8/16/2005;1404,39
8/17/2005;1401,35
8/18/2005;1405,67
8/19/2005;1405,82
8/22/2005;1406,28
8/23/2005;1407,68
8/24/2005;1408,6
8/25/2005;1410,33
8/26/2005;1407,91
8/29/2005;1409,45
8/30/2005;1415,65
8/31/2005;1421,3
9/1/2005;1422,67
9/2/2005;1421,81
9/5/2005;1421,81
9/6/2005;1418,63
9/7/2005;1414,39
9/8/2005;1414,18
9/9/2005;1415,35
9/12/2005;1412,71
9/13/2005;1415,23
9/14/2005;1413,21
9/15/2005;1410,07
9/16/2005;1406,54
9/19/2005;1408,25
9/20/2005;1408,14
9/21/2005;1411,87
9/22/2005;1412,98
9/23/2005;1408,09
9/26/2005;1405,46
9/27/2005;1404,74
9/28/2005;1407,4
9/29/2005;1405,33
9/30/2005;1402,44
10/3/2005;1399,08
10/4/2005;1399,95
10/5/2005;1401,24
10/6/2005;1401,28
10/7/2005;1401,89
10/10/2005;1401,89
10/11/2005;1401,05
10/12/2005;1397,18
10/13/2005;1394,98
10/14/2005;1394,13
10/17/2005;1394,32
10/18/2005;1395,13
10/19/2005;1396,25
10/20/2005;1396,52
10/21/2005;1401,31
10/24/2005;1398,07
10/25/2005;1394,01
10/26/2005;1388,62
10/27/2005;1390,87
10/28/2005;1390,37
10/31/2005;1391,47
11/1/2005;1390,36
11/2/2005;1388,34
11/3/2005;1385,28
11/4/2005;1384,52
11/7/2005;1386,11
11/8/2005;1390,95
11/9/2005;1386,6
11/10/2005;1392
11/11/2005;1392
11/14/2005;1388,7
11/15/2005;1392,13
11/16/2005;1397,17
11/17/2005;1399,56
11/18/2005;1396,69
11/21/2005;1399,63
11/22/2005;1402,06
11/23/2005;1398,61
11/24/2005;1398,61
11/25/2005;1402,07
11/28/2005;1404,43
11/29/2005;1399,24
11/30/2005;1398,22
12/1/2005;1396,69
12/2/2005;1397,17
12/5/2005;1394,86
12/6/2005;1400,16
12/7/2005;1398,77
12/8/2005;1403,01
12/9/2005;1398,1
12/12/2005;1397,82
12/13/2005;1398,9
12/14/2005;1404,92
12/15/2005;1404,05
12/16/2005;1405,73
12/19/2005;1406,37
12/20/2005;1404,94
12/21/2005;1403,67
12/22/2005;1407,76
12/23/2005;1411,92
12/26/2005;1411,92
12/27/2005;1415,43
12/28/2005;1413,25
12/29/2005;1413,59
12/30/2005;1412,71
1/2/2006;1412,71
1/3/2006;1414,94
1/4/2006;1416,12
1/5/2006;1416,09
1/6/2006;1414,31
1/9/2006;1414,92
1/10/2006;1411,68
1/11/2006;1409,47
1/12/2006;1413,3
1/13/2006;1418,07
1/16/2006;1418,07
1/17/2006;1419,73
1/18/2006;1419,23
1/19/2006;1416,88
1/20/2006;1418,11
1/23/2006;1419,02
1/24/2006;1416,97
1/25/2006;1410,83
1/26/2006;1407,84
1/27/2006;1409,06
1/30/2006;1407,74
1/31/2006;1408,5
2/1/2006;1406,05
2/2/2006;1406,47
2/3/2006;1408,93
2/6/2006;1409,15
2/7/2006;1407,72
2/8/2006;1405,81
2/9/2006;1407,06
2/10/2006;1404,7
2/13/2006;1405,28
2/14/2006;1403,56
2/15/2006;1404,34
2/16/2006;1405,14
2/17/2006;1409,11
2/20/2006;1409,11
2/21/2006;1408,14
2/22/2006;1410,53
2/23/2006;1408,01
2/24/2006;1408,04
2/27/2006;1406,88
2/28/2006;1410,55
3/1/2006;1407,84
3/2/2006;1404,68
3/3/2006;1401,65
3/6/2006;1398,54
3/7/2006;1398,78
3/8/2006;1398,97
3/9/2006;1399,55
3/10/2006;1398,24
3/13/2006;1397,52
3/14/2006;1403,28
3/15/2006;1401,37
3/16/2006;1407,38
3/17/2006;1405,8
3/20/2006;1407,48
3/21/2006;1403,05
3/22/2006;1403,84
3/23/2006;1401,79
3/24/2006;1406,51
3/27/2006;1405,06
3/28/2006;1399,88
3/29/2006;1397,82
3/30/2006;1394,92
3/31/2006;1395,33
4/3/2006;1394,55
4/4/2006;1395,15
4/5/2006;1397,34
4/6/2006;1394,08
4/7/2006;1389,66
4/10/2006;1390,28
4/11/2006;1392,45
4/12/2006;1389,67
4/13/2006;1386,16
4/14/2006;1386,16
4/17/2006;1389,03
4/18/2006;1391,85
4/19/2006;1388,81
4/20/2006;1388,42
4/21/2006;1389,96
4/24/2006;1392,48
4/25/2006;1387,29
4/26/2006;1385,09
4/27/2006;1387,39
4/28/2006;1389,58
5/1/2006;1385,42
5/2/2006;1386,85
5/3/2006;1384,69
5/4/2006;1384,39
5/5/2006;1387,35
5/8/2006;1387,32
5/9/2006;1387,18
5/10/2006;1387,19
5/11/2006;1385,75
5/12/2006;1382,68
5/15/2006;1385,47
5/16/2006;1388,89
5/17/2006;1386,1
5/18/2006;1391,55
5/19/2006;1392,91
5/22/2006;1394,33
5/23/2006;1392,73
5/24/2006;1394,78
5/25/2006;1392,5
5/26/2006;1393,89
5/29/2006;1393,89
5/30/2006;1392,47
5/31/2006;1390,04
6/1/2006;1390,7
6/2/2006;1399,22
6/5/2006;1397,63
6/6/2006;1398,82
6/7/2006;1397,56
6/8/2006;1399,9
6/9/2006;1400,81
6/12/2006;1401,05
6/13/2006;1402,93
6/14/2006;1396,92
6/15/2006;1393,94
6/16/2006;1392,02
6/19/2006;1391,38
6/20/2006;1390,8
6/21/2006;1390,92
6/22/2006;1388,4
6/23/2006;1386,61
6/26/2006;1386,54
6/27/2006;1388,61
6/28/2006;1386,27
6/29/2006;1389,7
6/30/2006;1394,47
7/3/2006;1394,22
7/4/2006;1394,22
7/5/2006;1389,58
7/6/2006;1392,39
7/7/2006;1396,11
7/10/2006;1396,87
7/11/2006;1398,88
7/12/2006;1399,09
7/13/2006;1401,28
7/14/2006;1402,34
7/17/2006;1402,45
7/18/2006;1398,24
7/19/2006;1403,56
7/20/2006;1406,13
7/21/2006;1405,28
7/24/2006;1405,63
7/25/2006;1404,28
7/26/2006;1406,57
7/27/2006;1406,58
7/28/2006;1410,84
7/31/2006;1411,74
8/1/2006;1412,07
8/2/2006;1413,52
8/3/2006;1414,02
8/4/2006;1418,08
8/7/2006;1417,15
8/8/2006;1417,53
8/9/2006;1416,87
8/10/2006;1416,47
8/11/2006;1413,99
8/14/2006;1412,21
8/15/2006;1417,22
8/16/2006;1421,49
8/17/2006;1421,46
8/18/2006;1423,72
8/21/2006;1425,11
8/22/2006;1425,69
8/23/2006;1425,65
8/24/2006;1426,22
8/25/2006;1427,4
8/28/2006;1427,41
8/29/2006;1428,14
8/30/2006;1429,73
8/31/2006;1432,46
9/1/2006;1433,25
9/4/2006;1433,25
9/5/2006;1430,48
9/6/2006;1429,17
9/7/2006;1429,97
9/8/2006;1431,76
9/11/2006;1430,29
9/12/2006;1432,54
9/13/2006;1433,38
9/14/2006;1431,6
9/15/2006;1431,1
9/18/2006;1430,59
9/19/2006;1436,18
9/20/2006;1436,72
9/21/2006;1442,76
9/22/2006;1446,4
9/25/2006;1449,68
9/26/2006;1448,08
9/27/2006;1447,63
9/28/2006;1445,9
9/29/2006;1445,76
10/2/2006;1447,3
10/3/2006;1447,7
10/4/2006;1451,5
10/5/2006;1448,23
10/6/2006;1441,94
10/9/2006;1441,94
10/10/2006;1438,84
10/11/2006;1436,25
10/12/2006;1436,96
10/13/2006;1435,27
10/16/2006;1437,06
10/17/2006;1438,14
10/18/2006;1439
10/19/2006;1437,98
10/20/2006;1438,15
10/23/2006;1435,65
10/24/2006;1435,82
10/25/2006;1439,41
10/26/2006;1443,68
10/27/2006;1447,18
10/30/2006;1447,93
10/31/2006;1453,1
11/1/2006;1456,58
11/2/2006;1454,39
11/3/2006;1446
11/6/2006;1447,1
11/7/2006;1450,62
11/8/2006;1452,77
11/9/2006;1453,03
11/10/2006;1455,67
11/13/2006;1454,88
11/14/2006;1457,73
11/15/2006;1454,14
11/16/2006;1451,45
11/17/2006;1455,68
11/20/2006;1456,84
11/21/2006;1458,2
11/22/2006;1459,03
11/23/2006;1459,03
11/24/2006;1460,85
11/27/2006;1462,25
11/28/2006;1464,5
11/29/2006;1463,55
11/30/2006;1468,28
12/1/2006;1471,41
12/4/2006;1471,82
12/5/2006;1471,48
12/6/2006;1468,52
12/7/2006;1468,44
12/8/2006;1463,29
12/11/2006;1466,14
12/12/2006;1468,62
12/13/2006;1462,35
12/14/2006;1460,95
12/15/2006;1461,15
12/18/2006;1461,92
12/19/2006;1461,58
12/20/2006;1461,8
12/21/2006;1465,27
12/22/2006;1460,27
12/25/2006;1460,27
12/26/2006;1462,4
12/27/2006;1458,7
12/28/2006;1456,29
12/29/2006;1456,21
1/1/2007;1456,21
1/2/2007;1457,99
1/3/2007;1459,85
1/4/2007;1463,36
1/5/2007;1461,42
1/8/2007;1461,31
1/9/2007;1461,51
1/10/2007;1460,04
1/11/2007;1456,2
1/12/2007;1453,97
1/15/2007;1453,97
1/16/2007;1456,1
1/17/2007;1453,59
1/18/2007;1456
1/19/2007;1454,8
1/22/2007;1456,22
1/23/2007;1453,47
1/24/2007;1453,38
1/25/2007;1449,7
1/26/2007;1449,06
1/29/2007;1448,81
1/30/2007;1449,96
1/31/2007;1453,89
2/1/2007;1453,05
2/2/2007;1453,86
2/5/2007;1455,74
2/6/2007;1458,81
2/7/2007;1460,5
2/8/2007;1461,18
2/9/2007;1457,75
2/12/2007;1457,03
2/13/2007;1456,37
2/14/2007;1462,24
2/15/2007;1464,31
2/16/2007;1465,34
2/19/2007;1465,34
2/20/2007;1467,02
2/21/2007;1466,17
2/22/2007;1463,51
2/23/2007;1467,4
2/26/2007;1471,39
2/27/2007;1480,55
2/28/2007;1478
3/1/2007;1478,06
3/2/2007;1481,15
3/5/2007;1481,61
3/6/2007;1480,87
3/7/2007;1483,18
3/8/2007;1482,69
3/9/2007;1476,58
3/12/2007;1479,74
3/13/2007;1484,53
3/14/2007;1482,79
3/15/2007;1482,05
3/16/2007;1481,55
3/19/2007;1480,22
3/20/2007;1481,88
3/21/2007;1484,79
3/22/2007;1479,55
3/23/2007;1478,09
3/26/2007;1480,26
3/27/2007;1479,08
3/28/2007;1478,85
3/29/2007;1477,99
3/30/2007;1477,28
4/2/2007;1477,81
4/3/2007;1476,42
4/4/2007;1477,58
4/5/2007;1476,14
4/6/2007;1476,14
4/9/2007;1471,54
4/10/2007;1473,33
4/11/2007;1472,63
4/12/2007;1472,79
4/13/2007;1471,22
4/16/2007;1473,63
4/17/2007;1477,6
4/18/2007;1480,24
4/19/2007;1479,75
4/20/2007;1479,74
4/23/2007;1481,79
4/24/2007;1483,92
4/25/2007;1482,38
4/26/2007;1479,56
4/27/2007;1478,97
4/30/2007;1484,89
5/1/2007;1484,16
5/2/2007;1483,93
5/3/2007;1481,71
5/4/2007;1484,51
5/7/2007;1485,37
5/8/2007;1485,46
5/9/2007;1482,41
5/10/2007;1484,37
5/11/2007;1482,86
5/14/2007;1482,14
5/15/2007;1480,85
5/16/2007;1481,39
5/17/2007;1478,26
5/18/2007;1475,19
5/21/2007;1476,86
5/22/2007;1474,13
5/23/2007;1472,54
5/24/2007;1472,83
5/25/2007;1472,66
5/28/2007;1472,66
5/29/2007;1471,9
5/30/2007;1472,13
5/31/2007;1471,56
6/1/2007;1467,38
6/4/2007;1469,93
6/5/2007;1466,89
6/6/2007;1467,6
6/7/2007;1459,8
6/8/2007;1459,07
6/11/2007;1458,8
6/12/2007;1451,77
6/13/2007;1455,05
6/14/2007;1453,86
6/15/2007;1457,29
6/18/2007;1459,58
6/19/2007;1463,87
6/20/2007;1461,35
6/21/2007;1459,27
6/22/2007;1461,74
6/25/2007;1466,72
6/26/2007;1465,08
6/27/2007;1467,51
6/28/2007;1464,46
6/29/2007;1470,92
7/2/2007;1473,52
7/3/2007;1470,22
7/4/2007;1470,22
7/5/2007;1464,12
7/6/2007;1461,22
7/9/2007;1464,11
7/10/2007;1472,8
7/11/2007;1470,33
7/12/2007;1467,6
7/13/2007;1468,55
7/16/2007;1473,77
7/17/2007;1471,23
7/18/2007;1476,35
7/19/2007;1475,21
7/20/2007;1480,25
7/23/2007;1480,26
7/24/2007;1481,77
7/25/2007;1484,81
7/26/2007;1494,46
7/27/2007;1493,7
7/30/2007;1492,88
7/31/2007;1495,31
8/1/2007;1495,89
8/2/2007;1496,22
8/3/2007;1500,62
8/6/2007;1498,47
8/7/2007;1497,58
8/8/2007;1489,39
8/9/2007;1494,2
8/10/2007;1495,59
8/13/2007;1496,37
8/14/2007;1500,05
8/15/2007;1502,2
8/16/2007;1511,69
8/17/2007;1506,9
8/20/2007;1510,58
8/21/2007;1514,19
8/22/2007;1511,54
8/23/2007;1511,54
8/24/2007;1509,7
8/27/2007;1512,93
8/28/2007;1518,56
8/29/2007;1516,93
8/30/2007;1521,53
8/31/2007;1518,75
9/3/2007;1518,75
9/4/2007;1519,22
9/5/2007;1526,41
9/6/2007;1524,22
9/7/2007;1535,13
9/10/2007;1539,25
9/11/2007;1536,17
9/12/2007;1533,35
9/13/2007;1527,72
9/14/2007;1529,29
9/17/2007;1529,3
9/18/2007;1529,86
9/19/2007;1526,9
9/20/2007;1517,06
9/21/2007;1520,2
9/24/2007;1521,5
9/25/2007;1522,77
9/26/2007;1522,95
9/27/2007;1526,67
9/28/2007;1526,94
10/1/2007;1527,9
10/2/2007;1530,33
10/3/2007;1529,09
10/4/2007;1530,62
10/5/2007;1521,96
10/8/2007;1521,96
10/9/2007;1521,7
10/10/2007;1521,71
10/11/2007;1520,98
10/12/2007;1518,58
10/15/2007;1520,15
10/16/2007;1522,01
10/17/2007;1531,26
10/18/2007;1535,04
10/19/2007;1542,77
10/22/2007;1543,57
10/23/2007;1543,09
10/24/2007;1548,92
10/25/2007;1547,57
10/26/2007;1545,5
10/29/2007;1546,27
10/30/2007;1545,92
10/31/2007;1538,95
11/1/2007;1548,22
11/2/2007;1554,73
11/5/2007;1553,35
11/6/2007;1550,85
11/7/2007;1553,5
11/8/2007;1558,13
11/9/2007;1562,13
11/12/2007;1562,13
11/13/2007;1559,61
11/14/2007;1558,97
11/15/2007;1568,32
11/16/2007;1569,42
11/19/2007;1576,01
11/20/2007;1577,5
11/21/2007;1581,14
11/22/2007;1581,14
11/23/2007;1581,71
11/26/2007;1594,97
11/27/2007;1587,35
11/28/2007;1581,34
11/29/2007;1587,66
11/30/2007;1586,18
12/3/2007;1593,52
12/4/2007;1594,36
12/5/2007;1592,85
12/6/2007;1585,53
12/7/2007;1575,91
12/10/2007;1574,08
12/11/2007;1587,38
12/12/2007;1580,34
12/13/2007;1573,58
12/14/2007;1568,32
12/17/2007;1572,45
12/18/2007;1578,74
12/19/2007;1582,48
12/20/2007;1586,91
12/21/2007;1575,95
12/24/2007;1572,65
12/25/2007;1572,65
12/26/2007;1567,51
12/27/2007;1573,81
12/28/2007;1582,17
12/31/2007;1587,45
1/1/2008;1587,45
1/2/2008;1599,7
1/3/2008;1599,63
1/4/2008;1604,45
1/7/2008;1606,11
1/8/2008;1605,75
1/9/2008;1610,17
1/10/2008;1603,01
1/11/2008;1609,62
1/14/2008;1611,4
1/15/2008;1617,85
1/16/2008;1617,35
1/17/2008;1623,52
1/18/2008;1623,8
1/21/2008;1623,8
1/22/2008;1638,32
1/23/2008;1642,98
1/24/2008;1625,15
1/25/2008;1630,04
1/28/2008;1630,7
1/29/2008;1625,59
1/30/2008;1620,01
1/31/2008;1627,75
2/1/2008;1632,25
2/4/2008;1629,88
2/5/2008;1635,71
2/6/2008;1634,06
2/7/2008;1625,49
2/8/2008;1631,32
2/11/2008;1634,88
2/12/2008;1630,11
2/13/2008;1629,91
2/14/2008;1621,73
2/15/2008;1624,17
2/18/2008;1624,17
2/19/2008;1616,85
2/20/2008;1613,5
2/21/2008;1624,56
2/22/2008;1624,11
2/25/2008;1615,51
2/26/2008;1618,59
2/27/2008;1620,17
2/28/2008;1630,74
2/29/2008;1646,3
3/3/2008;1646,94
3/4/2008;1644,15
3/5/2008;1635,84
3/6/2008;1641,34
3/7/2008;1646,27
3/10/2008;1654,73
3/11/2008;1640,2
3/12/2008;1650,74
3/13/2008;1648,59
3/14/2008;1660,72
3/17/2008;1669,27
3/18/2008;1658,09
3/19/2008;1665,78
3/20/2008;1668,21
3/21/2008;1668,21
3/24/2008;1651,14
3/25/2008;1652,52
3/26/2008;1653,07
3/27/2008;1650,02
3/28/2008;1653,95
3/31/2008;1657,72
4/1/2008;1647,22
4/2/2008;1643,31
4/3/2008;1642,44
4/4/2008;1651,29
4/7/2008;1644,79
4/8/2008;1645,31
4/9/2008;1654,07
4/10/2008;1649,18
4/11/2008;1654,53
4/14/2008;1652,72
4/15/2008;1646,85
4/16/2008;1636,18
4/17/2008;1632,11
4/18/2008;1629,77
4/21/2008;1632,96
4/22/2008;1632
4/23/2008;1631,48
4/24/2008;1622,67
4/25/2008;1619,54
4/28/2008;1622,89
4/29/2008;1624,25
4/30/2008;1629,23
5/1/2008;1629,09
5/2/2008;1621,77
5/5/2008;1622,63
5/6/2008;1619,89
5/7/2008;1622,59
5/8/2008;1629,37
5/9/2008;1632,24
5/12/2008;1631,52
5/13/2008;1619,75
5/14/2008;1616,52
5/15/2008;1623,87
5/16/2008;1623,54
5/19/2008;1625,64
5/20/2008;1631,22
5/21/2008;1627,12
5/22/2008;1618,56
5/23/2008;1625,82
5/26/2008;1625,82
5/27/2008;1618,9
5/28/2008;1611,94
5/29/2008;1606,71
5/30/2008;1610,21
6/2/2008;1617,12
6/3/2008;1623,91
6/4/2008;1620,69
6/5/2008;1614,69
6/6/2008;1621,92
6/9/2008;1614,36
6/10/2008;1604,5
6/11/2008;1607,56
6/12/2008;1596,8
6/13/2008;1592,94
6/16/2008;1594,9
6/17/2008;1597,38
6/18/2008;1603,67
6/19/2008;1599,27
6/20/2008;1605,69
6/23/2008;1603,07
6/24/2008;1609,24
6/25/2008;1609,3
6/26/2008;1617,88
6/27/2008;1621,51
6/30/2008;1622,86
7/1/2008;1622,35
7/2/2008;1626,11
7/3/2008;1626,34
7/4/2008;1626,34
7/7/2008;1630,65
7/8/2008;1634,31
7/9/2008;1637,96
7/10/2008;1639
7/11/2008;1627,24
7/14/2008;1634,05
7/15/2008;1637,44
7/16/2008;1630,72
7/17/2008;1622,21
7/18/2008;1618,82
7/21/2008;1619,87
7/22/2008;1617,16
7/23/2008;1612,46
7/24/2008;1624,02
7/25/2008;1616,96
7/28/2008;1625,83
7/29/2008;1623,88
7/30/2008;1623,32
7/31/2008;1629,72
8/1/2008;1632,42
8/4/2008;1631,15
8/5/2008;1628,99
8/6/2008;1625,69
8/7/2008;1636,85
8/8/2008;1635,04
8/11/2008;1630,99
8/12/2008;1638,65
8/13/2008;1635,8
8/14/2008;1640,54
8/15/2008;1643,96
8/18/2008;1647,77
8/19/2008;1646,65
8/20/2008;1650,64
8/21/2008;1647,19
8/22/2008;1644,41
8/25/2008;1651,48
8/26/2008;1651,52
8/27/2008;1653,28
8/28/2008;1651,54
8/29/2008;1650,08
9/1/2008;1650,08
9/2/2008;1657,15
9/3/2008;1661,14
9/4/2008;1665,32
9/5/2008;1663,5
9/8/2008;1662,68
9/9/2008;1669,18
9/10/2008;1666,14
9/11/2008;1668,31
9/12/2008;1660,21
9/15/2008;1685
9/16/2008;1682,89
9/17/2008;1692,07
9/18/2008;1690,83
9/19/2008;1658,61
9/22/2008;1654,85
9/23/2008;1654,62
9/24/2008;1662,32
9/25/2008;1654,52
9/26/2008;1658,98
9/29/2008;1680,08
9/30/2008;1660,18
10/1/2008;1667,89
10/2/2008;1679,2
10/3/2008;1679,89
10/6/2008;1700,65
10/7/2008;1693,1
10/8/2008;1676,11
10/9/2008;1665,96
10/10/2008;1667,66
10/13/2008;1667,66
10/14/2008;1654,58
10/15/2008;1656,37
10/16/2008;1660,46
10/17/2008;1656,96
10/20/2008;1659,83
10/21/2008;1673,57
10/22/2008;1679,07
10/23/2008;1686,38
10/24/2008;1676,57
10/27/2008;1674,73
10/28/2008;1668,75
10/29/2008;1665,4
10/30/2008;1661,52
10/31/2008;1658,35
11/3/2008;1665,53
11/4/2008;1676,81
11/5/2008;1681,87
11/6/2008;1682,11
11/7/2008;1677,15
11/10/2008;1682,46
11/11/2008;1682,46
11/12/2008;1690,31
11/13/2008;1685,34
11/14/2008;1691,32
11/17/2008;1695,83
11/18/2008;1705,47
11/19/2008;1715,91
11/20/2008;1734,09
11/21/2008;1731,83
11/24/2008;1719,28
11/25/2008;1734,67
11/26/2008;1740,26
11/27/2008;1740,26
11/28/2008;1746,36
12/1/2008;1766,36
12/2/2008;1769,35
12/3/2008;1772,44
12/4/2008;1781,06
12/5/2008;1771,57
12/8/2008;1767,48
12/9/2008;1775,32
12/10/2008;1773,66
12/11/2008;1778,84
12/12/2008;1781,9
12/15/2008;1787,05
12/16/2008;1801,48
12/17/2008;1811,98
12/18/2008;1822,67
12/19/2008;1817,32
12/22/2008;1814,63
12/23/2008;1813,13
12/24/2008;1810,55
12/25/2008;1810,55
12/26/2008;1814,78
12/29/2008;1817,73
12/30/2008;1819,12
12/31/2008;1805,52
1/1/2009;1805,52
1/2/2009;1790,07
1/5/2009;1784,01
1/6/2009;1782,41
1/7/2009;1783,96
1/8/2009;1787,56
1/9/2009;1790,32
1/12/2009;1798,94
1/13/2009;1798,31
1/14/2009;1806,75
1/15/2009;1807,04
1/16/2009;1799,94
1/19/2009;1799,94
1/20/2009;1796,95
1/21/2009;1779,81
1/22/2009;1774,74
1/23/2009;1770,78
1/26/2009;1768,15
1/27/2009;1778,65
1/28/2009;1766,14
1/29/2009;1754,98
1/30/2009;1752,87
2/2/2009;1764,27
2/3/2009;1753,61
2/4/2009;1749,14
2/5/2009;1751,57
2/6/2009;1745,99
2/9/2009;1743,57
2/10/2009;1759,51
2/11/2009;1764,12
2/12/2009;1767,59
2/13/2009;1752,37
2/16/2009;1752,37
2/17/2009;1770,5
2/18/2009;1763,4
2/19/2009;1752,39
2/20/2009;1760,27
2/23/2009;1760,32
2/24/2009;1758,85
2/25/2009;1747,53
2/26/2009;1745,53
2/27/2009;1743,65
3/2/2009;1755,04
3/3/2009;1752
3/4/2009;1746,53
3/5/2009;1762,86
3/6/2009;1761,31
3/9/2009;1755,72
3/10/2009;1747,45
3/11/2009;1752,67
3/12/2009;1756,01
3/13/2009;1756,9
3/16/2009;1751,88
3/17/2009;1747,35
3/18/2009;1784,33
3/19/2009;1780,14
3/20/2009;1778,6
3/23/2009;1775,91
3/24/2009;1777,72
3/25/2009;1768,82
3/26/2009;1774,06
3/27/2009;1773,22
3/30/2009;1777,83
3/31/2009;1781,64
4/1/2009;1785,39
4/2/2009;1776,83
4/3/2009;1763,06
4/6/2009;1760,53
4/7/2009;1763,77
4/8/2009;1768,21
4/9/2009;1761,49
4/10/2009;1761,49
4/13/2009;1769,81
4/14/2009;1774,26
4/15/2009;1775,9
4/16/2009;1769,91
4/17/2009;1760,76
4/20/2009;1769,34
4/21/2009;1764,14
4/22/2009;1758,57
4/23/2009;1761,65
4/24/2009;1756,2
4/27/2009;1763,24
4/28/2009;1755,68
4/29/2009;1749,97
4/30/2009;1749,14
5/1/2009;1746,58
5/4/2009;1747,95
5/5/2009;1747,84
5/6/2009;1747,94
5/7/2009;1737,95
5/8/2009;1738,15
5/11/2009;1747,94
5/12/2009;1749,18
5/13/2009;1754,8
5/14/2009;1755,42
5/15/2009;1753,9
5/18/2009;1746,59
5/19/2009;1744,81
5/20/2009;1749,79
5/21/2009;1739,16
5/22/2009;1732,66
5/25/2009;1732,66
5/26/2009;1728,9
5/27/2009;1716,58
5/28/2009;1717,54
5/29/2009;1731,49
6/1/2009;1713,96
6/2/2009;1718,42
6/3/2009;1724,46
6/4/2009;1713,05
6/5/2009;1696,43
6/8/2009;1693,9
6/9/2009;1697,76
6/10/2009;1692,01
6/11/2009;1697,74
6/12/2009;1702,94
6/15/2009;1709,21
6/16/2009;1712,39
6/17/2009;1715,33
6/18/2009;1701,27
6/19/2009;1705,61
6/22/2009;1714,56
6/23/2009;1718,28
6/24/2009;1714,85
6/25/2009;1725,57
6/26/2009;1728,87
6/29/2009;1729,54
6/30/2009;1727,82
7/1/2009;1728,17
7/2/2009;1733,62
7/3/2009;1733,62
7/6/2009;1734,55
7/7/2009;1737,58
7/8/2009;1750,31
7/9/2009;1740,15
7/10/2009;1749,22
7/13/2009;1746,16
7/14/2009;1738,48
7/15/2009;1726,13
7/16/2009;1729,84
7/17/2009;1723,5
7/20/2009;1729,95
7/21/2009;1738,21
7/22/2009;1731,85
7/23/2009;1719,52
7/24/2009;1722,76
7/27/2009;1719,7
7/28/2009;1720,41
7/29/2009;1720,64
7/30/2009;1722,76
7/31/2009;1735,05
8/3/2009;1724,35
8/4/2009;1721,74
8/5/2009;1715,98
8/6/2009;1718,55
8/7/2009;1709,84
8/10/2009;1717,79
8/11/2009;1722,96
8/12/2009;1722,6
8/13/2009;1731,32
8/14/2009;1734,7
8/17/2009;1740,87
8/18/2009;1737,97
8/19/2009;1743,11
8/20/2009;1745,03
8/21/2009;1734,42
8/24/2009;1740,67
8/25/2009;1744,05
8/26/2009;1745,79
8/27/2009;1744,22
8/28/2009;1745,68
8/31/2009;1750,5
9/1/2009;1753,56
9/2/2009;1760,02
9/3/2009;1757,59
9/4/2009;1749,02
9/7/2009;1749,02
9/8/2009;1747,67
9/9/2009;1747,03
9/10/2009;1758,38
9/11/2009;1758,2
9/14/2009;1753,95
9/15/2009;1750,31
9/16/2009;1747,84
9/17/2009;1754,24
9/18/2009;1747,99
9/21/2009;1747,73
9/22/2009;1750,62
9/23/2009;1754,58
9/24/2009;1757,02
9/25/2009;1759,95
9/28/2009;1763,25
9/29/2009;1763,93
9/30/2009;1764,12
10/1/2009;1773,88
10/2/2009;1771,58
10/5/2009;1771,47
10/6/2009;1769,26
10/7/2009;1775,86
10/8/2009;1768,98
10/9/2009;1757,82
10/12/2009;1757,82
10/13/2009;1765,59
10/14/2009;1756,86
10/15/2009;1752,92
10/16/2009;1757,06
10/19/2009;1758,9
10/20/2009;1764,29
10/21/2009;1757,67
10/22/2009;1757,32
10/23/2009;1752,64
10/26/2009;1746,97
10/27/2009;1755,94
10/28/2009;1760,38
10/29/2009;1753,15
10/30/2009;1763,26
11/2/2009;1761,46
11/3/2009;1757,7
11/4/2009;1753
11/5/2009;1755,46
11/6/2009;1758,24
11/9/2009;1759,08
11/10/2009;1759,09
11/11/2009;1759,09
11/12/2009;1762,57
11/13/2009;1763,9
11/16/2009;1772,44
11/17/2009;1773,39
11/18/2009;1770,41
11/19/2009;1772,91
11/20/2009;1772,14
11/23/2009;1772,39
11/24/2009;1777,01
11/25/2009;1779,7
11/26/2009;1779,7
11/27/2009;1785,7
11/30/2009;1787,81
12/1/2009;1782,92
12/2/2009;1779,31
12/3/2009;1775,11
12/4/2009;1765,48
12/7/2009;1769,89
12/8/2009;1774,82
12/9/2009;1772,78
12/10/2009;1767,82
12/11/2009;1763,78
12/14/2009;1762,84
12/15/2009;1758,27
12/16/2009;1759,38
12/17/2009;1769,27
12/18/2009;1764,39
12/21/2009;1754,73
12/22/2009;1750,42
12/23/2009;1749,29
12/24/2009;1743,94
12/25/2009;1743,94
12/28/2009;1741,24
12/29/2009;1743,51
12/30/2009;1746
12/31/2009;1741,11
1/1/2010;1741,11
1/4/2010;1742,6
1/5/2010;1749,88
1/6/2010;1746,49
1/7/2010;1745,02
1/8/2010;1747,09
1/11/2010;1746,99
1/12/2010;1754,89
1/13/2010;1749,61
1/14/2010;1754,59
1/15/2010;1759,31
1/18/2010;1759,31
1/19/2010;1757,35
1/20/2010;1761,39
1/21/2010;1765,65
1/22/2010;1766,91
1/25/2010;1764,72
1/26/2010;1764,68
1/27/2010;1763,53
1/28/2010;1763,82
1/29/2010;1768,63
2/1/2010;1765,12
2/2/2010;1766,69
2/3/2010;1761,54
2/4/2010;1769,81
2/5/2010;1775,86
2/8/2010;1772,53
2/9/2010;1768,83
2/10/2010;1763,62
2/11/2010;1762,03
2/12/2010;1765,15
2/15/2010;1765,15
2/16/2010;1767,98
2/17/2010;1761,08
2/18/2010;1756,86
2/19/2010;1757,57
2/22/2010;1757,53
2/23/2010;1765,99
2/24/2010;1765,81
2/25/2010;1770,92
2/26/2010;1775,62
3/1/2010;1774,59
3/2/2010;1774,55
3/3/2010;1774,04
3/4/2010;1774,73
3/5/2010;1768,5
3/8/2010;1767,1
3/9/2010;1768,05
3/10/2010;1766,08
3/11/2010;1765,64
3/12/2010;1766,3
3/15/2010;1767,17
3/16/2010;1771,86
3/17/2010;1772
3/18/2010;1769,3
3/19/2010;1767,72
3/22/2010;1770,41
3/23/2010;1769,64
3/24/2010;1757,54
3/25/2010;1752,95
3/26/2010;1756,61
3/29/2010;1757,1
3/30/2010;1756,89
3/31/2010;1760,58
4/1/2010;1758,72
4/2/2010;1751,5
4/5/2010;1747,23
4/6/2010;1749
4/7/2010;1757,95
4/8/2010;1756,28
4/9/2010;1756,88
4/12/2010;1761,11
4/13/2010;1763,79
4/14/2010;1760,45
4/15/2010;1761,83
4/16/2010;1768,55
4/19/2010;1765,58
4/20/2010;1765,72
4/21/2010;1770,39
4/22/2010;1767,49
4/23/2010;1763,62
4/26/2010;1764,56
4/27/2010;1775,52
4/28/2010;1768,93
4/29/2010;1773,52
4/30/2010;1779,03
5/3/2010;1775,67
5/4/2010;1783,64
5/5/2010;1789,23
5/6/2010;1804,54
5/7/2010;1798,8
5/10/2010;1790,94
5/11/2010;1791,02
5/12/2010;1788,47
5/13/2010;1789,45
5/14/2010;1800,28
5/17/2010;1798,17
5/18/2010;1805,99
5/19/2010;1806,04
5/20/2010;1813,91
5/21/2010;1817,66
5/24/2010;1815,4
5/25/2010;1819,66
5/26/2010;1813,53
5/27/2010;1804,24
5/28/2010;1809,46
5/31/2010;1809,46
6/1/2010;1810,21
6/2/2010;1807,11
6/3/2010;1804,33
6/4/2010;1820,16
6/7/2010;1820,57
6/8/2010;1822,21
6/9/2010;1820,72
6/10/2010;1810,05
6/11/2010;1819,29
6/14/2010;1814,68
6/15/2010;1812,43
6/16/2010;1814,87
6/17/2010;1822,11
6/18/2010;1819,36
6/21/2010;1818,4
6/22/2010;1824,67
6/23/2010;1829,3
6/24/2010;1828,39
6/25/2010;1830,12
6/28/2010;1836,9
6/29/2010;1841,92
6/30/2010;1843,06
7/1/2010;1844,68
7/2/2010;1840,52
7/5/2010;1840,52
7/6/2010;1845,68
7/7/2010;1842,2
7/8/2010;1839,31
7/9/2010;1836,17
7/12/2010;1837,23
7/13/2010;1831,92
7/14/2010;1838,65
7/15/2010;1844,95
7/16/2010;1848,26
7/19/2010;1846,62
7/20/2010;1849,29
7/21/2010;1853,45
7/22/2010;1850,24
7/23/2010;1844,73
7/26/2010;1844,93
7/27/2010;1840,01
7/28/2010;1844,74
7/29/2010;1846,35
7/30/2010;1855,63
8/2/2010;1850,41
8/3/2010;1855,89
8/4/2010;1851,98
8/5/2010;1854,89
8/6/2010;1861,55
8/9/2010;1860,87
8/10/2010;1863,4
8/11/2010;1871,34
8/12/2010;1868,99
8/13/2010;1872,21
8/16/2010;1882,64
8/17/2010;1877,44
8/18/2010;1878,28
8/19/2010;1883,7
8/20/2010;1880,52
8/23/2010;1881,78
8/24/2010;1890,68
8/25/2010;1886,85
8/26/2010;1890,35
8/27/2010;1877,28
8/30/2010;1887,33
8/31/2010;1892,89
9/1/2010;1883,42
9/2/2010;1879,87
9/3/2010;1873,79
9/6/2010;1873,79
9/7/2010;1883,25
9/8/2010;1878,68
9/9/2010;1868,44
9/10/2010;1865,85
9/13/2010;1871,34
9/14/2010;1877,92
9/15/2010;1873,7
9/16/2010;1870,76
9/17/2010;1872,33
9/20/2010;1875,72
9/21/2010;1885,36
9/22/2010;1887,9
9/23/2010;1887,99
9/24/2010;1883,25
9/27/2010;1891,65
9/28/2010;1896,89
9/29/2010;1893,14
9/30/2010;1893,29
10/1/2010;1892,32
10/4/2010;1896,01
10/5/2010;1896,53
10/6/2010;1902,27
10/7/2010;1901,97
10/8/2010;1902,57
10/11/2010;1902,57
10/12/2010;1899,3
10/13/2010;1898,76
10/14/2010;1893,1
10/15/2010;1887,67
10/18/2010;1895,01
10/19/2010;1896,85
10/20/2010;1897,71
10/21/2010;1893,5
10/22/2010;1892,23
10/25/2010;1893,03
10/26/2010;1885,32
10/27/2010;1880,09
10/28/2010;1884,72
10/29/2010;1890,3
11/1/2010;1889,98
11/2/2010;1893,87
11/3/2010;1890,59
11/4/2010;1899,35
11/5/2010;1893,58
11/8/2010;1891,7
11/9/2010;1881,66
11/10/2010;1884,95
11/11/2010;1884,95
11/12/2010;1875,92
11/15/2010;1864,31
11/16/2010;1870,23
11/17/2010;1869,21
11/18/2010;1866,62
11/19/2010;1867,6
11/22/2010;1873,85
11/23/2010;1877,74
11/24/2010;1864,95
11/25/2010;1864,95
11/26/2010;1869,83
11/29/2010;1873,84
11/30/2010;1877,09
12/1/2010;1863,05
12/2/2010;1859,53
12/3/2010;1860,3
12/6/2010;1867,99
12/7/2010;1848,62
12/8/2010;1841,97
12/9/2010;1842,09
12/10/2010;1837,86
12/13/2010;1841,66
12/14/2010;1828,19
12/15/2010;1824,06
12/16/2010;1827,35
12/17/2010;1839,53
12/20/2010;1838,17
12/21/2010;1839,36
12/22/2010;1836,93
12/23/2010;1832,74
12/24/2010;1832,74
12/27/2010;1836,33
12/28/2010;1826,33
12/29/2010;1839,55
12/30/2010;1837,08
12/31/2010;1843,32
1/3/2011;1840,9
1/4/2011;1839,69
1/5/2011;1827,84
1/6/2011;1832,86
1/7/2011;1841,14
1/10/2011;1843,49
1/11/2011;1841,29
1/12/2011;1840,21
1/13/2011;1844,7
1/14/2011;1842,04
1/17/2011;1842,04
1/18/2011;1840,12
1/19/2011;1842,89
1/20/2011;1833,04
1/21/2011;1836,53
1/24/2011;1837,88
1/25/2011;1845,34
1/26/2011;1837,18
1/27/2011;1841,78
1/28/2011;1846,19
1/31/2011;1842,86
2/1/2011;1837,83
2/2/2011;1832,98
2/3/2011;1828,91
2/4/2011;1819,91
2/7/2011;1821,01
2/8/2011;1813,75
2/9/2011;1820,2
2/10/2011;1814,21
2/11/2011;1818,21
2/14/2011;1820,69
2/15/2011;1821,23
2/16/2011;1820,44
2/17/2011;1824,86
2/18/2011;1824,07
2/21/2011;1824,07
2/22/2011;1835,11
2/23/2011;1833,54
2/24/2011;1837,33
2/25/2011;1838,81
2/28/2011;1841,49
3/1/2011;1842,42
3/2/2011;1837,71
3/3/2011;1827,72
3/4/2011;1835,58
3/7/2011;1835,32
3/8/2011;1831,51
3/9/2011;1837,41
3/10/2011;1844,41
3/11/2011;1844,67
3/14/2011;1849,73
3/15/2011;1851,68
3/16/2011;1860,71
3/17/2011;1857,41
3/18/2011;1855,27
3/21/2011;1851,32
3/22/2011;1850,38
3/23/2011;1849,61
3/24/2011;1845,2
3/25/2011;1840,71
3/28/2011;1840,36
3/29/2011;1836,61
3/30/2011;1840,07
3/31/2011;1840,37
4/1/2011;1840,16
4/4/2011;1842,92
4/5/2011;1837,95
4/6/2011;1833,11
4/7/2011;1833,37
4/8/2011;1831,98
4/11/2011;1832,48
4/12/2011;1839,46
4/13/2011;1842,78
4/14/2011;1840,96
4/15/2011;1848,25
4/18/2011;1852,34
4/19/2011;1853,78
4/20/2011;1850,11
4/21/2011;1849,4
4/22/2011;1849,4
4/25/2011;1853,12
4/26/2011;1857,65
4/27/2011;1854,23
4/28/2011;1859,7
4/29/2011;1861,6
5/2/2011;1862,85
5/3/2011;1865,57
5/4/2011;1867,86
5/5/2011;1872,28
5/6/2011;1873,41
5/9/2011;1874,93
5/10/2011;1870,38
5/11/2011;1874,44
5/12/2011;1871,05
5/13/2011;1874,37
5/16/2011;1878,59
5/17/2011;1881,52
5/18/2011;1876,44
5/19/2011;1876,93
5/20/2011;1878,54
5/23/2011;1880,66
5/24/2011;1881,55
5/25/2011;1881,42
5/26/2011;1888,4
5/27/2011;1888,04
5/30/2011;1888,04
5/31/2011;1890,67
6/1/2011;1897,83
6/2/2011;1891,58
6/3/2011;1894,8
6/6/2011;1894,33
6/7/2011;1894,33
6/8/2011;1899,93
6/9/2011;1896,02
6/10/2011;1898,95
6/13/2011;1897,3
6/14/2011;1888,07
6/15/2011;1899,68
6/16/2011;1904,18
6/17/2011;1901,09
6/20/2011;1900,51
6/21/2011;1899,12
6/22/2011;1899,34
6/23/2011;1906,49
6/24/2011;1908,8
6/27/2011;1902,21
6/28/2011;1891,73
6/29/2011;1887,74
6/30/2011;1884,28
7/1/2011;1880,78
7/4/2011;1880,78
7/5/2011;1887,13
7/6/2011;1890,98
7/7/2011;1885,72
7/8/2011;1898,38
7/11/2011;1906,85
7/12/2011;1907,66
7/13/2011;1909,46
7/14/2011;1904,46
7/15/2011;1906,98
7/18/2011;1906,56
7/19/2011;1909,63
7/20/2011;1905,38
7/21/2011;1899,57
7/22/2011;1903,62
7/25/2011;1900,21
7/26/2011;1905,01
7/27/2011;1902,53
7/28/2011;1905,43
7/29/2011;1918,62
8/1/2011;1923,89
8/2/2011;1935,06
8/3/2011;1936,81
8/4/2011;1949,77
8/5/2011;1939,47
8/8/2011;1956,21
8/9/2011;1969,41
8/10/2011;1972,21
8/11/2011;1956,79
8/12/2011;1965,21
8/15/2011;1961,6
8/16/2011;1968,84
8/17/2011;1973,84
8/18/2011;1981,36
8/19/2011;1983,28
8/22/2011;1982,04
8/23/2011;1977,07
8/24/2011;1966,21
8/25/2011;1970,51
8/26/2011;1974,71
8/29/2011;1968,02
8/30/2011;1977,03
8/31/2011;1971,91
9/1/2011;1978,83
9/2/2011;1991,62
9/5/2011;1991,62
9/6/2011;1994,06
9/7/2011;1987,78
9/8/2011;1992,14
9/9/2011;1998,54
9/12/2011;1997
9/13/2011;1990,96
9/14/2011;1990,96
9/15/2011;1985,49
9/16/2011;1986,86
9/19/2011;2000,13
9/20/2011;1998,82
9/21/2011;2007,5
9/22/2011;2024,84
9/23/2011;2015,3
9/26/2011;2005,08
9/27/2011;1994,89
9/28/2011;1996,79
9/29/2011;2002,34
9/30/2011;2006,35
10/3/2011;2021,06
10/4/2011;2020,44
10/5/2011;2009,34
10/6/2011;2002,47
10/7/2011;1994,7
10/10/2011;1994,7
10/11/2011;1986,64
10/12/2011;1980,14
10/13/2011;1987,02
10/14/2011;1982,03
10/17/2011;1989,26
10/18/2011;1989,56
10/19/2011;1988,81
10/20/2011;1986,44
10/21/2011;1983,57
10/24/2011;1981,12
10/25/2011;1992,63
10/26/2011;1985,26
10/27/2011;1967,35
10/28/2011;1976,35
10/31/2011;1989,99
11/1/2011;2006,73
11/2/2011;2005,72
11/3/2011;2000,11
11/4/2011;2002,29
11/7/2011;2007,17
11/8/2011;2000
11/9/2011;2009,99
11/10/2011;2002,16
11/11/2011;2002,16
11/14/2011;2005,21
11/15/2011;2003,78
11/16/2011;2006,9
11/17/2011;2012,88
11/18/2011;2008,06
11/21/2011;2012,89
11/22/2011;2015,94
11/23/2011;2022,54
11/24/2011;2022,54
11/25/2011;2014,07
11/28/2011;2015,75
11/29/2011;2012,31
11/30/2011;2004,84
12/1/2011;2000,26
12/2/2011;2007,94
12/5/2011;2007,34
12/6/2011;2003,13
12/7/2011;2010,47
12/8/2011;2015,31
12/9/2011;2007,03
12/12/2011;2012,11
12/13/2011;2016
12/14/2011;2021,86
12/15/2011;2020,42
12/16/2011;2026,72
12/19/2011;2030,53
12/20/2011;2020,17
12/21/2011;2014,74
12/22/2011;2015,78
12/23/2011;2006,91
12/26/2011;2006,91
12/27/2011;2009,75
12/28/2011;2020,96
12/29/2011;2021,43
12/30/2011;2024,21
1/2/2012;2024,21
1/3/2012;2015,93
1/4/2012;2012,86
1/5/2012;2013,02
1/6/2012;2016,34
1/9/2012;2016,94
1/10/2012;2016,38
1/11/2012;2022,62
1/12/2012;2020,31
1/13/2012;2027,52
1/16/2012;2027,52
1/17/2012;2028,95
1/18/2012;2023,96
1/19/2012;2016,88
1/20/2012;2011,36
1/23/2012;2008,12
1/24/2012;2008,15
1/25/2012;2013,54
1/26/2012;2020,18
1/27/2012;2022,78
1/30/2012;2028,87
1/31/2012;2032,77
2/1/2012;2027,56
2/2/2012;2028,71
2/3/2012;2017,05
2/6/2012;2022,41
2/7/2012;2016,61
2/8/2012;2015,99
2/9/2012;2011,53
2/10/2012;2018,25
2/13/2012;2016,01
2/14/2012;2021,73
2/15/2012;2020,85
2/16/2012;2014,46
2/17/2012;2013,19
2/20/2012;2013,19
2/21/2012;2010,13
2/22/2012;2014,54
2/23/2012;2016,21
2/24/2012;2016,76
2/27/2012;2022,65
2/28/2012;2021,89
2/29/2012;2018,29
3/1/2012;2013,04
3/2/2012;2018,02
3/5/2012;2015,59
3/6/2012;2021,59
3/7/2012;2018,32
3/8/2012;2013,99
3/9/2012;2011,69
3/12/2012;2012,6
3/13/2012;2005,25
3/14/2012;1989,6
3/15/2012;1990,3
3/16/2012;1989,12
3/19/2012;1982,34
3/20/2012;1982,59
3/21/2012;1989,83
3/22/2012;1991,87
3/23/2012;1995,88
3/26/2012;1995,71
3/27/2012;2000,6
3/28/2012;2000,18
3/29/2012;2003,54
3/30/2012;1998,04
4/2/2012;1999,91
4/3/2012;1991,99
4/4/2012;1996,22
4/5/2012;2001,73
4/6/2012;2012,98
4/9/2012;2015,1
4/10/2012;2020,1
4/11/2012;2016,43
4/12/2012;2014,6
4/13/2012;2019,57
4/16/2012;2022,46
4/17/2012;2019,16
4/18/2012;2021,67
4/19/2012;2023,69
4/20/2012;2022,08
4/23/2012;2026,34
4/24/2012;2023,71
4/25/2012;2021,76
4/26/2012;2023,82
4/27/2012;2025,63
4/30/2012;2027,1
5/1/2012;2022,96
5/2/2012;2026,44
5/3/2012;2026,63
5/4/2012;2030,63
5/7/2012;2031,28
5/8/2012;2034,71
5/9/2012;2034,23
5/10/2012;2032,99
5/11/2012;2036,62
5/14/2012;2041,64
5/15/2012;2042,11
5/16/2012;2043,33
5/17/2012;2049,32
5/18/2012;2049,55
5/21/2012;2048,58
5/22/2012;2042,15
5/23/2012;2049,58
5/24/2012;2045,41
5/25/2012;2046,11
5/28/2012;2046,11
5/29/2012;2047,08
5/30/2012;2057,94
5/31/2012;2061,85
6/1/2012;2072,35
6/4/2012;2067,44
6/5/2012;2064,41
6/6/2012;2055,78
6/7/2012;2054,5
6/8/2012;2054,62
6/11/2012;2058,55
6/12/2012;2052,68
6/13/2012;2058,2
6/14/2012;2057,44
6/15/2012;2060,21
6/18/2012;2060,88
6/19/2012;2057,2
6/20/2012;2055,47
6/21/2012;2058,45
6/22/2012;2053,02
6/25/2012;2059,76
6/26/2012;2057,95
6/27/2012;2058,7
6/28/2012;2062,44
6/29/2012;2054,68
7/2/2012;2062,85
7/3/2012;2057,9
7/4/2012;2057,9
7/5/2012;2060,84
7/6/2012;2065,85
7/9/2012;2069,51
7/10/2012;2071,11
7/11/2012;2071,18
7/12/2012;2073,04
7/13/2012;2071,58
7/16/2012;2075,96
7/17/2012;2072,13
7/18/2012;2074,48
7/19/2012;2071,55
7/20/2012;2077,05
7/23/2012;2079,99
7/24/2012;2083,16
7/25/2012;2083,02
7/26/2012;2080,87
7/27/2012;2067,88
7/30/2012;2074,12
7/31/2012;2075,36
8/1/2012;2070,73
8/2/2012;2076,53
8/3/2012;2066,75
8/6/2012;2069,22
8/7/2012;2062,14
8/8/2012;2060,11
8/9/2012;2059,52
8/10/2012;2062,83
8/13/2012;2062,66
8/14/2012;2055,68
8/15/2012;2048,52
8/16/2012;2045,3
8/17/2012;2047,15
8/20/2012;2048,08
8/21/2012;2049,09
8/22/2012;2057,56
8/23/2012;2061,73
8/24/2012;2060,28
8/27/2012;2063,47
8/28/2012;2064,75
8/29/2012;2063,11
8/30/2012;2066,78
8/31/2012;2072,69
9/3/2012;2072,69
9/4/2012;2071,53
9/5/2012;2070,49
9/6/2012;2062,37
9/7/2012;2062,95
9/10/2012;2061,48
9/11/2012;2061
9/12/2012;2055,26
9/13/2012;2055,8
9/14/2012;2045,76
9/17/2012;2048,85
9/18/2012;2050,96
9/19/2012;2053,34
9/20/2012;2054,15
9/21/2012;2055,31
9/24/2012;2059,06
9/25/2012;2062,12
9/26/2012;2067,87
9/27/2012;2065,76
9/28/2012;2066,35
10/1/2012;2067,43
10/2/2012;2068,42
10/3/2012;2067,99
10/4/2012;2063,9
10/5/2012;2057,07
10/8/2012;2057,07
10/9/2012;2059,27
10/10/2012;2061,7
10/11/2012;2063,66
10/12/2012;2064,72
10/15/2012;2064,71
10/16/2012;2059,33
10/17/2012;2051,15
10/18/2012;2049,87
10/19/2012;2054,78
10/22/2012;2052,87
10/23/2012;2055,94
10/24/2012;2055,5
10/25/2012;2050,09
10/26/2012;2056,49
10/29/2012;2059,5
10/30/2012;2059,5
10/31/2012;2062,85
11/1/2012;2059,79
11/2/2012;2058,64
11/5/2012;2063,04
11/6/2012;2058,04
11/7/2012;2067,79
11/8/2012;2071,63
11/9/2012;2072,77
11/12/2012;2072,77
11/13/2012;2075,58
11/14/2012;2075,41
11/15/2012;2075,61
11/16/2012;2076,45
11/19/2012;2073,34
11/20/2012;2069,45
11/21/2012;2066,92
11/22/2012;2066,92
11/23/2012;2066,32
11/26/2012;2069,41
11/27/2012;2070,88
11/28/2012;2073,1
11/29/2012;2072,65
11/30/2012;2073,58
12/3/2012;2072,37
12/4/2012;2074,34
12/5/2012;2075,5
12/6/2012;2076,53
12/7/2012;2072,68
12/10/2012;2073,85
12/11/2012;2071,23
12/12/2012;2067,29
12/13/2012;2065,16
12/14/2012;2067,04
12/17/2012;2062,33
12/18/2012;2056,02
12/19/2012;2058,73
12/20/2012;2058,61
12/21/2012;2062,8
12/24/2012;2061,32
12/25/2012;2061,32
12/26/2012;2062,36
12/27/2012;2066,88
12/28/2012;2067,3
12/31/2012;2064,56
1/1/2013;2064,56
1/2/2013;2056,83
1/3/2013;2051,67
1/4/2013;2050,59
1/7/2013;2051,85
1/8/2013;2054,68
1/9/2013;2056,96
1/10/2013;2053,91
1/11/2013;2055,65
1/14/2013;2057,04
1/15/2013;2059,45
1/16/2013;2059,64
1/17/2013;2055,04
1/18/2013;2057,76
1/21/2013;2057,76
1/22/2013;2059,43
1/23/2013;2059,29
1/24/2013;2058,6
1/25/2013;2049,46
1/28/2013;2047,63
1/29/2013;2047
1/30/2013;2045,89
1/31/2013;2047,89
2/1/2013;2045,66
2/4/2013;2049,32
2/5/2013;2045,83
2/6/2013;2049,67
2/7/2013;2051,07
2/8/2013;2050,43
2/11/2013;2051,2
2/12/2013;2047,82
2/13/2013;2044,84
2/14/2013;2049,02
2/15/2013;2048,09
2/18/2013;2048,09
2/19/2013;2046,46
2/20/2013;2047,12
2/21/2013;2050,78
2/22/2013;2051,56
2/25/2013;2057,62
2/26/2013;2059,13
2/27/2013;2057,54
2/28/2013;2058,71
3/1/2013;2061,03
3/4/2013;2059,52
3/5/2013;2058,05
3/6/2013;2054,33
3/7/2013;2049,88
3/8/2013;2045,02
3/11/2013;2045,22
3/12/2013;2048,07
3/13/2013;2048,03
3/14/2013;2046,83
3/15/2013;2049,83
3/18/2013;2053,31
3/19/2013;2057,49
3/20/2013;2055,06
3/21/2013;2055,72
3/22/2013;2056,8
3/25/2013;2057,1
3/26/2013;2058,18
3/27/2013;2061,95
3/28/2013;2060,73
3/29/2013;2060,73
4/1/2013;2062,85
4/2/2013;2061,3
4/3/2013;2065,67
4/4/2013;2070,9
4/5/2013;2077,14
4/8/2013;2074,14
4/9/2013;2072,74
4/10/2013;2067,7
4/11/2013;2068,81
4/12/2013;2074,37
4/15/2013;2076,63
4/16/2013;2074,96
4/17/2013;2076,34
4/18/2013;2077,63
4/19/2013;2076,01
4/22/2013;2077,03
4/23/2013;2076,64
4/24/2013;2077,04
4/25/2013;2075,93
4/26/2013;2080,1
4/29/2013;2079,69
4/30/2013;2079,05
5/1/2013;2082,62
5/2/2013;2083,38
5/3/2013;2073,08
5/6/2013;2071,03
5/7/2013;2070
5/8/2013;2071,81
5/9/2013;2070,67
5/10/2013;2063,13
5/13/2013;2061,76
5/14/2013;2059,11
5/15/2013;2060,02
5/16/2013;2066,48
5/17/2013;2059,49
5/20/2013;2059,01
5/21/2013;2060,79
5/22/2013;2054,62
5/23/2013;2055,13
5/24/2013;2056,15
5/27/2013;2056,15
5/28/2013;2045,97
5/29/2013;2046,61
5/30/2013;2046,2
5/31/2013;2043,55
6/3/2013;2046,04
6/4/2013;2044,43
6/5/2013;2047,5
6/6/2013;2049,67
6/7/2013;2041,64
6/10/2013;2037,77
6/11/2013;2039,52
6/12/2013;2036,38
6/13/2013;2041
6/14/2013;2046,52
6/17/2013;2043,28
6/18/2013;2043,36
6/19/2013;2031,73
6/20/2013;2023,26
6/21/2013;2015,82
6/24/2013;2014,11
6/25/2013;2010,52
6/26/2013;2014,81
6/27/2013;2019,74
6/28/2013;2021,06
7/1/2013;2021,42
7/2/2013;2022,97
7/3/2013;2020,04
7/4/2013;2020,04
7/5/2013;2003,6
7/8/2013;2009,94
7/9/2013;2010,48
7/10/2013;2007,66
7/11/2013;2016,37
7/12/2013;2013,72
7/15/2013;2017,85
7/16/2013;2019,95
7/17/2013;2023,36
7/18/2013;2019,8
7/19/2013;2023,95
7/22/2013;2024,67
7/23/2013;2022,47
7/24/2013;2016,94
7/25/2013;2015,96
7/26/2013;2020,65
7/29/2013;2018,64
7/30/2013;2017,62
7/31/2013;2018,86
8/1/2013;2008,45
8/2/2013;2018,25
8/5/2013;2015,57
8/6/2013;2015,5
8/7/2013;2018,8
8/8/2013;2020,16
8/9/2013;2020,24
8/12/2013;2018,67
8/13/2013;2009,86
8/14/2013;2010,47
8/15/2013;2006,83
8/16/2013;2001,46
8/19/2013;1997,73
8/20/2013;2003
8/21/2013;1999,18
8/22/2013;1995,28
8/23/2013;2001,13
8/26/2013;2003,23
8/27/2013;2010,03
8/28/2013;2005,29
8/29/2013;2008,33
8/30/2013;2009,05
9/2/2013;2009,05
9/3/2013;2001,43
9/4/2013;1997,07
9/5/2013;1989,24
9/6/2013;1993,18
9/9/2013;1997,87
9/10/2013;1993,03
9/11/2013;1996,89
9/12/2013;1997,83
9/13/2013;1998,12
9/16/2013;2000,93
9/17/2013;2003,4
9/18/2013;2015,82
9/19/2013;2012,01
9/20/2013;2013,64
9/23/2013;2015,4
9/24/2013;2020,54
9/25/2013;2023,21
9/26/2013;2020,74
9/27/2013;2022,68
9/30/2013;2023,1
10/1/2013;2020,47
10/2/2013;2022,7
10/3/2013;2023,98
10/4/2013;2020,75
10/7/2013;2022,03
10/8/2013;2020,99
10/9/2013;2020,32
10/10/2013;2018,82
10/11/2013;2019,9
10/14/2013;2019,9
10/15/2013;2017,6
10/16/2013;2021,9
10/17/2013;2028,49
10/18/2013;2028
10/21/2013;2026,52
10/22/2013;2033,46
10/23/2013;2035,22
10/24/2013;2032,7
10/25/2013;2034,47
10/28/2013;2034,18
10/29/2013;2034,36
10/30/2013;2033,06
10/31/2013;2032,86
11/1/2013;2027,43
11/4/2013;2029,09
11/5/2013;2024,85
11/6/2013;2026,78
11/7/2013;2029,58
11/8/2013;2019,65
11/11/2013;2019,65
11/12/2013;2017,86
11/13/2013;2021,6
11/14/2013;2025,84
11/15/2013;2025,29
11/18/2013;2028,32
11/19/2013;2025,23
11/20/2013;2020,85
11/21/2013;2021,79
11/22/2013;2023,85
11/25/2013;2024,77
11/26/2013;2028,59
11/27/2013;2026,29
11/28/2013;2026,29
11/29/2013;2026,21
12/2/2013;2021,84
12/3/2013;2024,1
12/4/2013;2018,93
12/5/2013;2017,22
12/6/2013;2015,9
12/9/2013;2017,6
12/10/2013;2022,41
12/11/2013;2018,72
12/12/2013;2015,86
12/13/2013;2016,81
12/16/2013;2016,29
12/17/2013;2019,15
12/18/2013;2016,69
12/19/2013;2013,07
12/20/2013;2015,24
12/23/2013;2013,07
12/24/2013;2008,51
12/25/2013;2008,51
12/26/2013;2007,77
12/27/2013;2007,04
12/30/2013;2010,22
12/31/2013;2007,83
1/1/2014;2007,83
1/2/2014;2009,94
1/3/2014;2008,75
1/6/2014;2011,72
1/7/2014;2013,38
1/8/2014;2008,16
1/9/2014;2010,22
1/10/2014;2019,53
1/13/2014;2022,88
1/14/2014;2018,85
1/15/2014;2017,21
1/16/2014;2020,15
1/17/2014;2021,42
1/20/2014;2021,42
1/21/2014;2022,03
1/22/2014;2018,62
1/23/2014;2026,8
1/24/2014;2029,48
1/27/2014;2027,31
1/28/2014;2029,19
1/29/2014;2034,52
1/30/2014;2033,02
1/31/2014;2035,07
2/3/2014;2042,5
2/4/2014;2039,13
2/5/2014;2035,5
2/6/2014;2033,07
2/7/2014;2035,94
2/10/2014;2035,82
2/11/2014;2032,66
2/12/2014;2028,99
2/13/2014;2033,97
2/14/2014;2032,85
2/17/2014;2032,85
2/18/2014;2036,33
2/19/2014;2033,76
2/20/2014;2031,77
2/21/2014;2033,52
2/24/2014;2032,3
2/25/2014;2036,47
2/26/2014;2039,05
2/27/2014;2041,85
2/28/2014;2040,61
3/3/2014;2044,9
3/4/2014;2038,02
3/5/2014;2037,68
3/6/2014;2034,15
3/7/2014;2029,09
3/10/2014;2029,85
3/11/2014;2031,43
3/12/2014;2034,61
3/13/2014;2040,81
3/14/2014;2041,23
3/17/2014;2037,43
3/18/2014;2038,92
3/19/2014;2029,64
3/20/2014;2029,28
3/21/2014;2031,18
3/24/2014;2032,04
3/25/2014;2032,67
3/26/2014;2036,14
3/27/2014;2038,06
3/28/2014;2034,83
3/31/2014;2034,78
4/1/2014;2032,42
4/2/2014;2027,92
4/3/2014;2029,11
4/4/2014;2035,07
4/7/2014;2038,15
4/8/2014;2039,35
4/9/2014;2040,29
4/10/2014;2046,03
4/11/2014;2047,43
4/14/2014;2045,8
4/15/2014;2046,24
4/16/2014;2045,03
4/17/2014;2038,66
4/18/2014;2038,66
4/21/2014;2038,79
4/22/2014;2038,69
4/23/2014;2042,1
4/24/2014;2042,2
4/25/2014;2043,95
4/28/2014;2043,5
4/29/2014;2041,56
4/30/2014;2046,01
5/1/2014;2049,66
5/2/2014;2050,05
5/5/2014;2048,57
5/6/2014;2049,89
5/7/2014;2050,82
5/8/2014;2052,31
5/9/2014;2050,43
5/12/2014;2047,92
5/13/2014;2051,51
5/14/2014;2057,99
5/15/2014;2061,21
5/16/2014;2060,02
5/19/2014;2059,11
5/20/2014;2061,45
5/21/2014;2058,83
5/22/2014;2056,91
5/23/2014;2059,18
5/26/2014;2059,18
5/27/2014;2061
5/28/2014;2067,69
5/29/2014;2066,33
5/30/2014;2065,28
6/2/2014;2058,84
6/3/2014;2054,18
6/4/2014;2053,41
6/5/2014;2055,33
6/6/2014;2053,6
6/9/2014;2051,88
6/10/2014;2049,76
6/11/2014;2050,21
6/12/2014;2055,05
6/13/2014;2052,9
6/16/2014;2053,37
6/17/2014;2048,54
6/18/2014;2051,56
6/19/2014;2051,45
6/20/2014;2051,28
6/23/2014;2051,63
6/24/2014;2054,67
6/25/2014;2057,46
6/26/2014;2060,99
6/27/2014;2060,46
6/30/2014;2062,34
7/1/2014;2058,08
7/2/2014;2052,06
7/3/2014;2049,69
7/4/2014;2049,69
7/7/2014;2052,3
7/8/2014;2056,78
7/9/2014;2058,89
7/10/2014;2060,58
7/11/2014;2061,92
7/14/2014;2059,39
7/15/2014;2058,64
7/16/2014;2059,06
7/17/2014;2064,63
7/18/2014;2063,44
7/21/2014;2064,16
7/22/2014;2065,92
7/23/2014;2066,2
7/24/2014;2061,9
7/25/2014;2065,42
7/28/2014;2063,56
7/29/2014;2066,42
7/30/2014;2058,8
7/31/2014;2058,98
8/1/2014;2064,67
8/4/2014;2065,91
8/5/2014;2066,65
8/6/2014;2067,33
8/7/2014;2071,72
8/8/2014;2071,63
8/11/2014;2071,28
8/12/2014;2069,63
8/13/2014;2072,88
8/14/2014;2075,88
8/15/2014;2080,13
8/18/2014;2076,18
8/19/2014;2074,39
8/20/2014;2071,82
8/21/2014;2073,63
8/22/2014;2073,57
8/25/2014;2074,67
8/26/2014;2074,72
8/27/2014;2077,91
8/28/2014;2080,85
8/29/2014;2080,7
9/1/2014;2080,7
9/2/2014;2073,42
9/3/2014;2074,32
9/4/2014;2070,82
9/5/2014;2070,52
9/8/2014;2070,06
9/9/2014;2067,15
9/10/2014;2064,43
9/11/2014;2065,34
9/12/2014;2058,62
9/15/2014;2060,87
9/16/2014;2061,41
9/17/2014;2059,42
9/18/2014;2057,44
9/19/2014;2061,05
9/22/2014;2063,74
9/23/2014;2066,93
9/24/2014;2063,88
9/25/2014;2069,57
9/26/2014;2067,34
9/29/2014;2071,06
9/30/2014;2069,31
10/1/2014;2079,56
10/2/2014;2076,7
10/3/2014;2075,42
10/6/2014;2078,37
10/7/2014;2085,1
10/8/2014;2088,49
10/9/2014;2088,89
10/10/2014;2090,89
10/13/2014;2090,89
10/14/2014;2101,07
10/15/2014;2112,5
10/16/2014;2106,25
10/17/2014;2101,85
10/20/2014;2104,03
10/21/2014;2102,22
10/22/2014;2099,88
10/23/2014;2095,24
10/24/2014;2095,32
10/27/2014;2097,02
10/28/2014;2094,81
10/29/2014;2090,45
10/30/2014;2092,28
10/31/2014;2089,47
11/3/2014;2088,4
11/4/2014;2089,15
11/5/2014;2088,62
11/6/2014;2085,94
11/7/2014;2092,09
11/10/2014;2087,61
11/11/2014;2087,61
11/12/2014;2088,46
11/13/2014;2089,99
11/14/2014;2092,45
11/17/2014;2090,91
11/18/2014;2092,6
11/19/2014;2090,04
11/20/2014;2091,98
11/21/2014;2094,02
11/24/2014;2095,04
11/25/2014;2099,64
11/26/2014;2102,06
11/27/2014;2102,06
11/28/2014;2106,32
12/1/2014;2103,93
12/2/2014;2097,4
12/3/2014;2097,22
12/4/2014;2100,3
12/5/2014;2094,06
12/8/2014;2098,78
12/9/2014;2102,29
12/10/2014;2107,72
12/11/2014;2106,35
12/12/2014;2114,28
12/15/2014;2112,53
12/16/2014;2117,33
12/17/2014;2109,72
12/18/2014;2104,2
12/19/2014;2106,36
12/22/2014;2107,56
12/23/2014;2098,51
12/24/2014;2099,02
12/25/2014;2099,02
12/26/2014;2100,16
12/29/2014;2104,8
12/30/2014;2107,22
12/31/2014;2109,32
1/1/2015;2109,32
1/2/2015;2114,32
1/5/2015;2122,26
1/6/2015;2130,68
1/7/2015;2132,46
1/8/2015;2126,67
1/9/2015;2131,89
1/12/2015;2138,64
1/13/2015;2141,1
1/14/2015;2146,57
1/15/2015;2153,25
1/16/2015;2148,18
1/19/2015;2148,18
1/20/2015;2149,98
1/21/2015;2145,3
1/22/2015;2141,24
1/23/2015;2148,54
1/26/2015;2147,17
1/27/2015;2147,96
1/28/2015;2158,54
1/29/2015;2155,49
1/30/2015;2163,88
2/2/2015;2164,11
2/3/2015;2152,37
2/4/2015;2151,22
2/5/2015;2148,71
2/6/2015;2133,98
2/9/2015;2133,14
2/10/2015;2128,89
2/11/2015;2129,34
2/12/2015;2129,98
2/13/2015;2126,21
2/16/2015;2126,21
2/17/2015;2114,68
2/18/2015;2122,79
2/19/2015;2118,34
2/20/2015;2116,24
2/23/2015;2124,52
2/24/2015;2132,31
2/25/2015;2133,72
2/26/2015;2128,47
2/27/2015;2130,46
3/2/2015;2121,8
3/3/2015;2118,34
3/4/2015;2119,01
3/5/2015;2120,83
3/6/2015;2106,97
3/9/2015;2111,95
3/10/2015;2118,81
3/11/2015;2120,9
3/12/2015;2123,18
3/13/2015;2122,18
3/16/2015;2123,94
3/17/2015;2127,8
3/18/2015;2140,38
3/19/2015;2137,07
3/20/2015;2142,23
3/23/2015;2143,39
3/24/2015;2147,55
3/25/2015;2143,53
3/26/2015;2134,78
3/27/2015;2142,2
3/30/2015;2140,58
3/31/2015;2143,9
4/1/2015;2150,71
4/2/2015;2146,62
4/3/2015;2154,35
4/6/2015;2147,36
4/7/2015;2148,27
4/8/2015;2148,44
4/9/2015;2141,26
4/10/2015;2141,4
4/13/2015;2143,59
4/14/2015;2147,65
4/15/2015;2148,26
4/16/2015;2150,18
4/17/2015;2152,89
4/20/2015;2147,59
4/21/2015;2146,15
4/22/2015;2139,52
4/23/2015;2142,49
4/24/2015;2145,51
4/27/2015;2145,02
4/28/2015;2139,88
4/29/2015;2134,01
4/30/2015;2132,62
5/1/2015;2124,86
5/4/2015;2123,2
5/5/2015;2118,83
5/6/2015;2112,67
5/7/2015;2118,15
5/8/2015;2122,36
5/11/2015;2110,26
5/12/2015;2112,2
5/13/2015;2110,36
5/14/2015;2113,98
5/15/2015;2123,18
5/18/2015;2114,49
5/19/2015;2110,64
5/20/2015;2112,07
5/21/2015;2118,37
5/22/2015;2113,35
5/25/2015;2113,35
5/26/2015;2122,93
5/27/2015;2123,31
5/28/2015;2124,58
5/29/2015;2128,78
6/1/2015;2118,42
6/2/2015;2111,69
6/3/2015;2102,81
6/4/2015;2109,27
6/5/2015;2099,49
6/8/2015;2102,3
6/9/2015;2098,39
6/10/2015;2092,74
6/11/2015;2101,77
6/12/2015;2101,55
6/15/2015;2104,41
6/16/2015;2108,21
6/17/2015;2109,59
6/18/2015;2105,61
6/19/2015;2113,73
6/22/2015;2104,46
6/23/2015;2099,97
6/24/2015;2104,44
6/25/2015;2102,95
6/26/2015;2095,03
6/29/2015;2110,37
6/30/2015;2109,99
7/1/2015;2100,9
7/2/2015;2104,54
7/3/2015;2104,54
7/6/2015;2116,71
7/7/2015;2121,58
7/8/2015;2125,28
7/9/2015;2115
7/10/2015;2103,11
7/13/2015;2102,31
7/14/2015;2105,54
7/15/2015;2111,12
7/16/2015;2110,55
7/17/2015;2111,46
7/20/2015;2108,46
7/21/2015;2112,03
7/22/2015;2114,18
7/23/2015;2118,96
7/24/2015;2120,26
7/27/2015;2124,98
7/28/2015;2122,95
7/29/2015;2120,58
7/30/2015;2121,7
7/31/2015;2127,58
8/3/2015;2133,64
8/4/2015;2127,33
8/5/2015;2121,74
8/6/2015;2125,66
8/7/2015;2131,58
8/10/2015;2125,61
8/11/2015;2136,37
8/12/2015;2137,01
8/13/2015;2131
8/14/2015;2130,22
8/17/2015;2135,2
8/18/2015;2130,39
8/19/2015;2137,77
8/20/2015;2141,99
8/21/2015;2145,36
8/24/2015;2151,35
8/25/2015;2136,46
8/26/2015;2132,34
8/27/2015;2133,55
8/28/2015;2130,85
8/31/2015;2128,51
9/1/2015;2130,81
9/2/2015;2128,18
9/3/2015;2131,33
9/4/2015;2136
9/7/2015;2136
9/8/2015;2128,71
9/9/2015;2130,95
9/10/2015;2127,47
9/11/2015;2132,34
9/14/2015;2132,61
9/15/2015;2120,57
9/16/2015;2118,23
9/17/2015;2128,27
9/18/2015;2137,93
9/21/2015;2128,83
9/22/2015;2138,69
9/23/2015;2137,44
9/24/2015;2140,75
9/25/2015;2135,82
9/28/2015;2144,5
9/29/2015;2148,38
9/30/2015;2147,19
10/1/2015;2148,86
10/2/2015;2155,66
10/5/2015;2148,35
10/6/2015;2150,88
10/7/2015;2148,43
10/8/2015;2143,3
10/9/2015;2143,79
10/12/2015;2143,79
10/13/2015;2148,96
10/14/2015;2157,77
10/15/2015;2152,79
10/16/2015;2152,59
10/19/2015;2151,82
10/20/2015;2146,82
10/21/2015;2151,66
10/22/2015;2153,06
10/23/2015;2146,67
10/26/2015;2149,62
10/27/2015;2153,09
10/28/2015;2146,06
10/29/2015;2137,12
10/30/2015;2139,33
11/2/2015;2135,92
11/3/2015;2131,67
11/4/2015;2129,54
11/5/2015;2127,99
11/6/2015;2118,2
11/9/2015;2117,47
11/10/2015;2120,3
11/11/2015;2120,3
11/12/2015;2119,78
11/13/2015;2123,79
11/16/2015;2124,53
11/17/2015;2126,06
11/18/2015;2125,47
11/19/2015;2127,99
11/20/2015;2126,13
11/23/2015;2127,58
11/24/2015;2128,43
11/25/2015;2129,48
11/26/2015;2129,48
11/27/2015;2129,97
11/30/2015;2130,58
12/1/2015;2138,32
12/2/2015;2136,94
12/3/2015;2120,88
12/4/2015;2126,46
12/7/2015;2132,74
12/8/2015;2130,82
12/9/2015;2134,08
12/10/2015;2131,06
12/11/2015;2142,77
12/14/2015;2133,41
12/15/2015;2129,18
12/16/2015;2125,96
12/17/2015;2131,39
12/18/2015;2135,88
12/21/2015;2135,8
12/22/2015;2130,94
12/23/2015;2128,23
12/24/2015;2130,45
12/25/2015;2130,45
12/28/2015;2132,54
12/29/2015;2122,96
12/30/2015;2123,4
12/31/2015;2127,09
1/1/2016;2127,09
1/4/2016;2130,74
1/5/2016;2129,84
1/6/2016;2138,64
1/7/2016;2141,7
1/8/2016;2144,08
1/11/2016;2142,47
1/12/2016;2149,61
1/13/2016;2153,58
1/14/2016;2150,36
1/15/2016;2158,86
1/18/2016;2158,86
1/19/2016;2158,93
1/20/2016;2165,64
1/21/2016;2162,08
1/22/2016;2158,32
1/25/2016;2160,89
1/26/2016;2164,08
1/27/2016;2163,99
1/28/2016;2165,7
1/29/2016;2172,39
2/1/2016;2167,87
2/2/2016;2180,6
2/3/2016;2179,34
2/4/2016;2181,52
2/5/2016;2182,8
2/8/2016;2196,7
2/9/2016;2196,37
2/10/2016;2199
2/11/2016;2204,93
2/12/2016;2193,63
2/15/2016;2193,63
2/16/2016;2190,38
2/17/2016;2184,71
2/18/2016;2191,98
2/19/2016;2192,59
2/22/2016;2191,03
2/23/2016;2193,96
2/24/2016;2194,12
2/25/2016;2199,44
2/26/2016;2189,49
2/29/2016;2191,75
3/1/2016;2179,84
3/2/2016;2179,26
3/3/2016;2182,4
3/4/2016;2176,11
3/7/2016;2174,82
3/8/2016;2182,62
3/9/2016;2177,1
3/10/2016;2173,26
3/11/2016;2167,78
3/14/2016;2169,41
3/15/2016;2169,86
3/16/2016;2174,06
3/17/2016;2178,68
3/18/2016;2182,43
3/21/2016;2176,22
3/22/2016;2175,2
3/23/2016;2183,43
3/24/2016;2181,17
3/25/2016;2181,17
3/28/2016;2184,04
3/29/2016;2191,37
3/30/2016;2189,71
3/31/2016;2195,22
4/1/2016;2193,61
4/4/2016;2195,81
4/5/2016;2202,8
4/6/2016;2199,47
4/7/2016;2208,01
4/8/2016;2203,85
4/11/2016;2204,08
4/12/2016;2197,69
4/13/2016;2199,81
4/14/2016;2197,16
4/15/2016;2201,27
4/18/2016;2198,99
4/19/2016;2197,3
4/20/2016;2188,61
4/21/2016;2186
4/22/2016;2184,27
4/25/2016;2182,51
4/26/2016;2179,28
4/27/2016;2186,79
4/28/2016;2189,59
4/29/2016;2192,91
5/2/2016;2187,02
5/3/2016;2195,11
5/4/2016;2197,45
5/5/2016;2202,29
5/6/2016;2199,47
5/9/2016;2202,22
5/10/2016;2202,33
5/11/2016;2204,94
5/12/2016;2200,39
5/13/2016;2206,11
5/16/2016;2200,23
5/17/2016;2199,52
5/18/2016;2184,96
5/19/2016;2190,5
5/20/2016;2190,27
5/23/2016;2190,66
5/24/2016;2189,01
5/25/2016;2187,04
5/26/2016;2193,49
5/27/2016;2191,81
5/30/2016;2191,81
5/31/2016;2192,85
6/1/2016;2191,64
6/2/2016;2196,26
6/3/2016;2209,58
6/6/2016;2207,37
6/7/2016;2208,99
6/8/2016;2210,15
6/9/2016;2214,01
6/10/2016;2219,05
6/13/2016;2222,43
6/14/2016;2223,22
6/15/2016;2225,8
6/16/2016;2229,69
6/17/2016;2223,68
6/20/2016;2218,11
6/21/2016;2214,93
6/22/2016;2215,9
6/23/2016;2208,7
6/24/2016;2228,51
6/27/2016;2244,5
6/28/2016;2244,42
6/29/2016;2242,94
6/30/2016;2241,26
7/1/2016;2245,92
7/4/2016;2245,92
7/5/2016;2259,08
7/6/2016;2256,27
7/7/2016;2257,19
7/8/2016;2259,66
7/11/2016;2251,77
7/12/2016;2242,09
7/13/2016;2247,94
7/14/2016;2240,06
7/15/2016;2232,71
7/18/2016;2233,91
7/19/2016;2237,12
7/20/2016;2233,93
7/21/2016;2235,94
7/22/2016;2235,64
7/25/2016;2234,8
7/26/2016;2235,95
7/27/2016;2242,6
7/28/2016;2243,12
7/29/2016;2250,34
8/1/2016;2245,2
8/2/2016;2240,6
8/3/2016;2240,38
8/4/2016;2245,74
8/5/2016;2235,05
8/8/2016;2235,37
8/9/2016;2240,49
8/10/2016;2245,16
8/11/2016;2235,76
8/12/2016;2242,81
8/15/2016;2238,17
8/16/2016;2234,94
8/17/2016;2237,39
8/18/2016;2240,85
8/19/2016;2235,25
8/22/2016;2241,08
8/23/2016;2240,36
8/24/2016;2239,76
8/25/2016;2236,96
8/26/2016;2229,1
8/29/2016;2238,73
8/30/2016;2237,3
8/31/2016;2237,97
9/1/2016;2237,91
9/2/2016;2234,18
9/5/2016;2234,18
9/6/2016;2241,83
9/7/2016;2242
9/8/2016;2231,4
9/9/2016;2224
9/12/2016;2225,39
9/13/2016;2217,19
9/14/2016;2222,93
9/15/2016;2221,74
9/16/2016;2221,58
9/19/2016;2222,45
9/20/2016;2223,66
9/21/2016;2225,91
9/22/2016;2230,74
9/23/2016;2233,11
9/26/2016;2236,1
9/27/2016;2240,84
9/28/2016;2239,64
9/29/2016;2241,83
9/30/2016;2235,01
10/3/2016;2233,03
10/4/2016;2225,34
10/5/2016;2221,13
10/6/2016;2217,86
10/7/2016;2217,85
10/10/2016;2217,85
10/11/2016;2215,13
10/12/2016;2213,24
10/13/2016;2218,62
10/14/2016;2211,54
10/17/2016;2215,91
10/18/2016;2218,11
10/19/2016;2218,06
10/20/2016;2218,73
10/21/2016;2219,26
10/24/2016;2216,75
10/25/2016;2217,67
10/26/2016;2213,96
10/27/2016;2207,41
10/28/2016;2207,53
10/31/2016;2210,41
11/1/2016;2213,14
11/2/2016;2215,17
11/3/2016;2213,09
11/4/2016;2216,62
11/7/2016;2211,76
11/8/2016;2207,19
11/9/2016;2182,11
11/10/2016;2175,72
11/11/2016;2175,72
11/14/2016;2163,98
11/15/2016;2162,4
11/16/2016;2165,25
11/17/2016;2159,2
11/18/2016;2153,69
11/21/2016;2153,42
11/22/2016;2154,68
11/23/2016;2150,51
11/24/2016;2150,51
11/25/2016;2150,19
11/28/2016;2155,63
11/29/2016;2158,57
11/30/2016;2151,43
12/1/2016;2142,92
12/2/2016;2149,22
12/5/2016;2149,35
12/6/2016;2148,11
12/7/2016;2153,72
12/8/2016;2149,14
12/9/2016;2141,26
12/12/2016;2141,18
12/13/2016;2140,72
12/14/2016;2135,62
12/15/2016;2131,6
12/16/2016;2129,33
12/19/2016;2135,94
12/20/2016;2133,19
12/21/2016;2136,35
12/22/2016;2135,81
12/23/2016;2137,4
12/26/2016;2137,4
12/27/2016;2134,56
12/28/2016;2141,09
12/29/2016;2144,43
12/30/2016;2149,16
1/2/2017;2149,16
1/3/2017;2148,27
1/4/2017;2148,37
1/5/2017;2159,11
1/6/2017;2153,03
1/9/2017;2158,37
1/10/2017;2158,16
1/11/2017;2159,58
1/12/2017;2159,97
1/13/2017;2157,98
1/16/2017;2157,98
1/17/2017;2165,11
1/18/2017;2157,85
1/19/2017;2150,75
1/20/2017;2151,07
1/23/2017;2159,39
1/24/2017;2151,01
1/25/2017;2145,03
1/26/2017;2147,69
1/27/2017;2150,89
1/30/2017;2150,51
1/31/2017;2154,02
2/1/2017;2151,47
2/2/2017;2152,1
2/3/2017;2149,48
2/6/2017;2158,98
2/7/2017;2161,53
2/8/2017;2166,87
2/9/2017;2160,46
2/10/2017;2158,85
2/13/2017;2156,36
2/14/2017;2151,59
2/15/2017;2147,39
2/16/2017;2153,93
2/17/2017;2157,12
2/20/2017;2157,12
2/21/2017;2157,16
2/22/2017;2157,9
2/23/2017;2161,14
2/24/2017;2169,82
2/27/2017;2164,04
2/28/2017;2164,65
3/1/2017;2151,05
3/2/2017;2148,03
3/3/2017;2148,94
3/6/2017;2148,72
3/7/2017;2146,46
3/8/2017;2141,91
3/9/2017;2137,26
3/10/2017;2139,12
3/13/2017;2136,8
3/14/2017;2138,57
3/15/2017;2149,4
3/16/2017;2147,05
3/17/2017;2149,57
3/20/2017;2153,07
3/21/2017;2157,85
3/22/2017;2162,3
3/23/2017;2160,72
3/24/2017;2163,14
3/27/2017;2165,8
3/28/2017;2161,2
3/29/2017;2164,27
3/30/2017;2160,94
3/31/2017;2163,66
4/3/2017;2169,38
4/4/2017;2168,92
4/5/2017;2168,5
4/6/2017;2170,07
4/7/2017;2166,45
4/10/2017;2168,34
4/11/2017;2176,29
4/12/2017;2176,58
4/13/2017;2183,88
4/14/2017;2183,88
4/17/2017;2181,69
4/18/2017;2190,61
4/19/2017;2188,08
4/20/2017;2183,74
4/21/2017;2184,5
4/24/2017;2180,31
4/25/2017;2173,98
4/26/2017;2175,81
4/27/2017;2177,44
4/28/2017;2178,69
5/1/2017;2173,41
5/2/2017;2177,47
5/3/2017;2176,94
5/4/2017;2171,65
5/5/2017;2172,29
5/8/2017;2169,95
5/9/2017;2166,54
5/10/2017;2166,27
5/11/2017;2167,45
5/12/2017;2174,9
5/15/2017;2174,33
5/16/2017;2175,83
5/17/2017;2188,52
5/18/2017;2186,7
5/19/2017;2186,04
5/22/2017;2185,46
5/23/2017;2181,51
5/24/2017;2183,9
5/25/2017;2185,58
5/26/2017;2185,92
5/29/2017;2185,92
5/30/2017;2190,26
5/31/2017;2192,91
6/1/2017;2191,08
6/2/2017;2197,85
6/5/2017;2194,97
6/6/2017;2198,89
6/7/2017;2195,32
6/8/2017;2193,46
6/9/2017;2192,96
6/12/2017;2191,43
6/13/2017;2191,99
6/14/2017;2200,84
6/15/2017;2198,49
6/16/2017;2199,82
6/19/2017;2196,98
6/20/2017;2202,31
6/21/2017;2202,64
6/22/2017;2203,19
6/23/2017;2204,29
6/26/2017;2205,91
6/27/2017;2199,32
6/28/2017;2197,58
6/29/2017;2192,88
6/30/2017;2189,36
7/3/2017;2184,99
7/4/2017;2184,99
7/5/2017;2186,37
7/6/2017;2182,17
7/7/2017;2179,33
7/10/2017;2182,35
7/11/2017;2183,34
7/12/2017;2188,01
7/13/2017;2185,34
7/14/2017;2187,93
7/17/2017;2189,84
7/18/2017;2194,92
7/19/2017;2195,12
7/20/2017;2195,94
7/21/2017;2199,96
7/24/2017;2197
7/25/2017;2188,17
7/26/2017;2193,36
7/27/2017;2190,07
7/28/2017;2193,2
7/31/2017;2193,01
8/1/2017;2198,34
8/2/2017;2197,82
8/3/2017;2202,33
8/4/2017;2197,63
8/7/2017;2199,13
8/8/2017;2196,16
8/9/2017;2201,81
8/10/2017;2204,99
8/11/2017;2207,97
8/14/2017;2205,21
8/15/2017;2199,85
8/16/2017;2204,52
8/17/2017;2207,77
8/18/2017;2208,21
8/21/2017;2210,44
8/22/2017;2206,67
8/23/2017;2211,74
8/24/2017;2209,01
8/25/2017;2211,28
8/28/2017;2212,67
8/29/2017;2214,85
8/30/2017;2213,95
8/31/2017;2216,75
9/1/2017;2211,94
9/4/2017;2211,94
9/5/2017;2223,34
9/6/2017;2218,79
9/7/2017;2225,03
9/8/2017;2224,89
9/11/2017;2217,36
9/12/2017;2212,55
9/13/2017;2209,85
9/14/2017;2209,84
9/15/2017;2209,3
9/18/2017;2206,15
9/19/2017;2204,98
9/20/2017;2201,35
9/21/2017;2202,08
9/22/2017;2203,87
9/25/2017;2209,05
9/26/2017;2207,66
9/27/2017;2197,99
9/28/2017;2198,83
9/29/2017;2197,75
10/2/2017;2196,82
10/3/2017;2197,24
10/4/2017;2196,98
10/5/2017;2194,68
10/6/2017;2192,67
10/9/2017;2192,67
10/10/2017;2196,32
10/11/2017;2196,17
10/12/2017;2198,55
10/13/2017;2203,59
10/16/2017;2200,32
10/17/2017;2201,66
10/18/2017;2196,68
10/19/2017;2199,25
10/20/2017;2192,05
10/23/2017;2193,52
10/24/2017;2190,32
10/25/2017;2186,34
10/26/2017;2185,31
10/27/2017;2188,43
10/30/2017;2195,34
10/31/2017;2195,09
11/1/2017;2195,25
11/2/2017;2198,97
11/3/2017;2199,27
11/6/2017;2202,53
11/7/2017;2204,58
11/8/2017;2202,49
11/9/2017;2200,91
11/10/2017;2192,66
11/13/2017;2192,49
11/14/2017;2195,01
11/15/2017;2200,6
11/16/2017;2197,32
11/17/2017;2198,09
11/20/2017;2196,57
11/21/2017;2197,65
11/22/2017;2202,36
11/23/2017;2202,36
11/24/2017;2200,4
11/27/2017;2201,55
11/28/2017;2200,85
11/29/2017;2196
11/30/2017;2192,07
12/1/2017;2199,23
12/4/2017;2196,95
12/5/2017;2199,53
12/6/2017;2202,52
12/7/2017;2197,14
12/8/2017;2197,26
12/11/2017;2197,17
12/12/2017;2195,74
12/13/2017;2202,83
12/14/2017;2203,57
12/15/2017;2203,19
12/18/2017;2199,05
12/19/2017;2190,42
12/20/2017;2185,77
12/21/2017;2188,46
12/22/2017;2187,54
12/25/2017;2187,54
12/26/2017;2190,59
12/27/2017;2197,55
12/28/2017;2195,94
12/29/2017;2198,84
1/1/2018;2198,84
1/2/2018;2191,86
1/3/2018;2194,05
1/4/2018;2192,87
1/5/2018;2190,18
1/8/2018;2190,21
1/9/2018;2183,12
1/10/2018;2182,57
1/11/2018;2185,26
1/12/2018;2184,14
1/15/2018;2184,14
1/16/2018;2185,5
1/17/2018;2182,1
1/18/2018;2178,47
1/19/2018;2175,48
1/22/2018;2173,36
1/23/2018;2177,64
1/24/2018;2173,76
1/25/2018;2178,67
1/26/2018;2173,59
1/29/2018;2170,51
1/30/2018;2167,53
1/31/2018;2168,97
2/1/2018;2162,57
2/2/2018;2154,07
2/5/2018;2161,1
2/6/2018;2163,59
2/7/2018;2155,23
2/8/2018;2153,75
2/9/2018;2156,88
2/12/2018;2154,68
2/13/2018;2155,58
2/14/2018;2146,86
2/15/2018;2149,43
2/16/2018;2151,06
2/19/2018;2151,06
2/20/2018;2149,04
2/21/2018;2143,28
2/22/2018;2146,1
2/23/2018;2151,41
2/26/2018;2152,9
2/27/2018;2148,01
2/28/2018;2152,63
3/1/2018;2160,13
3/2/2018;2154,3
3/5/2018;2152,29
3/6/2018;2153,3
3/7/2018;2152,19
3/8/2018;2154,3
3/9/2018;2151,66
3/12/2018;2155,04
3/13/2018;2157,61
3/14/2018;2161,92
3/15/2018;2160,9
3/16/2018;2158,52
3/19/2018;2159,18
3/20/2018;2154,81
3/21/2018;2153,1
3/22/2018;2161,19
3/23/2018;2162,05
3/26/2018;2161,18
3/27/2018;2167,21
3/28/2018;2168,17
3/29/2018;2172,93
3/30/2018;2172,93
4/2/2018;2174,58
4/3/2018;2168,24
4/4/2018;2167,44
4/5/2018;2162,6
4/6/2018;2169,67
4/9/2018;2169,23
4/10/2018;2168,02
4/11/2018;2169,2
4/12/2018;2164,04
4/13/2018;2164,11
4/16/2018;2164,35
4/17/2018;2166,85
4/18/2018;2160,57
4/19/2018;2155,08
4/20/2018;2150,96
4/23/2018;2149,57
4/24/2018;2148,29
4/25/2018;2144,5
4/26/2018;2147,9
4/27/2018;2152,43
4/30/2018;2155,33
5/1/2018;2150,81
5/2/2018;2152,16
5/3/2018;2154,53
5/4/2018;2155,02
5/7/2018;2154,94
5/8/2018;2153,39
5/9/2018;2149,66
5/10/2018;2152,46
5/11/2018;2152,75
5/14/2018;2151,13
5/15/2018;2141,54
5/16/2018;2140,72
5/17/2018;2139,1
5/18/2018;2144,09
5/21/2018;2144,4
5/22/2018;2144,31
5/23/2018;2151,38
5/24/2018;2154,94
5/25/2018;2160,42
5/28/2018;2160,42
5/29/2018;2180,98
5/30/2018;2171,94
5/31/2018;2174,68
6/1/2018;2166,15
6/4/2018;2161,23
6/5/2018;2163,48
6/6/2018;2157,04
6/7/2018;2162,4
6/8/2018;2162,64
6/11/2018;2160,3
6/12/2018;2160,27
6/13/2018;2157,61
6/14/2018;2161,61
6/15/2018;2164,15
6/18/2018;2164,11
6/19/2018;2167,95
6/20/2018;2164,14
6/21/2018;2167,51
6/22/2018;2167,35
6/25/2018;2170,77
6/26/2018;2170,33
6/27/2018;2177,38
6/28/2018;2175,36
6/29/2018;2175,13
7/2/2018;2173,59
7/3/2018;2176,93
7/4/2018;2176,93
7/5/2018;2177,14
7/6/2018;2179,01
7/9/2018;2176,07
7/10/2018;2174,53
7/11/2018;2178,17
7/12/2018;2177,22
7/13/2018;2180,14
7/16/2018;2176,77
7/17/2018;2176,07
7/18/2018;2174,77
7/19/2018;2178,19
7/20/2018;2172,57
7/23/2018;2164,46
7/24/2018;2166,6
7/25/2018;2168,02
7/26/2018;2163,45
7/27/2018;2165,05
7/30/2018;2164,16
7/31/2018;2166,03
8/1/2018;2161,56
8/2/2018;2163,51
8/3/2018;2167,59
8/6/2018;2169,47
8/7/2018;2165,05
8/8/2018;2165,39
8/9/2018;2169,76
8/10/2018;2179,25
8/13/2018;2176,86
8/14/2018;2174,78
8/15/2018;2179,98
8/16/2018;2178,1
8/17/2018;2178,35
8/20/2018;2184,86
8/21/2018;2182,36
8/22/2018;2184,82
8/23/2018;2185,33
8/24/2018;2184,67
8/27/2018;2182,36
8/28/2018;2178,29
8/29/2018;2178,65
8/30/2018;2181,33
8/31/2018;2182,6
9/3/2018;2182,6
9/4/2018;2176,68
9/5/2018;2176,89
9/6/2018;2179,93
9/7/2018;2172,07
9/10/2018;2173,38
9/11/2018;2168,38
9/12/2018;2170,23
9/13/2018;2170,47
9/14/2018;2166,7
9/17/2018;2166,39
9/18/2018;2160,84
9/19/2018;2156,77
9/20/2018;2158,21
9/21/2018;2159,5
9/24/2018;2159,22
9/25/2018;2156,52
9/26/2018;2161,36
9/27/2018;2161,95
9/28/2018;2162,22
10/1/2018;2159,48
10/2/2018;2162,22
10/3/2018;2150,3
10/4/2018;2146,39
10/5/2018;2142,8
10/8/2018;2142,8
10/9/2018;2145,78
10/10/2018;2143,85
10/11/2018;2154,5
10/12/2018;2153,87
10/15/2018;2151,29
10/16/2018;2152,27
10/17/2018;2150,05
10/18/2018;2150,46
10/19/2018;2147,16
10/22/2018;2148,08
10/23/2018;2151,65
10/24/2018;2155,83
10/25/2018;2155
10/26/2018;2161,47
10/29/2018;2160,39
10/30/2018;2157,46
10/31/2018;2151,89
11/1/2018;2154,29
11/2/2018;2145,95
11/5/2018;2148,31
11/6/2018;2147,45
11/7/2018;2147,14
11/8/2018;2145,46
11/9/2018;2150,61
11/12/2018;2150,61
11/13/2018;2156,14
11/14/2018;2159,13
11/15/2018;2158,9
11/16/2018;2164,85
11/19/2018;2167,37
11/20/2018;2168,08
11/21/2018;2166,78
11/22/2018;2166,78
11/23/2018;2167,77
11/26/2018;2166,28
11/27/2018;2167,33
11/28/2018;2168,49
11/29/2018;2169
11/30/2018;2170,99
12/3/2018;2173,83
12/4/2018;2183,09
12/5/2018;2183,09
12/6/2018;2189,3
12/7/2018;2192,21
12/10/2018;2192,62
12/11/2018;2190,53
12/12/2018;2188,47
12/13/2018;2188,18
12/14/2018;2191,46
12/17/2018;2196
12/18/2018;2201,08
12/19/2018;2207,47
12/20/2018;2206,09
12/21/2018;2205,9
12/24/2018;2211,44
12/25/2018;2211,44
12/26/2018;2206,03
12/27/2018;2211,91
12/28/2018;2212,22
12/31/2018;2217,7
1/1/2019;2217,7
1/2/2019;2221,39
1/3/2019;2235,78
1/4/2019;2223,01
1/7/2019;2220,87
1/8/2019;2216,66
1/9/2019;2215,22
1/10/2019;2213,83
1/11/2019;2217,17
1/14/2019;2215,88
1/15/2019;2215,65
1/16/2019;2213,87
1/17/2019;2212,53
1/18/2019;2208,26
1/21/2019;2208,26
1/22/2019;2214,81
1/23/2019;2212,73
1/24/2019;2218,08
1/25/2019;2213,65
1/28/2019;2214,7
1/29/2019;2218,48
1/30/2019;2220,33
1/31/2019;2228,14
2/1/2019;2221,85
2/4/2019;2218,53
2/5/2019;2221,54
2/6/2019;2221,85
2/7/2019;2228,15
2/8/2019;2231,04
2/11/2019;2227,68
2/12/2019;2225,09
2/13/2019;2222,45
2/14/2019;2227,82
2/15/2019;2227,4
2/18/2019;2227,4
2/19/2019;2230,15
2/20/2019;2229,3
2/21/2019;2224,16
2/22/2019;2228,67
2/25/2019;2227,03
2/26/2019;2231,34
2/27/2019;2224,38
2/28/2019;2222,1
3/1/2019;2216,48
3/4/2019;2220,94
3/5/2019;2221,12
3/6/2019;2224,84
3/7/2019;2232,18
3/8/2019;2234,09
3/11/2019;2231,95
3/12/2019;2237,05
3/13/2019;2236,12
3/14/2019;2232,84
3/15/2019;2236,97
3/18/2019;2236,95
3/19/2019;2235,21
3/20/2019;2244,46
3/21/2019;2245,05
3/22/2019;2256,26
3/25/2019;2261,97
3/26/2019;2262,43
3/27/2019;2268,36
3/28/2019;2267,43
3/29/2019;2264,52
4/1/2019;2254,96
4/2/2019;2256,86
4/3/2019;2251,99
4/4/2019;2253
4/5/2019;2254,15
4/8/2019;2252,41
4/9/2019;2254,99
4/10/2019;2257,12
4/11/2019;2253,08
4/12/2019;2247,02
4/15/2019;2248,37
4/16/2019;2244,06
4/17/2019;2244,75
4/18/2019;2249,13
4/19/2019;2249,13
4/22/2019;2246,1
4/23/2019;2248,87
4/24/2019;2254,95
4/25/2019;2253,67
4/26/2019;2257,72
4/29/2019;2254,03
4/30/2019;2258,24
5/1/2019;2258,39
5/2/2019;2253,24
5/3/2019;2255,88
5/6/2019;2260,03
5/7/2019;2266,24
5/8/2019;2262,58
5/9/2019;2265,8
5/10/2019;2266,71
5/13/2019;2273,72
5/14/2019;2271,93
5/15/2019;2277
5/16/2019;2273,61
5/17/2019;2275,38
5/20/2019;2273,32
5/21/2019;2271,26
5/22/2019;2275,43
5/23/2019;2288,65
5/24/2019;2284,12
5/27/2019;2284,12
5/28/2019;2292,25
5/29/2019;2296,94
5/30/2019;2299,01
5/31/2019;2311,31
6/3/2019;2320,2
6/4/2019;2313,58
6/5/2019;2313,2
6/6/2019;2312,77
6/7/2019;2318,97
6/10/2019;2311,65
6/11/2019;2312,14
6/12/2019;2313,59
6/13/2019;2319,09
6/14/2019;2318,89
6/17/2019;2320,23
6/18/2019;2323,27
6/19/2019;2328,78
6/20/2019;2331,99
6/21/2019;2322,91
6/24/2019;2329,89
6/25/2019;2333,08
6/26/2019;2325,61
6/27/2019;2331,79
6/28/2019;2332,64
7/1/2019;2327,69
7/2/2019;2335
7/3/2019;2338,48
7/4/2019;2338,48
7/5/2019;2325,45
7/8/2019;2327,86
7/9/2019;2325,24
7/10/2019;2325,26
7/11/2019;2317,39
7/12/2019;2319,14
7/15/2019;2321,74
7/16/2019;2318,13
7/17/2019;2326
7/18/2019;2329,51
7/19/2019;2327,44
7/22/2019;2328,85
7/23/2019;2324,38
7/24/2019;2327,44
7/25/2019;2323,53
7/26/2019;2323,29
7/29/2019;2326,88
7/30/2019;2326,2
7/31/2019;2329,89
8/1/2019;2349,02
8/2/2019;2353,73
8/5/2019;2371,22
8/6/2019;2372,52
8/7/2019;2381,66
8/8/2019;2376,42
8/9/2019;2374,41
8/12/2019;2389,65
8/13/2019;2383,27
8/14/2019;2398,24
8/15/2019;2406,48
8/16/2019;2405,3
8/19/2019;2394,82
8/20/2019;2400,67
8/21/2019;2397,47
8/22/2019;2391,51
8/23/2019;2403,93
8/26/2019;2401,46
8/27/2019;2410,29
8/28/2019;2413,79
8/29/2019;2407,4
8/30/2019;2409,1
9/2/2019;2409,1
9/3/2019;2415,44
9/4/2019;2416,85
9/5/2019;2400,11
9/6/2019;2403,98
9/9/2019;2393,71
9/10/2019;2380,75
9/11/2019;2377,11
9/12/2019;2368,5
9/13/2019;2352,75
9/16/2019;2361,86
9/17/2019;2365,88
9/18/2019;2369,83
9/19/2019;2372,52
9/20/2019;2375,29
9/23/2019;2382,75
9/24/2019;2392,72
9/25/2019;2378,58
9/26/2019;2386,15
9/27/2019;2388,14
9/30/2019;2388,72
10/1/2019;2393,86
10/2/2019;2400,36
10/3/2019;2410,65
10/4/2019;2413,65
10/7/2019;2407,57
10/8/2019;2409,96
10/9/2019;2402,81
10/10/2019;2392,67
10/11/2019;2380,29
10/14/2019;2380,29
10/15/2019;2378,05
10/16/2019;2380,64
10/17/2019;2379,19
10/18/2019;2380,3
10/21/2019;2374,63
10/22/2019;2378,46
10/23/2019;2379,01
10/24/2019;2378,17
10/25/2019;2372,64
10/28/2019;2365,93
10/29/2019;2368,36
10/30/2019;2374,36
10/31/2019;2390,35
11/1/2019;2384,87
11/4/2019;2376,93
11/5/2019;2366,49
11/6/2019;2373,6
11/7/2019;2357,84
11/8/2019;2356,54
11/11/2019;2356,54
11/12/2019;2360,85
11/13/2019;2366,46
11/14/2019;2374,49
11/15/2019;2371,76
11/18/2019;2375,21
11/19/2019;2378,89
11/20/2019;2385,78
11/21/2019;2381,09
11/22/2019;2380,93
11/25/2019;2383,37
11/26/2019;2387,36
11/27/2019;2383,52
11/28/2019;2383,52
11/29/2019;2383,16
12/2/2019;2373,91
12/3/2019;2392,83
12/4/2019;2382,42
12/5/2019;2380,55
12/6/2019;2374,31
12/9/2019;2376,56
12/10/2019;2376,72
12/11/2019;2382,42
12/12/2019;2367,76
12/13/2019;2379,16
12/16/2019;2370,27
12/17/2019;2370,29
12/18/2019;2365,9
12/19/2019;2368,03
12/20/2019;2367,41
12/23/2019;2364,96
12/24/2019;2368,8
12/25/2019;2368,8
12/26/2019;2369,73
12/27/2019;2374,73
12/30/2019;2372,41
12/31/2019;2369,78
1/1/2020;2369,78
1/2/2020;2374
1/3/2020;2386,77
1/6/2020;2383,1
1/7/2020;2380,72
1/8/2020;2373,52
1/9/2020;2376,69
1/10/2020;2381,76
1/13/2020;2379,36
1/14/2020;2383,7
1/15/2020;2388,09
1/16/2020;2385,54
1/17/2020;2380,96
1/20/2020;2380,96
1/21/2020;2390,85
1/22/2020;2392,34
1/23/2020;2397,33
1/24/2020;2405,37
1/27/2020;2416,46
1/28/2020;2411
1/29/2020;2418,16
1/30/2020;2422,98
1/31/2020;2427,69
2/3/2020;2428,45
2/4/2020;2415,67
2/5/2020;2409,02
2/6/2020;2410,79
2/7/2020;2420,93
2/10/2020;2425,45
2/11/2020;2419,88
2/12/2020;2414,24
2/13/2020;2416,11
2/14/2020;2420,68
2/17/2020;2420,68
2/18/2020;2426
2/19/2020;2424,03
2/20/2020;2430,82
2/21/2020;2439,24
2/24/2020;2453,82
2/25/2020;2461,29
2/26/2020;2464,08
2/27/2020;2467,07
2/28/2020;2492,04
3/2/2020;2497,84
3/3/2020;2506,19
3/4/2020;2509,19
3/5/2020;2519,77
3/6/2020;2562,15
3/9/2020;2596,07
3/10/2020;2547,72
3/11/2020;2538,1
3/12/2020;2531,45
3/13/2020;2512,58
3/16/2020;2554,81
3/17/2020;2511,84
3/18/2020;2465,95
3/19/2020;2491,25
3/20/2020;2519,92
3/23/2020;2554,85
3/24/2020;2549,87
3/25/2020;2544,26
3/26/2020;2551,96
3/27/2020;2562,64
3/30/2020;2571,72
3/31/2020;2564,12
4/1/2020;2574,14
4/2/2020;2576,4
4/3/2020;2582,96
4/6/2020;2570,62
4/7/2020;2563,5
4/8/2020;2561,07
4/9/2020;2566,62
4/10/2020;2566,62
4/13/2020;2561,9
4/14/2020;2561,18
4/15/2020;2580,72
4/16/2020;2587,5
4/17/2020;2576,64
4/20/2020;2582,92
4/21/2020;2592,24
4/22/2020;2584,16
4/23/2020;2585,36
4/24/2020;2588,02
4/27/2020;2577,59
4/28/2020;2584,76
4/29/2020;2581,74
4/30/2020;2580,43
5/1/2020;2578,48
5/4/2020;2578,16
5/5/2020;2574,09
5/6/2020;2564,38
5/7/2020;2579,67
5/8/2020;2570,83
5/11/2020;2562,74
5/12/2020;2571,19
5/13/2020;2577,37
5/14/2020;2584,48
5/15/2020;2581,35
5/18/2020;2563,24
5/19/2020;2567,32
5/20/2020;2572,69
5/21/2020;2572,77
5/22/2020;2575,8
5/25/2020;2575,8
5/26/2020;2567,94
5/27/2020;2569,45
5/28/2020;2564,21
5/29/2020;2573,89
6/1/2020;2568,98
6/2/2020;2565,78
6/3/2020;2554,3
6/4/2020;2545
6/5/2020;2534,76
6/8/2020;2538,46
6/9/2020;2548,58
6/10/2020;2559,78
6/11/2020;2574,83
6/12/2020;2567,71
6/15/2020;2567,91
6/16/2020;2557,72
6/17/2020;2560,35
6/18/2020;2567,62
6/19/2020;2566,67
6/22/2020;2567,02
6/23/2020;2564,96
6/24/2020;2570,29
6/25/2020;2573,24
6/26/2020;2579,69
6/29/2020;2579,1
6/30/2020;2576,3
7/1/2020;2572,51
7/2/2020;2573,5
7/3/2020;2573,5
7/6/2020;2572,13
7/7/2020;2578,81
7/8/2020;2578,88
7/9/2020;2588,8
7/10/2020;2584,9
7/13/2020;2584,21
7/14/2020;2589,15
7/15/2020;2585,68
7/16/2020;2589,68
7/17/2020;2586,18
7/20/2020;2587,71
7/21/2020;2589,26
7/22/2020;2591,78
7/23/2020;2596,2
7/24/2020;2596,69
7/27/2020;2594,49
7/28/2020;2599,49
7/29/2020;2598,21
7/30/2020;2605,11
7/31/2020;2605,74
8/3/2020;2600,39
8/4/2020;2608,62
8/5/2020;2604,23
8/6/2020;2606,4
8/7/2020;2601,81
8/10/2020;2599,57
8/11/2020;2584,64
8/12/2020;2582,43
8/13/2020;2574,91
8/14/2020;2575,13
8/17/2020;2578,15
8/18/2020;2581,3
8/19/2020;2579,55
8/20/2020;2584,78
8/21/2020;2586,61
8/24/2020;2586,67
8/25/2020;2581,33
8/26/2020;2579,18
8/27/2020;2568,06
8/28/2020;2569,83
8/31/2020;2577,2
9/1/2020;2581,16
9/2/2020;2586,42
9/3/2020;2591,55
9/4/2020;2572,81
9/7/2020;2572,81
9/8/2020;2572,81
